Current_SFN_SF	Redund_Ver	PUSCH_TB_Size
4991	0	9
5010	0	51
5011	0	51
5012	0	51
5013	0	51
5014	0	51
5015	0	51
5016	0	51
5017	0	51
5018	0	51
5128	0	253
5158	0	225
5168	0	269
5178	0	269
5208	0	249
5216	0	533
5221	0	249
5224	0	485
5226	0	249
5231	0	249
5236	0	225
5239	2	249
5241	0	249
5246	0	217
5251	0	233
5256	0	217
5273	0	249
5288	0	249
5295	0	285
5296	0	285
5301	0	233
5304	0	453
5306	0	217
5309	2	233
5311	0	241
5312	2	453
5314	2	217
5316	0	217
5321	0	241
5326	0	217
5331	0	249
5336	0	241
5341	0	225
5346	0	241
5351	0	269
5356	0	249
5359	2	269
5361	0	217
5366	0	217
5371	0	269
5378	0	217
5381	0	285
5386	0	285
5393	0	249
5402	0	233
5410	2	233
5416	0	225
5421	0	249
5429	2	249
5430	0	217
5448	0	249
5456	2	249
5478	0	225
5481	0	225
5483	0	225
5486	0	225
5491	0	233
5496	0	241
5499	2	233
5501	0	217
5506	0	253
5511	0	241
5516	0	233
5521	0	249
5524	2	233
5526	0	217
5531	0	217
5536	0	249
5541	0	217
5544	2	249
5552	0	141
5559	0	217
5580	0	217
5581	0	217
5586	0	217
5591	0	249
5596	0	217
5601	0	217
5606	0	241
5611	0	285
5616	0	233
5628	0	233
5636	2	233
5644	0	573
5652	0	621
5664	0	249
5666	0	249
5671	0	249
5676	0	269
5679	0	233
5681	0	285
5684	2	269
5686	0	253
5689	2	285
5690	0	241
5698	0	217
5702	0	217
5717	0	217
5725	2	217
5728	0	253
5738	0	217
5746	0	573
5755	0	217
5756	0	217
5761	0	217
5762	0	249
5766	0	217
5769	0	325
5771	0	249
5774	2	217
5777	2	325
5779	2	249
5782	0	261
5788	0	249
5791	0	217
5796	0	285
5801	0	249
5806	0	285
5811	0	217
5816	0	253
5821	0	9
5822	0	225
5826	0	217
5831	0	233
5836	0	217
5841	0	269
5844	2	217
5850	0	225
5851	0	225
5856	0	249
5861	0	225
5866	0	249
5871	0	285
5874	2	249
5876	0	225
5881	0	269
5886	0	241
5889	2	269
5891	0	225
5896	0	225
5901	0	217
5911	0	217
5919	0	573
5938	0	249
5941	0	249
5946	0	269
5949	2	249
5951	0	253
5953	0	253
5956	0	225
5961	0	225
5967	0	225
5969	2	225
5978	0	225
5993	0	201
6005	0	269
6013	0	249
6016	0	249
6021	0	269
6026	0	241
6029	2	269
6032	0	0
6036	0	253
6041	0	225
6046	0	269
6051	0	241
6054	2	269
6099	0	225
6112	0	241
6158	0	225
6174	0	253
6176	0	217
6181	0	217
6186	0	269
6191	0	217
6194	2	269
6206	0	253
6211	0	253
6216	0	249
6228	0	241
6268	0	209
6276	0	935
6277	0	533
6285	0	225
6286	0	217
6291	0	217
6296	0	225
6301	0	253
6306	0	269
6311	0	217
6313	0	249
6316	0	225
6319	2	217
6324	0	9
6325	0	241
6326	0	225
6338	0	225
6348	0	217
6356	0	32
6364	0	87
6378	0	209
6388	0	217
6396	0	903
6401	0	269
6404	0	533
6406	0	253
6409	2	269
6413	0	225
6416	0	225
6421	0	241
6423	0	225
6433	0	0
6438	0	217
6446	0	253
6458	0	241
6466	0	285
6474	2	285
6478	0	261
6487	0	285
6492	0	285
6497	0	253
6508	0	217
6521	0	217
6526	0	217
6531	0	249
6536	0	249
6541	0	225
6551	0	285
6556	0	285
6564	0	533
6566	0	225
6571	0	225
6576	0	249
6581	0	225
6586	0	225
6592	0	217
6596	0	253
6602	0	253
6613	0	241
6620	0	225
6621	0	225
6629	0	217
6637	0	749
6639	0	209
6645	0	597
6648	0	225
6649	0	0
6651	0	225
6656	0	285
6661	0	225
6666	0	217
6671	0	233
6673	0	249
6676	0	249
6681	0	269
6686	0	269
6689	0	233
6691	0	269
6696	0	233
6697	2	233
6701	0	217
6705	0	253
6706	0	241
6711	0	217
6716	0	241
6719	0	967
6724	0	749
6726	0	253
6732	0	225
6748	0	217
6756	0	717
6763	0	225
6787	0	233
6798	0	225
6806	2	225
6811	0	285
6816	0	269
6821	0	285
6824	2	269
6826	0	253
6831	0	225
6833	0	249
6836	0	241
6841	0	217
6846	0	241
6851	0	285
6856	0	225
6861	0	249
6866	0	217
6869	2	249
6871	0	225
6874	0	97
6876	0	225
6881	0	249
6886	0	217
6891	0	285
6896	0	217
6899	2	285
6901	0	225
6906	0	225
6916	0	285
6920	0	225
6922	0	225
6938	0	269
6946	2	269
6951	0	217
6956	0	269
6961	0	225
6969	2	225
6973	0	0
6978	0	217
6986	0	193
6994	0	173
7018	0	217
7022	0	217
7026	0	349
7038	0	217
7051	0	217
7056	0	217
7061	0	241
7065	0	253
7070	0	241
7071	0	241
7076	0	249
7081	0	269
7084	2	249
7086	0	241
7089	2	269
7091	0	241
7096	0	241
7101	0	253
7106	0	225
7111	0	241
7116	0	225
7122	0	225
7137	0	225
7142	0	225
7146	0	149
7151	0	249
7159	2	249
7271	0	217
7281	0	249
7289	0	621
7301	0	225
7306	0	285
7325	0	0
7326	0	225
7331	0	225
7336	0	217
7343	0	241
7344	2	217
7346	0	225
7351	0	225
7356	0	253
7361	0	253
7366	0	225
7371	0	225
7376	0	285
7381	0	253
7386	0	285
7391	0	249
7396	0	217
7401	0	253
7418	0	249
7426	2	249
7434	0	573
7436	0	233
7451	0	249
7456	0	249
7461	0	233
7466	0	253
7471	0	241
7476	0	69
7481	0	225
7486	0	225
7491	0	225
7588	0	225
7600	0	225
7608	2	225
7628	0	217
7636	0	293
7643	0	217
7644	2	293
7652	0	249
7656	0	269
7660	0	357
7661	0	225
7666	0	225
7671	0	225
7676	0	225
7681	0	249
7686	0	253
7701	0	249
7706	0	225
7717	0	217
7728	0	249
7736	0	645
7741	0	225
7746	0	225
7752	0	225
7756	0	225
7761	0	217
7766	0	253
7771	0	217
7779	0	357
7783	0	125
7787	0	285
7797	0	217
7816	0	217
7821	0	217
7826	0	249
7831	0	269
7834	2	249
7836	0	225
7908	0	285
7919	0	225
7927	0	645
7941	0	249
7946	0	249
7951	0	249
7954	2	249
7959	2	249
7963	0	217
7968	0	217
7971	0	193
7976	0	285
7979	0	389
7981	0	253
7986	0	225
7991	0	269
7996	0	217
7999	2	269
8011	0	253
8016	0	249
8021	0	225
8024	2	249
8033	0	269
8036	0	269
8226	0	0
8248	0	233
8256	2	233
8264	0	693
8272	0	1143
8276	0	225
8281	0	241
8282	0	285
8286	0	233
8291	0	225
8296	0	253
8301	0	249
8306	0	217
8311	0	225
8316	0	269
8332	0	225
8336	0	269
8341	0	249
8349	2	249
8438	0	217
8446	0	749
8454	2	749
8463	0	249
8466	0	249
8471	2	249
8480	0	241
8481	0	241
8486	0	241
8545	0	209
8555	0	225
8568	0	225
8578	0	217
8586	0	453
8591	0	225
8597	0	225
8602	0	225
8609	0	161
8612	0	93
8622	0	233
8626	0	233
8631	0	233
8636	0	285
8641	0	249
8656	0	225
8661	0	225
8666	0	217
8674	2	217
8676	0	225
8682	0	225
8686	0	249
8758	0	261
8766	0	597
8771	0	225
8776	0	217
8791	0	157
8796	0	285
8799	0	437
8801	0	253
8806	0	225
8811	0	225
8816	0	253
8821	0	241
8826	0	253
8831	0	253
8836	0	217
8841	0	253
8846	0	253
8851	0	241
8856	0	285
8865	0	225
8887	0	241
8896	0	249
8901	0	233
8904	2	249
8906	0	249
8909	2	233
8913	0	241
8916	0	217
8920	0	241
8921	0	249
8926	0	217
8928	2	241
8929	2	249
8934	2	217
8937	0	225
8956	0	225
8961	0	225
8964	0	225
9237	0	49
9238	0	261
9258	0	217
9266	0	935
9282	0	225
9286	0	225
9291	0	253
9458	0	209
9466	0	717
9475	0	225
9477	0	225
9514	0	217
9525	0	0
9528	0	217
9545	0	225
9546	0	225
9551	0	225
9556	0	253
9558	0	253
9562	0	225
9578	0	217
9586	0	32
9595	0	225
9605	0	225
9606	0	225
9612	0	225
9617	0	225
9621	0	225
9626	0	225
9631	0	225
9636	0	225
9768	0	225
9776	0	573
9783	0	28
9786	0	225
9791	0	217
9796	0	269
9801	0	253
9804	2	269
9806	0	225
9811	0	217
9814	0	357
9816	0	217
9821	0	241
9826	0	225
9841	0	253
9846	0	253
9851	0	217
9855	0	217
9858	0	225
9861	0	253
9867	0	285
9871	0	225
9876	0	249
9877	0	225
9881	0	225
9886	0	217
9891	0	217
9896	0	225
9901	0	225
9906	0	225
9911	0	253
9916	0	225
9934	0	249
9936	0	249
9942	0	249
9946	0	249
10157	0	241
10165	2	241
10174	0	285
10182	2	285
10188	0	217
10195	0	253
10196	0	253
10207	0	0
10211	0	253
10215	0	225
10220	0	225
10225	0	225
10230	0	225
7	0	225
10	0	225
15	0	225
20	0	225
25	0	225
30	0	253
35	0	225
230	0	217
238	0	717
240	0	225
245	0	225
250	0	225
252	0	225
256	0	225
260	0	249
265	0	249
270	0	217
275	0	253
286	0	0
290	0	253
295	0	217
310	0	225
315	0	217
324	0	225
325	0	225
330	0	225
336	0	225
341	0	225
345	0	225
350	0	225
355	0	253
360	0	269
366	0	217
548	0	217
550	0	285
556	0	405
561	0	253
566	0	253
571	0	225
576	0	217
581	0	217
586	0	217
591	0	241
596	0	241
601	0	241
604	0	97
606	0	241
611	0	285
616	0	241
621	0	269
626	0	269
631	0	217
636	0	285
641	0	225
646	0	285
651	0	217
656	0	285
661	0	225
666	0	253
671	0	285
676	0	217
858	0	225
866	0	669
868	0	241
871	0	269
876	0	225
881	0	217
886	0	269
890	0	293
891	0	285
896	0	225
899	2	285
901	0	269
906	0	217
911	0	225
916	0	249
921	0	285
924	0	285
926	0	217
931	0	217
936	0	241
941	0	225
948	0	249
949	0	32
951	0	249
956	0	217
961	0	225
964	2	217
966	0	225
971	0	225
976	0	217
981	0	285
986	0	269
991	0	217
996	0	253
1001	0	141
1187	0	269
1195	2	269
1209	0	225
1219	0	253
1228	0	217
1236	0	47
1241	0	253
1243	0	225
1246	0	241
1251	0	217
1256	0	249
1259	2	217
1261	0	217
1264	0	325
1266	0	241
1273	0	285
1276	0	285
1281	0	217
1286	0	233
1291	0	217
1296	0	233
1301	0	225
1304	2	233
1306	0	253
1311	0	217
1316	0	241
1321	0	285
1507	0	249
1515	2	249
1538	0	253
1540	0	253
1551	0	217
1556	0	217
1561	0	249
1566	0	269
1569	2	249
1571	0	225
1574	0	79
1576	0	249
1581	0	125
1586	0	249
1591	0	285
1596	0	217
1601	0	233
1606	0	233
1611	0	269
1614	2	233
1616	0	253
1619	0	85
1622	0	225
1626	0	225
1631	0	225
1636	0	269
1641	0	253
1646	0	225
1651	0	225
1656	0	233
1661	0	177
1664	2	233
1666	0	253
1671	0	253
1825	0	0
1858	0	225
1871	0	285
1876	0	253
1880	0	217
1881	0	241
1886	0	249
1891	0	241
1896	0	241
1901	0	241
1906	0	241
1911	0	241
1916	0	241
1921	0	225
1926	0	241
1931	0	225
1936	0	217
1941	0	225
1944	2	217
1946	0	241
1951	0	233
1959	2	233
2144	0	285
2168	0	217
2176	0	55
2177	0	253
2181	0	241
2186	0	241
2191	0	217
2196	0	241
2200	0	233
2201	0	249
2206	0	225
2208	2	233
2209	2	249
2211	0	285
2216	0	285
2222	0	253
2226	0	217
2231	0	269
2236	0	217
2241	0	217
2246	0	217
2251	0	253
2256	0	253
2261	0	241
2266	0	241
2271	0	241
2279	0	669
2281	0	225
2286	0	225
2291	0	269
2296	0	225
2301	0	225
2306	0	269
2311	0	225
2316	0	225
2321	0	225
2326	0	249
2331	0	249
2336	0	233
2344	2	233
2475	0	285
2496	0	285
2505	0	253
2506	0	253
2511	0	253
2513	0	193
2516	0	285
2518	0	0
2521	0	253
2526	0	217
2531	0	217
2536	0	241
2541	0	241
2546	0	241
2551	0	241
2556	0	241
2561	0	217
2566	0	241
2571	0	269
2576	0	241
2581	0	241
2586	0	241
2589	0	325
2591	0	217
2596	0	241
2601	0	241
2606	0	241
2611	0	241
2616	0	241
2621	0	241
2626	0	241
2641	0	241
2646	0	241
2651	0	241
2656	0	241
2661	0	241
2666	0	269
2671	0	269
2676	0	225
2681	0	241
2686	0	241
2691	0	241
2696	0	269
2794	0	217
2808	0	225
2815	0	217
2821	0	225
2826	0	225
2831	0	249
2836	0	249
2837	0	157
2841	0	225
2846	0	233
2851	0	249
2856	0	225
2861	0	269
2866	0	249
2871	0	249
2876	0	225
2881	0	225
2886	0	225
2891	0	225
2897	0	225
2901	0	225
2906	0	225
3117	0	225
3145	0	269
3161	0	269
3166	0	217
3171	0	217
3176	0	269
3181	0	233
3186	0	217
3191	0	269
3196	0	269
3201	0	269
3206	0	249
3211	0	217
3216	0	217
3221	0	217
3226	0	285
3231	0	285
3234	2	285
3236	0	249
3239	2	285
3241	0	241
3246	0	241
3251	0	233
3256	0	225
3261	0	225
3298	0	249
3306	0	645
3311	0	269
3316	0	249
3321	0	249
3326	0	249
3331	0	269
3336	0	217
3341	0	217
3346	0	217
3351	0	217
3356	0	233
3361	0	217
3431	0	217
3439	2	217
3465	0	177
3474	0	249
3476	0	249
3481	0	249
3482	2	249
3484	2	249
3486	0	225
3487	0	241
3489	2	249
3491	0	225
3496	0	269
3501	0	241
3506	0	225
3511	0	217
3516	0	249
3521	0	249
3526	0	249
3531	0	249
3536	0	249
3542	0	225
3546	0	249
3551	0	269
3556	0	217
3608	0	269
3616	0	645
3621	0	269
3626	0	269
3631	0	217
3636	0	269
3641	0	269
3646	0	261
3651	0	217
3654	2	261
3656	0	217
3659	2	217
3661	0	249
3664	0	389
3666	0	249
3671	0	249
3677	0	225
3681	0	225
3686	0	225
3691	0	225
3696	0	249
3701	0	249
3706	0	217
3711	0	249
3716	0	269
3721	0	249
3750	0	225
3778	0	249
3791	0	249
3796	0	249
3801	0	249
3805	0	225
3806	0	249
3811	0	285
3816	0	233
3819	2	285
3821	0	225
3826	0	233
3831	0	249
3834	2	233
3836	0	225
3839	2	249
3841	0	269
3846	0	225
3861	0	249
3866	0	269
3871	0	217
3876	0	249
4070	0	225
4103	0	217
4112	0	217
4116	0	217
4121	0	249
4124	0	269
4126	0	225
4131	0	225
4136	0	225
4141	0	249
4146	0	225
4151	0	249
4156	0	249
4161	0	249
4166	0	217
4181	0	249
4186	0	249
4191	0	217
4196	0	249
4201	0	233
4328	0	225
4336	0	669
4341	0	241
4346	0	225
4351	0	269
4356	0	225
4361	0	225
4366	0	249
4371	0	233
4376	0	217
4381	0	249
4386	0	217
4389	0	225
4391	0	217
4399	2	217
4408	0	269
4421	0	241
4426	0	249
4431	0	249
4436	0	249
4441	0	249
4443	0	225
4446	0	269
4451	0	249
4456	0	269
4461	0	249
4466	0	217
4471	0	249
4476	0	217
4481	0	225
4486	0	269
4491	0	249
4496	0	233
4499	2	249
4501	0	249
4504	2	233
4507	0	253
4511	0	249
4516	0	217
4628	0	269
4636	0	669
4641	0	285
4646	0	241
4651	0	217
4656	0	249
4661	0	225
4666	0	225
4671	0	225
4676	0	225
4690	0	453
4691	0	249
4696	0	269
4698	2	453
4699	2	249
4701	0	225
4704	2	269
4706	0	217
4708	0	217
4711	0	217
4716	0	241
4721	0	249
4726	0	241
4731	0	241
4736	0	217
4740	0	285
4741	0	217
4746	0	253
4755	0	285
4756	0	225
4761	0	225
4763	2	285
4764	2	225
4765	0	225
4766	0	269
4769	2	225
4771	0	241
4773	2	225
4774	2	269
4776	0	225
4791	0	225
4796	0	225
4801	0	241
4806	0	241
4812	0	253
4816	0	217
4821	0	241
4826	0	241
4831	0	217
4836	0	241
4841	0	217
5026	0	269
5048	0	225
5058	0	225
5071	0	217
5076	0	269
5081	0	233
5086	0	217
5089	2	233
5091	0	217
5096	0	241
5101	0	285
5106	0	241
5111	0	217
5116	0	225
5131	0	249
5138	0	125
5141	0	269
5146	0	269
5151	0	249
5346	0	269
5354	0	597
5356	0	269
5361	0	225
5366	0	249
5371	0	249
5376	0	217
5381	0	233
5386	0	249
5401	0	225
5404	2	249
5407	0	253
5411	0	269
5416	0	285
5421	0	249
5424	2	285
5426	0	241
5431	0	241
5436	0	225
5441	0	249
5446	0	249
5451	0	285
5456	0	249
5459	2	285
5461	0	225
5466	0	225
5471	0	225
5476	0	249
5481	0	225
5648	0	253
5656	0	597
5661	0	249
5664	0	217
5666	0	225
5669	2	249
5671	0	225
5672	2	217
5676	0	225
5682	0	225
5686	0	225
5691	0	217
5696	0	225
5699	2	217
5701	0	217
5706	0	125
5708	0	285
5711	0	269
5716	0	269
5719	2	269
5720	0	217
5721	0	241
5726	0	249
5731	0	249
5734	2	249
5736	0	225
5739	2	249
5745	0	241
5746	0	217
5751	0	225
5756	0	253
5761	0	225
5766	0	285
5771	0	241
5776	0	241
5781	0	233
5786	0	225
5791	0	225
5796	0	241
5994	0	241
6013	2	217
6014	0	225
6028	0	285
6039	0	217
6041	0	241
6047	0	241
6051	0	225
6056	0	225
6061	0	241
6066	0	241
6074	0	217
6076	0	225
6082	0	225
6086	0	217
6091	0	241
6096	0	217
6101	0	61
6106	0	241
6111	0	285
6119	2	285
6317	0	217
6338	0	249
6358	0	241
6361	0	269
6366	0	269
6371	0	269
6376	0	233
6381	0	249
6384	2	233
6386	0	225
6389	0	121
6391	0	217
6396	0	225
6399	2	217
6401	0	241
6406	0	269
6411	0	217
6414	2	269
6416	0	241
6421	0	217
6426	0	241
6431	0	249
6436	0	269
6439	2	249
6441	0	225
6446	0	225
6633	0	225
6668	0	241
6676	0	967
6681	0	217
6686	0	241
6691	0	269
6696	0	225
6699	2	269
6701	0	217
6706	0	241
6711	0	241
6716	0	241
6721	0	241
6726	0	225
6731	0	269
6736	0	225
6739	2	269
6742	0	225
6746	0	217
6750	0	333
6751	0	28
6756	0	217
6771	0	217
6776	0	233
6781	0	217
6784	2	233
6786	0	241
6789	2	217
6796	0	241
6801	0	253
6952	0	225
6988	0	253
6996	0	73
6997	0	225
7001	0	285
7006	0	285
7011	0	285
7016	0	217
7021	0	217
7031	0	285
7036	0	241
7041	0	225
7046	0	241
7054	0	217
7056	0	217
7061	0	285
7066	0	253
7071	0	225
7271	0	241
7298	0	241
7308	0	241
7316	0	285
7321	0	241
7326	0	217
7331	0	233
7336	0	249
7339	2	233
7341	0	217
7346	0	217
7351	0	253
7356	0	285
7362	0	233
7366	0	225
7371	0	249
7376	0	241
7379	2	249
7381	0	253
7386	0	285
7391	0	225
7396	0	217
7404	0	749
7406	0	241
7411	0	241
7416	0	225
7422	0	217
7426	0	225
7431	0	249
7436	0	269
7439	2	249
7441	0	249
7446	0	269
7451	0	269
7457	0	225
7461	0	241
7590	0	225
7618	0	225
7626	0	105
7631	0	233
7634	0	249
7636	0	261
7639	2	233
7641	0	241
7642	2	249
7644	2	261
7645	0	217
7646	0	241
7651	0	285
7656	0	253
7661	0	225
7666	0	253
7671	0	249
7676	0	285
7679	0	285
7681	0	285
7686	0	253
7691	0	217
7696	0	269
7701	0	233
7704	2	269
7706	0	269
7711	0	241
7716	0	269
7721	0	225
7726	0	285
7731	0	285
7736	0	249
7758	0	249
7766	2	249
7774	0	573
7776	0	253
7781	0	225
7786	0	253
7793	0	225
7796	0	217
7801	0	241
7806	0	249
7811	0	241
7818	0	241
7821	0	217
7826	0	217
7831	0	249
7909	0	0
7938	0	217
7946	0	32
7951	0	253
7954	0	285
7956	0	217
7961	0	253
7965	0	285
7966	0	285
7978	0	285
7986	0	85
7991	0	285
7996	0	217
8001	0	249
8006	0	269
8011	0	241
8016	0	241
8021	0	241
8026	0	249
8031	0	269
8039	0	177
8041	0	225
8046	0	225
8229	0	225
8248	0	249
8258	0	225
8268	0	225
8281	0	233
8284	0	269
8286	0	233
8289	2	233
8292	2	269
8293	0	249
8294	2	233
8296	0	249
8301	2	249
8302	0	269
8306	0	249
8310	2	269
8311	0	225
8316	0	249
8321	0	269
8326	0	233
8331	0	217
8336	0	269
8341	0	217
8346	0	241
8353	0	249
8356	0	225
8362	0	285
8366	0	225
8370	2	285
8371	0	253
8428	0	253
8436	0	573
8463	0	217
8466	0	217
8471	0	241
8476	0	233
8482	0	201
8484	2	233
8486	0	241
8491	0	217
8547	0	269
8578	0	269
8586	2	269
8594	0	67
8596	0	225
8601	0	225
8604	0	253
8606	0	285
8611	0	225
8614	0	217
8616	0	241
8621	0	241
8626	0	241
8631	0	241
8634	0	201
8638	0	225
8641	0	225
8649	0	233
8651	0	249
8656	0	249
8661	0	269
8666	0	241
8669	2	269
8671	0	22
8676	0	253
8681	0	249
8686	0	225
8691	0	253
8696	0	225
8708	0	253
8716	0	573
8739	0	125
8741	0	241
8753	0	233
8756	0	249
8761	0	249
8764	2	249
8766	0	217
8771	0	269
8779	2	269
8787	0	453
8788	0	137
8791	0	225
8796	0	217
8801	0	217
8804	2	217
8806	0	285
8811	0	249
8816	0	225
8819	2	249
8821	0	225
8826	0	217
8831	0	253
8834	2	217
8836	0	225
8841	0	253
8867	0	0
8898	0	253
8908	0	217
8922	0	225
8927	0	177
8931	0	233
8932	0	285
8936	0	249
8940	2	285
8944	2	249
8949	0	225
8951	0	253
8956	0	285
8961	0	233
8966	0	217
8972	0	225
8978	0	225
8982	0	269
8986	0	269
8991	0	217
8994	2	269
8996	0	225
8999	2	217
9007	0	225
9098	0	269
9106	2	269
9114	0	173
9116	0	225
9121	0	225
9126	0	217
9131	0	93
9136	0	225
9151	0	241
9153	0	217
9156	0	225
9164	0	225
9166	0	253
9171	0	225
9176	0	225
9181	0	225
9186	0	225
9191	0	293
9196	0	241
9199	0	1908
9200	0	121
9202	0	93
9206	0	217
9211	0	249
9216	0	253
9221	0	249
9226	0	269
9229	2	249
9231	0	253
9236	0	225
9341	0	285
9345	0	225
9346	0	217
9351	0	217
9356	0	269
9371	0	269
9372	0	225
9376	0	241
9381	0	241
9386	0	241
9389	0	621
9391	0	241
9396	0	217
9403	0	285
9406	0	241
9421	0	269
9424	2	269
9426	0	217
9432	0	225
9436	0	217
9440	0	357
9441	0	249
9446	0	241
9451	0	217
9456	0	217
9459	0	357
9461	0	285
9466	0	269
9467	0	217
9471	0	225
9476	0	217
9481	0	217
9486	0	241
9490	0	9
9492	0	217
9496	0	269
9500	0	249
9505	0	225
9508	2	249
9509	0	249
9510	0	225
9519	0	241
9521	0	225
9527	0	217
9531	0	249
9532	0	225
9536	0	269
9539	2	249
9541	0	217
9544	2	269
9546	0	249
9547	0	225
9551	0	253
9558	0	0
9564	0	285
9566	0	253
9568	0	293
9571	0	285
9576	2	293
9577	0	241
9579	2	285
9581	0	217
9585	0	2292
9586	0	2292
9587	0	2292
9588	0	2577
9589	0	2577
9590	0	2052
9591	0	241
9593	0	2673
9596	0	269
9601	0	225
9606	0	269
9610	0	293
9615	0	217
9616	0	217
9621	0	269
9626	0	233
9629	2	269
9639	0	1431
9640	0	2865
9641	0	2481
9642	0	2865
9643	0	1836
9644	0	1836
9645	0	1836
9646	0	2292
9647	0	3182
9648	0	2673
9649	0	3182
9654	0	249
9661	0	233
9666	0	233
9669	0	333
9671	0	249
9676	0	217
9677	2	333
9678	0	269
9679	2	249
9681	0	269
9684	2	217
9686	0	253
9687	0	1063
9689	0	2292
9690	0	2124
9691	0	2124
9692	0	2052
9693	0	2052
9694	0	2052
9695	0	2052
9696	0	2052
9697	0	1764
9698	0	2124
9699	0	2124
9700	0	2577
9701	0	2481
9702	0	2865
9703	0	2673
9706	0	225
9712	0	177
9716	0	249
9720	0	225
9721	0	249
9723	0	233
9727	0	249
9728	2	225
9729	2	249
9731	2	233
9732	0	225
9736	0	249
9742	0	225
9744	2	249
9749	0	217
9757	0	373
9766	0	253
9781	0	217
9786	0	217
9791	0	225
9794	0	269
9796	0	241
9801	0	241
9804	0	325
9806	0	217
9811	0	241
9816	0	241
9821	0	9
9822	0	285
9826	0	225
9830	0	373
9831	0	269
9836	0	285
9838	2	373
9841	0	217
9844	2	285
9846	0	253
9848	0	253
9849	0	1031
9851	0	225
9856	0	225
9861	0	241
9866	0	217
9871	0	253
9876	0	285
9879	0	285
9880	0	225
9885	0	241
9892	0	217
9896	0	241
9897	0	217
9900	0	453
9910	0	285
9911	0	285
9916	0	241
9918	0	55
9921	0	249
9923	0	217
9926	0	357
9929	2	249
9931	2	217
9932	0	225
9936	0	225
9941	0	217
9946	0	253
9949	0	317
9951	0	285
9956	0	217
9971	0	217
9976	0	217
9980	0	285
9981	0	217
9986	0	217
9994	0	1479
9996	0	285
10001	0	241
10004	0	389
10006	0	233
10011	0	241
10014	2	233
10016	0	217
10021	0	269
10026	0	217
10028	0	285
10029	0	93
10031	0	217
10034	0	749
10036	0	217
10040	0	285
10041	0	217
10046	0	241
10061	0	225
10064	0	453
10066	0	241
10068	0	217
10071	0	241
10076	0	241
10079	0	161
10081	0	249
10086	0	225
10090	0	217
10094	0	357
10096	0	241
10101	0	225
10106	0	225
10109	0	389
10110	0	285
10111	0	233
10114	0	389
10116	0	233
10118	2	285
10119	2	233
10122	0	269
10126	0	233
10131	0	233
10134	2	233
10136	0	217
10139	0	177
10141	0	233
10146	0	225
10149	2	233
10151	0	241
10153	0	217
10154	0	161
10156	0	233
10159	0	645
10162	0	253
10164	2	233
10166	0	225
10171	0	217
10176	0	253
10179	2	217
10184	0	1191
10185	0	0
10186	0	49
10191	0	225
10196	0	285
10198	0	253
10201	0	225
10206	0	269
10209	0	309
10211	0	233
10214	2	269
10216	0	225
10217	2	309
10219	2	233
10222	0	109
10224	0	225
10226	0	253
10230	0	775
10234	0	217
10236	0	241
1	0	253
6	0	285
9	0	285
11	0	253
16	0	253
19	0	253
21	0	249
24	0	79
26	0	285
31	0	269
34	2	285
36	0	217
37	0	253
41	0	217
46	0	285
49	0	1287
52	0	269
56	0	253
60	0	325
61	0	253
65	0	225
66	0	253
69	0	97
83	0	177
99	0	249
106	0	0
107	0	573
118	0	217
126	2	217
134	0	597
135	0	217
142	0	1431
143	0	47
146	0	249
151	0	217
156	0	225
161	0	133
164	0	453
166	0	225
169	0	597
171	0	217
172	2	453
176	0	217
177	0	253
181	0	253
186	0	285
189	0	285
191	0	241
196	0	217
201	0	253
206	0	253
209	0	325
211	0	269
216	0	217
217	0	225
219	0	55
222	0	217
224	0	645
226	0	217
230	0	621
231	0	249
236	0	233
241	0	241
243	0	285
244	2	233
246	0	253
251	0	253
256	0	253
261	0	253
263	0	225
266	0	217
269	0	177
281	0	269
286	0	241
289	0	325
291	0	225
294	0	549
296	0	241
299	0	669
301	0	241
303	0	217
306	0	241
311	0	241
314	0	121
316	0	241
321	0	269
326	0	225
327	0	241
329	0	121
331	0	225
336	0	225
341	0	241
346	0	241
347	0	217
351	0	269
354	0	113
356	0	225
359	2	269
360	0	285
361	0	217
364	0	93
366	0	217
371	0	217
374	0	373
376	0	241
381	0	249
384	0	201
386	0	241
391	0	217
392	0	285
396	0	217
401	0	241
406	0	241
410	0	285
411	0	241
416	0	225
431	0	241
434	0	485
436	0	269
441	0	269
444	2	269
445	0	253
446	0	217
449	0	141
451	0	253
454	0	533
456	0	285
462	0	217
464	0	161
466	0	241
470	0	549
471	0	225
476	0	217
479	2	225
480	0	241
481	0	225
486	0	249
491	0	169
495	0	0
496	0	241
502	0	269
506	0	249
510	2	269
511	0	217
516	0	241
518	0	161
519	0	533
522	0	169
526	0	225
530	0	285
533	0	217
536	0	249
538	0	1287
541	0	285
546	0	225
552	0	225
561	0	249
566	0	269
571	0	249
574	2	269
575	0	253
576	0	217
579	2	249
581	0	269
583	0	217
586	0	249
589	2	269
591	0	217
594	0	125
596	0	253
601	0	217
604	0	325
606	0	217
609	0	533
611	0	241
614	0	717
616	0	241
624	0	177
626	0	225
631	0	225
636	0	249
638	0	233
641	0	249
646	0	269
649	0	357
651	0	225
656	0	241
664	0	573
666	0	217
671	0	285
672	2	573
674	2	217
676	0	269
679	2	285
680	0	621
681	0	241
684	0	217
686	0	241
689	0	161
691	0	241
696	0	241
701	0	241
706	0	217
709	0	373
712	0	241
716	0	217
721	0	269
725	0	233
726	0	269
729	2	269
731	0	241
734	2	269
736	0	249
737	0	79
741	0	253
743	0	253
744	2	249
746	0	225
753	0	225
754	0	341
756	0	217
761	0	717
766	0	217
767	0	249
769	0	1031
771	0	217
776	0	249
781	0	225
786	0	225
792	0	269
794	0	357
796	0	225
800	0	241
801	0	225
806	0	225
821	0	225
826	0	249
828	0	225
831	0	217
834	0	133
836	0	217
839	2	217
841	0	269
842	2	133
844	0	2052
846	0	269
851	0	269
854	0	389
856	0	269
861	0	241
866	0	241
871	0	241
876	0	241
878	0	217
881	0	249
886	0	253
889	2	249
890	0	253
891	0	217
896	0	249
901	0	241
906	0	225
911	0	217
914	0	405
916	0	241
921	0	253
926	0	253
929	0	2292
930	0	517
932	0	79
936	0	285
941	0	285
946	0	249
949	0	233
951	0	217
954	2	249
956	0	241
957	2	233
961	0	217
963	0	217
966	0	225
971	0	233
974	0	453
975	0	285
976	0	241
981	0	217
986	0	241
989	0	325
991	0	225
996	0	241
1004	0	573
1006	0	217
1008	0	253
1011	0	253
1012	0	967
1016	0	217
1021	0	217
1023	0	293
1026	0	249
1031	2	293
1032	0	249
1034	2	249
1036	0	217
1040	0	113
1041	0	253
1046	0	253
1048	0	285
1049	0	225
1054	0	47
1056	0	217
1059	0	225
1061	0	269
1066	0	217
1071	0	241
1074	0	217
1076	0	253
1079	0	113
1081	0	253
1086	0	285
1089	0	1287
1091	0	225
1096	0	217
1101	0	241
1106	0	225
1109	0	373
1111	0	249
1118	0	193
1121	0	241
1124	0	241
1126	0	217
1131	0	217
1136	0	225
1141	0	217
1146	0	241
1151	0	249
1156	0	225
1159	0	405
1161	0	233
1164	0	669
1166	0	249
1169	2	233
1171	0	217
1172	2	669
1174	0	1836
1176	0	241
1181	0	217
1186	0	241
1194	0	253
1196	0	217
1201	0	217
1204	0	217
1206	0	285
1211	0	249
1212	2	217
1214	2	285
1216	0	217
1218	0	285
1221	0	217
1226	0	217
1229	0	357
1233	0	177
1236	0	241
1241	0	453
1246	0	269
1249	0	2124
1251	0	225
1256	0	225
1262	0	225
1266	0	269
1271	0	249
1274	0	233
1276	0	249
1281	0	233
1282	2	233
1284	0	241
1286	0	241
1289	2	233
1291	0	253
1295	0	225
1296	0	253
1301	0	253
1306	0	253
1309	0	775
1311	0	225
1316	0	241
1319	0	28
1321	0	269
1324	0	1431
1326	0	269
1331	0	269
1336	0	225
1341	0	225
1344	0	241
1346	0	225
1352	0	133
1356	0	225
1361	0	233
1366	0	249
1369	2	233
1370	0	217
1371	0	241
1374	0	161
1377	0	125
1381	0	217
1385	0	573
1387	0	225
1391	0	249
1393	0	193
1397	0	233
1399	0	1527
1401	0	225
1406	0	225
1409	0	241
1411	0	225
1416	0	225
1419	0	217
1421	0	225
1426	0	225
1431	0	225
1436	0	225
1437	0	241
1439	0	121
1441	0	225
1446	0	269
1447	0	217
1449	0	121
1451	0	225
1456	0	225
1461	0	22
1464	0	597
1466	0	225
1471	0	249
1472	0	217
1476	0	269
1479	2	249
1480	2	217
1481	0	241
1482	0	217
1484	0	453
1486	0	241
1491	0	217
1496	0	217
1499	0	177
1501	0	97
1506	0	269
1509	0	405
1511	0	249
1516	0	269
1522	0	225
1526	0	249
1527	0	225
1531	0	249
1535	0	87
1536	0	249
1539	2	249
1541	0	225
1543	0	241
1546	0	269
1551	0	269
1556	0	225
1559	0	389
1561	0	225
1564	0	1479
1566	0	225
1569	0	597
1571	0	233
1576	0	217
1581	0	249
1584	0	225
1586	0	249
1591	0	261
1596	0	233
1597	0	301
1599	2	261
1601	0	217
1605	2	301
1606	0	233
1609	0	501
1611	0	285
1612	0	233
1614	2	233
1616	0	217
1621	0	269
1624	0	325
1626	0	233
1632	0	249
1634	0	249
1636	0	233
1640	0	1572
1641	0	233
1644	2	233
1646	0	241
1648	2	1572
1651	0	217
1656	0	225
1658	0	225
1661	0	285
1667	0	253
1668	0	225
1671	0	241
1676	0	233
1691	0	249
1694	0	1063
1696	0	217
1699	0	437
1701	0	225
1706	0	225
1711	0	249
1716	0	225
1721	0	241
1724	0	1239
1726	0	225
1728	0	241
1731	0	233
1736	0	269
1739	2	233
1740	0	241
1741	0	225
1747	0	249
1751	0	249
1755	0	389
1756	0	233
1761	0	225
1766	0	249
1769	0	1287
1770	0	269
1771	0	285
1776	0	225
1778	2	269
1779	2	285
1781	0	241
1788	0	285
1791	0	225
1796	0	389
1801	0	233
1804	0	469
1806	0	217
1811	0	233
1814	0	293
1816	0	249
1819	2	233
1821	0	225
1827	0	253
1829	0	325
1831	0	241
1836	0	269
1841	0	225
1843	0	241
1844	2	269
1846	0	217
1851	0	217
1856	0	217
1861	0	241
1863	0	285
1866	0	249
1871	0	269
1876	0	217
1881	0	249
1884	0	389
1886	0	225
1889	0	1431
1891	0	249
1894	0	693
1896	0	249
1899	2	249
1901	0	225
1902	2	693
1904	2	249
1906	0	217
1911	0	217
1914	0	373
1916	0	241
1921	0	233
1923	0	269
1926	0	225
1931	0	269
1936	0	241
1942	0	173
1946	0	225
1950	0	453
1951	0	233
1957	0	26
1958	0	241
1959	2	233
1961	0	241
1965	0	357
1967	0	293
1971	0	217
1973	0	1287
1975	2	293
1976	0	217
1979	2	217
1981	2	1287
1982	0	217
1984	2	217
1985	0	225
1986	0	253
1987	0	1287
1992	0	253
1996	0	269
2001	0	285
2006	0	285
2009	0	285
2011	0	249
2014	2	285
2016	0	217
2019	2	249
2021	0	225
2026	0	225
2028	0	0
2031	0	253
2036	0	217
2041	0	217
2044	0	1287
2046	0	253
2047	0	225
2051	0	233
2055	0	105
2056	0	217
2059	2	233
2061	0	225
2063	0	389
2066	0	225
2069	0	485
2071	0	253
2080	0	253
2081	0	241
2086	0	241
2090	0	249
2091	0	233
2096	0	225
2101	0	217
2103	0	285
2106	0	217
2109	0	177
2111	0	217
2116	0	217
2119	0	253
2121	0	249
2126	0	249
2129	0	357
2131	0	269
2134	0	645
2137	2	357
2139	0	669
2141	0	253
2144	0	249
2146	0	217
2151	0	249
2152	2	249
2156	0	249
2171	0	217
2176	0	217
2181	0	285
2184	0	285
2186	0	253
2191	0	269
2197	0	241
2201	0	233
2204	0	9
2205	0	4
2206	0	121
2209	0	573
2211	0	225
2216	0	249
2217	2	573
2219	0	1031
2221	0	253
2224	2	249
2226	0	225
2229	0	85
2231	0	225
2232	0	0
2238	0	225
2241	0	217
2246	0	217
2250	0	241
2251	0	269
2256	0	285
2258	0	15
2261	0	285
2263	0	253
2266	0	253
2271	0	253
2274	0	317
2279	0	285
2281	0	241
2286	0	217
2289	0	357
2291	0	217
2296	0	217
2301	0	225
2303	0	269
2304	0	967
2306	0	225
2313	0	285
2316	0	285
2321	0	217
2323	0	249
2326	0	225
2329	0	121
2334	0	871
2336	0	225
2341	0	217
2346	0	249
2349	0	453
2351	0	241
2356	0	249
2361	0	225
2366	0	269
2381	0	225
2383	0	241
2386	0	241
2391	0	269
2396	0	241
2399	0	325
2401	0	269
2406	0	225
2409	0	1383
2411	0	249
2416	0	217
2421	0	225
2424	2	217
2426	0	241
2431	0	249
2432	0	293
2436	0	217
2439	2	249
2440	2	293
2441	0	253
2443	0	225
2446	0	253
2449	0	97
2451	0	285
2456	0	225
2459	0	201
2461	0	233
2464	0	693
2466	0	217
2471	0	217
2474	0	173
2476	0	217
2479	0	573
2481	0	217
2486	0	269
2492	0	249
2494	0	225
2496	0	225
2501	0	233
2504	2	225
2506	0	249
2509	2	233
2511	0	249
2516	0	241
2519	2	249
2523	0	225
2524	0	389
2526	0	225
2531	0	645
2536	0	241
2539	0	1335
2541	0	285
2546	0	253
2551	0	253
2556	0	217
2564	0	149
2565	0	217
2566	0	217
2581	0	217
2585	0	249
2586	0	233
2591	0	217
2593	2	249
2594	2	233
2596	0	253
2599	0	775
2601	0	253
2604	0	437
2606	0	253
2609	0	573
2611	0	217
2616	0	217
2619	0	405
2621	0	241
2626	0	269
2641	0	249
2644	0	249
2646	0	269
2651	0	233
2656	0	241
2659	2	233
2661	0	241
2664	0	105
2666	0	253
2669	0	573
2671	0	253
2674	0	645
2676	0	285
2679	0	357
2681	0	249
2686	0	225
2691	0	241
2694	0	325
2696	0	217
2698	0	253
2705	0	217
2706	0	241
2711	0	269
2716	0	233
2718	0	285
2721	0	217
2724	2	233
2726	2	285
2727	0	249
2731	0	269
2734	0	61
2735	0	645
2736	0	217
2739	2	269
2741	0	225
2742	0	389
2746	0	241
2751	0	253
2756	0	285
2759	0	285
2761	0	241
2764	0	597
2766	0	241
2771	0	225
2774	0	269
2776	0	249
2781	0	217
2784	0	389
2786	0	225
2791	0	249
2796	0	269
2799	2	249
2801	0	217
2804	0	61
2805	0	149
2806	0	253
2809	0	533
2811	0	225
2816	0	249
2817	0	269
2821	0	241
2826	0	241
2829	0	357
2834	0	225
2836	0	241
2839	0	217
2841	0	241
2846	0	249
2851	0	269
2853	0	225
2854	2	249
2856	0	225
2863	0	217
2864	0	485
2866	0	217
2871	0	253
2876	0	253
2879	0	61
2881	0	217
2886	0	269
2887	0	233
2891	0	269
2894	2	269
2895	2	233
2896	0	241
2898	0	217
2899	2	269
2901	0	285
2906	0	241
2911	0	225
2916	0	241
2919	0	1239
2923	0	253
2924	0	9
2925	0	285
2926	0	241
2931	0	241
2936	0	249
2941	0	217
2946	0	253
2948	0	0
2949	0	317
2951	0	225
2956	0	225
2960	0	253
2962	0	253
2966	0	217
2971	0	233
2976	0	225
2979	0	357
2984	0	967
2987	0	253
3001	0	269
3006	0	241
3011	0	225
3016	0	285
3018	0	285
3021	0	241
3026	0	217
3032	0	225
3034	2	217
3036	0	249
3038	0	249
3040	2	225
3041	0	249
3044	2	249
3046	0	225
3051	0	269
3056	0	285
3059	0	285
3061	0	269
3063	0	225
3064	0	1383
3066	0	253
3069	2	269
3071	0	241
3072	2	1383
3077	0	241
3078	0	225
3091	0	253
3094	0	253
3096	0	253
3101	0	253
3102	0	105
3106	0	285
3111	0	217
3116	0	217
3118	0	285
3119	0	177
3121	0	253
3126	0	225
3134	0	169
3136	0	253
3144	0	573
3146	0	217
3151	0	233
3152	0	373
3154	0	225
3156	0	249
3159	2	233
3160	2	373
3161	0	225
3162	2	225
3164	2	249
3167	0	871
3171	0	225
3175	0	389
3176	0	217
3181	0	241
3186	0	241
3191	0	285
3196	0	217
3201	0	269
3206	0	241
3211	0	285
3216	0	217
3219	2	285
3221	0	217
3224	0	93
3226	0	253
3232	0	217
3234	0	357
3236	0	253
3240	0	645
3241	0	225
3246	0	253
3248	0	113
3251	0	241
3254	0	621
3256	0	285
3261	0	217
3266	0	241
3268	0	285
3271	0	249
3276	0	269
3291	0	217
3296	0	249
3301	0	217
3304	0	1239
3306	0	217
3311	0	269
3314	0	405
3316	0	241
3319	0	669
3321	0	217
3324	0	373
3326	0	217
3331	0	225
3337	0	249
3339	0	225
3342	0	269
3346	0	285
3350	2	269
3351	0	269
3357	0	217
3361	0	217
3363	0	253
3365	2	217
3366	0	225
3371	0	249
3376	0	253
3379	0	357
3381	0	253
3386	0	285
3389	0	967
3391	0	217
3399	0	357
3400	0	105
3405	0	249
3406	0	249
3412	0	233
3419	0	249
3421	0	233
3423	0	249
3426	0	233
3434	2	233
3437	0	193
3444	0	253
3446	0	217
3451	0	233
3454	0	533
3459	0	717
3461	0	269
3462	2	533
3466	0	217
3467	2	717
3468	0	217
3474	0	717
3492	0	225
3496	0	0
3500	0	597
3502	0	241
3506	0	253
3511	0	225
3513	0	241
3516	0	217
3521	0	97
3530	0	249
3531	0	249
3533	0	225
3536	0	249
3541	2	225
3542	0	285
3546	0	253
3549	0	47
3550	0	1431
3551	0	217
3555	0	241
3556	0	285
3557	0	121
3561	0	133
3566	0	249
3571	0	217
3576	0	269
3579	0	437
3581	0	233
3584	2	269
3586	0	253
3587	2	437
3589	0	225
3591	0	253
3596	0	225
3603	0	253
3606	0	217
3611	0	217
3616	0	233
3619	0	373
3622	0	249
3627	2	373
3641	0	217
3645	0	373
3646	0	249
3651	0	249
3656	0	241
3659	2	249
3661	0	225
3664	0	225
3666	0	225
3674	0	225
3675	0	0
3676	0	225
3681	0	225
3686	0	253
3691	0	217
3696	0	241
3699	0	325
3704	0	87
3707	0	249
3711	0	241
3712	0	357
3716	0	249
3719	0	2124
3721	0	217
3726	0	269
3727	2	2124
3731	0	233
3733	0	225
3744	0	249
3746	0	269
3761	0	85
3766	0	241
3771	0	217
3774	0	225
3776	0	217
3779	2	217
3781	0	225
3784	2	217
3786	0	253
3789	0	999
3790	0	253
3791	0	217
3796	0	225
3801	0	217
3804	0	1239
3806	0	253
3811	0	249
3814	0	69
3816	0	233
3821	0	217
3824	2	233
3825	0	253
3826	0	253
3831	0	217
3834	0	253
3836	0	285
3839	2	217
3841	0	225
3847	0	4
3849	0	225
3851	0	241
3855	0	453
3856	0	249
3861	0	233
3863	0	233
3866	0	269
3871	2	233
3872	0	241
3876	0	241
3880	0	22
3885	0	225
3886	0	225
3888	0	193
3890	0	9
3891	0	113
3892	0	1095
3896	0	253
3902	0	233
3906	0	225
3909	0	9
3910	0	9
3911	0	4
3912	0	241
3916	0	225
3921	0	217
3926	0	249
3929	0	269
3931	0	249
3934	2	249
3936	0	225
3937	2	269
3941	0	225
3950	0	241
3953	0	217
3958	0	2196
3959	0	2577
3960	0	2577
3961	0	1287
3962	0	2196
3963	0	2865
3964	0	389
3966	0	389
3975	0	225
3976	0	225
3981	0	225
3986	0	233
3992	0	285
3996	0	217
4000	0	3662
4001	0	573
4002	0	1287
4006	0	225
4008	2	3662
4011	0	241
4014	0	2577
4015	0	1836
4016	0	1836
4017	0	2292
4018	0	2292
4019	0	2292
4020	0	3422
4021	0	2577
4022	0	3422
4023	0	2865
4024	0	357
4033	0	217
4036	0	253
4045	0	241
4053	0	2865
4054	0	2865
4055	0	2865
4056	0	357
4061	0	2292
4062	0	2292
4063	2	2865
4064	0	1431
4065	0	1431
4066	0	1836
4067	0	807
4068	0	1908
4069	2	2292
4070	0	1239
4071	0	1143
4072	0	1287
4073	0	693
4074	0	1287
4075	0	1431
4076	0	2865
4077	0	1908
4078	0	1287
4079	0	1692
4080	0	2196
4081	0	749
4082	0	2292
4083	0	3182
4084	0	3182
4085	0	2292
4086	0	1836
4087	0	3422
4088	0	2673
4089	0	669
4092	0	225
4094	0	1479
4095	2	3422
4096	2	2673
4097	0	485
4100	0	1908
4101	0	693
4102	0	1527
4103	0	1620
4105	0	437
4106	0	2292
4107	0	2052
4110	0	2673
4111	0	1980
4112	0	1980
4113	0	1143
4114	0	2673
4115	0	325
4116	0	1980
4117	0	2196
4118	0	2481
4119	0	2481
4120	0	2673
4121	0	1908
4122	0	2673
4123	0	2385
4124	0	3182
4125	0	2292
4126	0	3182
4127	0	3182
4128	0	2865
4129	0	2865
4130	0	2865
4131	0	1287
4132	0	2673
4133	0	2673
4134	0	1335
4135	2	3182
4137	0	453
4138	2	2865
4141	0	1431
4142	0	2292
4143	0	2481
4144	0	2292
4145	0	2292
4146	0	2577
4147	0	2865
4148	0	2865
4149	0	1620
4150	0	3182
4151	0	2124
4152	0	2385
4153	2	2292
4154	0	2865
4155	0	3182
4156	0	1335
4158	2	3182
4160	0	1239
4161	0	69
4162	0	1620
4163	0	2196
4164	2	1335
4165	0	1908
4166	0	285
4168	0	2292
4179	0	437
4180	0	573
4181	0	549
4182	0	807
4183	0	1692
4184	0	3182
4185	0	3182
4186	0	597
4187	0	1764
4188	0	1191
4189	0	1191
4190	0	807
4192	2	3182
4193	2	3182
4194	0	807
4195	0	749
4196	0	3182
4197	0	3182
4198	0	3422
4199	0	3662
4200	0	3662
4201	0	61
4202	0	2673
4203	0	1431
4204	0	3182
4205	0	2961
4206	2	3422
4207	2	3662
4208	2	3662
4209	0	1764
4210	2	2673
4211	0	1764
4212	2	3182
4213	2	2961
4214	0	2052
4215	0	1836
4216	0	1527
4217	0	1620
4218	0	1620
4219	0	1620
4220	0	1620
4221	0	0
4222	0	1431
4223	0	1431
4224	0	1620
4225	0	1836
4226	0	1692
4227	0	1620
4228	0	1620
4229	0	389
4230	0	775
4231	0	261
4232	0	1031
4233	0	1836
4234	0	1836
4235	0	1836
4236	0	1836
4237	0	1692
4238	0	2052
4239	0	717
4240	0	2865
4241	0	2673
4242	0	2481
4243	0	2577
4244	0	485
4245	0	485
4246	0	285
4251	0	241
4256	0	285
4261	0	225
4270	0	253
4271	0	253
4276	0	253
4278	0	1031
4279	0	903
4280	0	517
4281	0	141
4284	0	85
4286	0	241
4291	0	217
4296	0	269
4301	0	217
4306	0	249
4311	0	233
4316	0	225
4321	0	217
4326	0	217
4329	0	253
4331	0	217
4336	0	217
4341	0	241
4346	0	269
4351	0	249
4356	0	217
4359	2	249
4362	0	253
4366	0	269
4372	0	249
4374	2	269
4376	0	241
4380	2	249
4381	0	225
4388	0	225
4391	0	253
4396	0	253
4401	0	217
4406	0	269
4411	0	241
4418	0	217
4421	0	225
4426	0	217
4431	0	249
4436	0	249
4439	2	249
4441	0	241
4446	0	253
4588	0	253
4596	0	775
4601	0	285
4606	0	241
4611	0	217
4618	0	201
4621	0	285
4626	0	285
4631	0	285
4636	0	249
4639	2	285
4641	0	217
4642	0	253
4644	2	249
4646	0	253
4651	0	225
4657	0	225
4664	0	217
4667	0	249
4672	0	533
4680	0	3422
4681	0	1383
4682	0	3662
4683	0	3662
4684	0	2292
4687	0	217
4688	2	3422
4689	2	1383
4690	2	3662
4692	2	2292
4693	0	225
4696	0	217
4699	2	3662
4701	0	225
4706	0	249
4711	0	225
4716	0	225
4721	0	225
4726	0	225
4729	0	1287
4731	0	217
4734	0	3422
4735	0	3422
4736	0	3422
4737	0	3422
4738	0	3182
4741	0	22
4744	0	3182
4745	0	3182
4746	0	2961
4747	0	807
4749	0	357
4761	0	225
4770	0	285
4771	0	253
4776	0	285
4778	0	2052
4779	0	1527
4780	0	1620
4781	0	1383
4782	0	1431
4783	0	1431
4784	0	1431
4785	0	1620
4786	0	1620
4787	0	2052
4788	0	2577
4789	0	2865
4790	0	2865
4791	0	1764
4792	0	2673
4793	0	3182
4794	0	3182
4795	0	3182
4796	0	3422
4797	0	3182
4798	0	3182
4799	0	3422
4800	0	3662
4801	0	2124
4804	0	1143
4806	0	249
4813	0	97
4816	0	217
4821	0	1620
4826	0	285
4829	0	2124
4830	0	2577
4831	0	2196
4832	0	2673
4833	0	2577
4834	0	533
4835	0	1836
4836	0	1836
4837	0	1836
4838	0	2577
4839	0	2481
4840	0	2673
4841	0	1620
4842	0	1479
4843	0	3182
4844	0	3182
4845	0	3182
4846	0	621
4847	0	2865
4848	2	2673
4849	0	1836
4850	0	2481
4851	0	3182
4852	0	3422
4853	0	2481
4854	0	3182
4855	0	3182
4856	0	3182
4857	0	3182
4858	0	3182
4859	0	3422
4860	0	3182
4861	0	2385
4862	0	3182
4863	2	3182
4864	0	2577
4865	0	2577
4866	0	2577
4867	0	485
4871	0	241
4875	0	253
4876	0	253
4879	0	2052
4880	0	1620
4881	0	269
4884	0	3963
4885	0	3182
4886	0	3182
4889	0	2577
4890	0	485
4891	0	317
4892	2	3963
4893	2	3182
4895	0	141
4896	0	141
4897	0	533
4898	0	2481
4899	0	1095
4900	0	3422
4901	0	2481
4902	0	2865
4903	0	2673
4904	0	3422
4905	0	3422
4906	0	3662
4907	0	3182
4908	2	3422
4909	0	2865
4910	0	2673
4911	0	2673
4912	0	2865
4913	2	3422
4914	2	3662
4915	2	3182
4916	0	2124
4917	2	2865
4918	0	1836
4919	0	2052
4920	0	2052
4921	0	0
4922	0	2052
4923	0	2052
4924	0	2052
4925	0	2052
4926	0	2052
4927	0	1031
4928	0	2124
4929	0	2052
4930	0	2292
4931	0	1764
4932	0	775
4933	0	2052
4934	0	2052
4935	0	2052
4936	0	2292
4937	0	2052
4938	0	47
4940	0	1031
4941	0	253
4942	0	1692
4943	0	871
4945	0	2124
4946	0	2292
4947	0	1527
4948	0	2052
4949	0	2196
4951	0	249
4955	0	807
4956	0	1692
4957	0	717
4958	0	1287
4959	2	249
4960	0	1143
4961	0	1143
4962	0	1527
4963	0	1031
4964	0	1620
4965	0	1479
4966	0	1479
4967	0	1479
4968	0	437
4969	0	285
4970	0	485
4971	0	405
4972	0	293
4973	0	1431
4974	0	325
4975	0	357
4976	0	1764
4977	0	1479
4978	0	1479
4979	0	1239
4980	2	293
4981	0	967
4982	0	1287
4983	0	141
4984	0	573
4985	0	2196
4986	0	2673
4987	0	2196
4988	0	177
4989	0	1431
4990	0	1836
4992	2	573
4993	2	2196
4994	2	2673
4995	0	501
4996	2	177
4997	0	389
4998	0	301
4999	0	717
5000	0	1764
5001	0	903
5002	0	1143
5003	0	501
5004	0	1031
5005	0	903
5006	0	645
5007	0	1620
5008	0	1836
5009	0	1836
5010	0	1836
5011	0	549
5012	0	217
5013	0	485
5014	0	2292
5015	0	903
5016	0	2385
5017	0	2673
5018	0	2124
5019	0	2865
5020	0	2481
5021	0	2385
5022	0	2865
5023	0	1191
5024	0	1063
5025	0	2865
5026	0	2673
5027	2	2865
5028	0	2481
5029	0	1620
5030	0	1620
5031	0	177
5032	0	2196
5033	2	2865
5034	0	2961
5035	0	3182
5036	0	2865
5037	0	2961
5038	0	2961
5040	0	22
5041	0	1335
5042	0	807
5043	0	2673
5044	0	2865
5045	0	2577
5046	0	2481
5047	0	2577
5048	2	22
5049	0	2961
5059	0	2865
5060	0	2865
5061	0	1980
5062	0	2577
5063	0	2292
5064	0	2292
5065	0	2292
5066	0	2292
5067	0	2292
5068	0	2292
5069	0	1287
5070	0	2577
5071	0	1620
5072	0	2292
5073	0	2124
5074	0	2292
5075	0	2292
5076	0	2577
5077	0	2577
5078	0	2577
5079	0	573
5080	0	1287
5081	0	241
5082	0	1287
5083	0	573
5084	0	533
5085	0	2577
5086	0	2577
5087	0	1980
5088	0	2865
5089	0	3182
5090	0	2577
5091	0	2481
5092	0	1572
5093	0	1692
5094	0	405
5095	0	1239
5096	0	3182
5097	0	2865
5098	0	2865
5099	0	285
5100	0	1620
5101	0	2196
5102	0	3182
5103	0	3422
5104	0	3662
5105	0	3182
5106	0	3182
5107	0	967
5108	0	2481
5109	0	1620
5110	2	3182
5112	2	3662
5113	2	3182
5114	2	3182
5115	0	2292
5116	0	2577
5117	0	2673
5118	0	2481
5119	2	3422
5120	0	2673
5121	0	1764
5122	0	2577
5123	0	157
5124	0	2292
5125	0	573
5126	0	2196
5127	0	2577
5128	0	2577
5129	0	2292
5130	0	1836
5131	0	1980
5132	0	3182
5133	0	2673
5134	0	3182
5135	0	2196
5136	0	2865
5137	0	2577
5138	0	2577
5139	0	1620
5140	0	2865
5141	0	1620
5142	0	2865
5144	0	2052
5145	0	1980
5146	0	2196
5147	0	1980
5148	0	2673
5149	0	645
5150	0	549
5151	0	121
5152	0	325
5153	0	1479
5154	0	2673
5155	0	2961
5156	0	2961
5157	0	717
5158	2	549
5159	0	2577
5160	0	2124
5161	0	1143
5162	2	2673
5163	0	2196
5164	0	2481
5165	0	2481
5166	0	2961
5167	0	2481
5168	0	1980
5169	0	2865
5170	0	2961
5171	0	2292
5172	0	2673
5173	0	2673
5174	0	2481
5175	0	2673
5176	0	325
5177	0	485
5178	2	2961
5179	0	325
5180	0	2292
5181	0	2292
5182	0	1836
5183	0	1620
5184	0	2292
5185	0	645
5186	0	2385
5187	0	3182
5188	0	2865
5189	0	3182
5190	0	3182
5191	0	1980
5192	0	3182
5193	0	3422
5194	0	3422
5195	0	3422
5196	0	2865
5197	2	3182
5198	2	3182
5199	0	2577
5200	0	217
5201	0	405
5202	0	2481
5203	0	2865
5204	0	2865
5205	0	2865
5206	0	2865
5207	0	2865
5208	0	193
5209	0	2481
5210	0	3422
5211	0	3182
5212	0	3182
5213	0	2961
5214	0	2865
5215	0	2865
5216	0	405
5217	0	903
5218	2	3422
5219	2	3182
5220	0	125
5221	0	125
5222	0	1095
5223	0	1095
5224	0	1239
5225	0	807
5226	0	903
5227	0	1239
5228	0	453
5229	0	1479
5230	0	1620
5231	0	269
5232	0	1620
5233	2	807
5234	0	241
5235	0	1191
5236	2	453
5237	0	1239
5238	0	1239
5239	2	269
5240	2	1620
5241	0	2481
5242	0	1031
5243	2	1191
5244	0	2124
5245	0	2052
5246	0	2577
5247	0	2961
5248	0	2196
5249	0	2292
5250	0	967
5251	0	1620
5252	0	2865
5253	0	2865
5254	0	2865
5255	0	2673
5256	0	2865
5257	0	1980
5258	0	3182
5259	0	1692
5260	0	871
5261	0	645
5262	0	597
5263	0	405
5264	0	2196
5265	0	2385
5266	0	3182
5267	0	3182
5268	2	871
5269	2	645
5270	0	1287
5271	0	1980
5272	0	2961
5273	0	3182
5274	0	3182
5275	0	3182
5276	0	2196
5277	0	2481
5278	0	2124
5279	0	2577
5280	0	2196
5281	0	2052
5282	0	2865
5283	0	2865
5284	0	2865
5285	0	3182
5286	0	3182
5287	0	3182
5288	0	2481
5289	0	2865
5290	0	2865
5291	0	1620
5292	0	1980
5293	2	3182
5294	0	2577
5295	0	2577
5296	0	1620
5297	0	2196
5298	0	2196
5299	0	285
5300	0	28
5301	0	485
5302	0	125
5303	0	1836
5304	0	1620
5305	0	1620
5306	0	2292
5307	0	1431
5308	0	2292
5330	0	32
5331	0	485
5332	0	32
5333	0	2196
5334	0	2124
5335	0	2124
5336	0	1764
5337	0	1431
5338	0	2052
5339	0	999
5340	0	1908
5341	0	1335
5342	0	2673
5343	0	2673
5344	0	2196
5345	0	2865
5346	0	2961
5347	0	2865
5348	0	2673
5349	0	1836
5350	0	3182
5351	0	1620
5352	0	2481
5353	0	2865
5354	0	2865
5355	0	2865
5356	0	2865
5357	0	2865
5358	0	2865
5359	0	1431
5360	0	1620
5362	0	2196
5363	0	2865
5364	0	2865
5365	0	2865
5366	0	2865
5367	2	1431
5368	0	2865
5369	0	2865
5370	0	2865
5371	0	3182
5372	0	3182
5373	0	2865
5374	0	2865
5375	0	2196
5376	0	2577
5377	2	2865
5378	0	2577
5390	0	3182
5391	0	2481
5392	0	3182
5393	0	2961
5394	0	2961
5395	0	2961
5396	0	3422
5397	0	3182
5398	0	3182
5399	0	3182
5400	0	3182
5401	0	1572
5402	0	3182
5403	0	3182
5404	0	3182
5405	0	3182
5406	0	2961
5407	0	3182
5408	2	3182
5409	0	2673
5410	0	3182
5411	0	1980
5412	0	3182
5413	0	2961
5414	0	2865
5415	0	3182
5416	0	3182
5417	0	597
5418	0	775
5419	0	775
5420	0	775
5421	0	775
5422	0	775
5423	0	1191
5424	0	2577
5425	0	2124
5426	0	3182
5427	0	2961
5428	0	717
5429	0	2481
5430	0	871
5431	0	2673
5432	0	2865
5433	0	3182
5434	0	2865
5435	0	3182
5436	0	3422
5437	0	3662
5438	0	1287
5439	0	269
5440	0	3662
5441	0	1620
5442	0	3662
5443	0	3422
5444	0	3422
5445	0	3422
5446	0	3422
5447	2	269
5448	2	3662
5449	0	2196
5450	2	3662
5452	2	3422
5453	2	3422
5454	2	3422
5455	0	2292
5456	0	2673
5457	2	2196
5458	0	2481
5459	2	3422
5460	0	2577
5461	0	1431
5462	0	1908
5463	0	2292
5464	0	2292
5465	0	2292
5466	0	2577
5467	0	2577
5468	0	2577
5469	0	967
5470	0	1479
5471	0	1287
5472	0	1287
5473	0	317
5474	2	2577
5475	0	2124
5476	2	2577
5477	0	2052
5478	0	2292
5479	0	2577
5480	0	2865
5481	0	201
5482	0	3182
5483	0	2865
5484	0	2577
5485	0	2577
5486	0	2292
5487	0	2292
5488	0	2124
5489	0	2292
5490	0	2865
5491	0	2481
5492	0	2577
5493	0	1764
5494	0	2292
5495	0	2292
5496	0	2124
5497	0	2577
5498	0	2577
5499	0	2577
5500	0	2577
5501	0	999
5502	0	2865
5503	0	2577
5504	0	2052
5505	0	2865
5506	0	2577
5507	0	2577
5508	0	2577
5509	0	2481
5510	0	1239
5511	0	549
5512	0	807
5513	0	3182
5514	0	2865
5515	0	2865
5516	0	2865
5517	0	2865
5518	0	2865
5519	0	3182
5520	0	3422
5521	0	2865
5522	0	3422
5523	0	2865
5524	0	2673
5525	0	2961
5526	0	2865
5527	0	2865
5528	2	3422
5529	0	1980
5530	0	2865
5531	0	1836
5532	0	2961
5533	0	3182
5534	0	2865
5535	0	2865
5536	0	2865
5537	0	2865
5538	0	3182
5539	0	1239
5540	0	1335
5541	0	597
5542	0	201
5543	0	2052
5544	0	2865
5545	0	2865
5546	0	2673
5547	0	2865
5548	2	1335
5549	0	2577
5550	0	269
5551	0	2292
5552	0	3963
5553	0	3422
5554	0	3182
5555	0	3182
5556	0	2961
5557	2	2577
5558	2	269
5559	2	2292
5560	2	3963
5562	2	3182
5563	2	3182
5564	0	2292
5565	0	1908
5566	0	157
5567	0	2577
5568	0	2292
5569	2	3422
5570	0	2124
5571	0	2196
5572	0	2577
5573	0	1287
5574	0	157
5575	0	1620
5576	0	1479
5577	0	1287
5578	0	1287
5579	0	533
5580	0	1143
5581	0	1431
5582	0	177
5583	0	3182
5584	0	3182
5585	0	3422
5586	0	3422
5587	0	3422
5588	2	1143
5589	0	3182
5590	0	2865
5591	0	2961
5592	2	3182
5593	2	3422
5594	2	3422
5595	2	3422
5596	0	1527
5597	0	1692
5598	0	1836
5599	0	1836
5600	0	1692
5601	0	301
5602	0	903
5603	0	903
5604	0	1031
5605	0	1031
5606	0	1031
5607	0	373
5608	0	903
5609	0	1527
5610	0	1908
5611	0	1836
5612	0	2196
5613	0	2292
5614	0	2196
5615	0	2577
5616	0	2865
5617	0	2577
5618	0	2577
5619	0	2577
5620	0	2577
5621	0	1431
5622	0	2292
5623	0	2292
5624	0	2292
5625	0	2292
5626	0	2292
5627	0	2052
5628	0	2052
5629	0	1031
5630	0	573
5631	0	97
5632	0	2124
5633	0	2052
5634	0	2052
5635	0	2052
5636	0	1908
5637	0	2052
5638	0	645
5639	0	22
5640	0	22
5641	0	105
5642	0	157
5643	0	141
5644	0	141
5645	0	141
5646	0	125
5647	0	141
5648	0	193
5649	0	22
5650	0	201
5651	0	225
5652	0	1980
5653	0	2196
5654	0	1836
5655	0	2196
5656	0	217
5657	0	2673
5658	0	2673
5659	2	225
5660	0	1431
5661	0	1764
5662	0	2577
5663	0	2865
5664	2	217
5665	0	2961
5666	2	2673
5667	0	2481
5668	0	2292
5669	0	113
5670	0	967
5672	0	113
5673	0	1095
5674	0	967
5676	0	1431
5677	0	1620
5678	0	2865
5679	0	2052
5680	0	967
5681	0	3182
5682	0	3422
5683	0	3422
5684	0	2865
5685	0	3422
5686	0	3422
5687	0	2052
5688	0	2481
5689	2	3182
5700	0	2292
5701	0	1620
5702	0	2292
5703	0	2124
5704	0	2577
5705	0	2577
5706	0	2577
5707	0	967
5708	0	999
5709	0	645
5710	0	807
5711	0	2481
5712	0	2577
5713	0	2577
5714	0	2577
5715	0	2292
5716	0	2196
5717	0	1095
5718	0	807
5719	0	2673
5720	0	2196
5721	0	1620
5722	0	1980
5723	0	2196
5724	0	325
5725	0	241
5726	0	903
5727	0	2577
5728	0	2673
5729	0	3182
5730	0	3182
5731	0	2385
5732	0	1620
5733	0	1287
5734	0	141
5735	0	2196
5736	2	2673
5737	2	3182
5738	2	3182
5739	0	1287
5740	0	645
5741	0	549
5742	0	1764
5743	0	1191
5744	0	3182
5745	0	2292
5746	0	2865
5747	0	2196
5748	0	1620
5750	0	2052
5751	0	2673
5752	0	3422
5753	0	3182
5754	0	2961
5755	0	2481
5756	0	2865
5757	0	2196
5758	0	2961
5759	2	2673
5760	0	2865
5762	2	2961
5763	2	2481
5764	2	2865
5765	0	1527
5766	0	1836
5767	0	1527
5768	0	1836
5769	2	3182
5770	0	903
5771	0	1431
5772	0	903
5774	0	903
5775	0	261
5776	0	1143
5777	0	1431
5778	0	1692
5779	0	2292
5780	0	2292
5781	0	1620
5782	0	2577
5783	0	2673
5784	0	2673
5785	0	2196
5786	0	2865
5787	0	2481
5788	0	2292
5789	0	1031
5790	0	903
5791	0	2124
5792	0	2292
5793	0	2292
5794	0	2292
5795	0	2292
5796	0	2292
5797	0	2292
5798	0	2196
5799	0	2865
5800	0	2865
5801	0	1479
5802	0	2577
5803	0	2577
5804	0	2292
5805	0	2292
5806	0	2292
5807	0	2577
5808	0	2577
5809	0	533
5810	0	999
5811	0	533
5812	0	967
5814	0	1143
5815	0	1908
5816	0	1908
5817	0	1143
5818	0	2481
5819	0	2481
5820	0	2865
5821	0	2124
5822	0	2577
5823	0	2865
5824	0	1764
5825	0	2385
5826	0	1908
5827	2	2481
5828	2	2865
5829	0	1479
5830	2	2577
5831	2	2865
5832	0	717
5833	0	2481
5834	0	1620
5835	0	2673
5836	0	2577
5837	0	2292
5838	0	177
5839	0	1239
5841	0	177
5842	0	2292
5843	0	2865
5844	0	2673
5845	0	2196
5847	0	2865
5848	0	177
5849	0	105
5850	0	3182
5851	0	2673
5852	0	2577
5853	0	2196
5854	0	2577
5855	0	2577
5856	0	1287
5857	0	2196
5858	2	3182
5859	0	2577
5860	0	1908
5861	0	573
5862	0	1620
5863	0	2292
5864	0	1287
5865	0	2577
5866	0	2577
5867	0	2577
5868	0	1431
5869	0	645
5870	0	61
5871	0	325
5872	0	22
5873	0	22
5874	0	22
5875	0	1479
5876	0	1620
5877	0	2292
5878	0	2481
5879	0	1431
5880	0	1908
5881	0	2865
5882	0	3662
5883	0	3662
5884	0	3662
5885	0	1908
5886	0	3182
5887	0	2865
5888	0	3422
5889	2	2865
5890	2	3662
5892	2	3662
5893	2	1908
5894	2	3182
5895	0	2292
5896	2	3422
5897	0	1908
5898	0	2124
5899	2	3662
5900	0	775
5901	0	15
5902	0	573
5903	0	2292
5904	0	2124
5905	0	2292
5906	0	2292
5907	0	2292
5908	0	2124
5909	0	2292
5910	0	1143
5911	0	2196
5912	0	2292
5913	0	2124
5914	0	2292
5915	0	2292
5916	0	1908
5917	0	2292
5918	0	2292
5919	0	621
5929	0	1620
5930	0	1143
5931	0	903
5932	0	2673
5933	0	2196
5934	0	2481
5935	0	2196
5936	0	2196
5937	0	1239
5938	0	967
5939	0	405
5940	0	1620
5941	0	485
5942	0	1431
5943	0	125
5944	0	2196
5945	0	2481
5946	0	3182
5947	0	3422
5948	0	3422
5949	0	1063
5950	0	2865
5951	0	145
5952	0	3963
5953	0	3422
5954	2	3182
5955	0	2865
5956	2	3422
5957	0	645
5958	2	2865
5959	0	1431
5960	2	3963
5962	0	2673
5963	2	2865
5964	0	2292
5965	0	2292
5966	0	2577
5967	0	1908
5968	0	2577
5969	2	3422
5970	0	1143
5971	0	1287
5972	0	485
5973	0	1431
5974	0	2052
5975	0	1620
5976	0	2292
5977	0	2292
5978	0	2292
5979	0	2577
5980	0	1620
5981	0	26
5982	0	1479
5983	0	2052
5984	0	2673
5985	0	2673
5986	0	2577
5987	0	2577
5988	0	2577
5989	0	2865
5990	0	1143
5991	0	2292
5992	0	2961
5993	0	2865
5994	0	2865
5995	0	2481
5996	0	2292
5997	0	2481
5998	0	2481
5999	0	437
6009	2	2865
6010	0	1287
6011	0	1095
6012	0	1287
6013	0	1287
6014	0	1287
6015	0	125
6016	2	2865
6017	0	2052
6018	0	2052
6019	0	2292
6020	0	2052
6021	0	2292
6022	0	2865
6023	0	3182
6024	0	3182
6025	0	1287
6026	0	1287
6027	2	2292
6028	0	903
6029	0	1143
6030	0	373
6032	2	3182
6033	0	1527
6034	0	1908
6035	0	2292
6036	0	2052
6037	0	2124
6038	0	2292
6039	2	3182
6040	0	2577
6041	0	1692
6042	0	2124
6043	0	2052
6044	0	1908
6045	0	1143
6046	0	2052
6047	0	2052
6048	0	2052
6049	0	1527
6050	0	1287
6051	0	1764
6052	0	1908
6053	0	1836
6054	0	2052
6055	0	2052
6056	0	2052
6057	0	1908
6058	0	2052
6059	0	2292
6060	0	2052
6061	0	1287
6062	0	2052
6063	0	2124
6064	0	2052
6065	0	2052
6066	0	1908
6067	0	2052
6068	0	2052
6069	0	1620
6070	0	2052
6071	0	1908
6072	0	2052
6073	0	2052
6074	0	2052
6075	0	2292
6076	0	2292
6077	0	2292
6078	0	2124
6079	0	2292
6080	0	2292
6081	0	1143
6082	0	2292
6083	0	2292
6084	0	2292
6085	0	2292
6086	0	2292
6087	0	2292
6088	0	2292
6089	0	22
6090	0	157
6091	0	437
6092	0	967
6093	0	2577
6094	0	2577
6095	0	2577
6096	0	2577
6097	2	22
6098	0	573
6109	0	3662
6110	0	3662
6111	0	3182
6112	0	3422
6113	0	2865
6114	0	3182
6115	0	3182
6116	0	3182
6117	2	3662
6118	2	3662
6119	2	3182
6120	0	2865
6121	0	1836
6122	0	3182
6123	0	2481
6124	0	2865
6125	0	2292
6126	0	325
6127	0	2961
6128	0	2865
6129	0	2961
6130	0	2385
6131	0	2961
6132	0	3182
6133	0	3182
6134	0	55
6135	0	2865
6136	0	3422
6137	0	3422
6138	0	3182
6139	0	2481
6149	0	201
6150	0	225
6151	0	357
6152	0	485
6153	0	2196
6154	0	2196
6155	0	2577
6156	0	1836
6157	0	269
6158	2	225
6159	0	839
6160	0	775
6161	0	717
6162	0	717
6163	0	717
6164	0	717
6165	2	269
6166	0	1908
6167	0	109
6168	0	1620
6169	0	2292
6170	0	2865
6171	0	2673
6172	0	3182
6173	0	3422
6174	0	3182
6175	0	2481
6176	0	2865
6177	0	2865
6178	0	2481
6179	0	2577
6180	0	2577
6182	2	3182
6183	0	2292
6184	0	1908
6185	2	2865
6186	0	1908
6187	0	2124
6188	0	2124
6189	2	3422
6190	0	2124
6191	0	1764
6192	0	2292
6193	0	1908
6194	0	2124
6195	0	2292
6196	0	2292
6197	0	2292
6198	0	2292
6199	0	1143
6200	0	1287
6201	0	389
6202	0	1287
6203	0	437
6204	0	285
6205	0	645
6206	0	1908
6207	0	1908
6208	0	2865
6209	0	3182
6210	0	3422
6211	0	3182
6212	0	2673
6213	0	2865
6214	0	2865
6215	0	2961
6216	0	2865
6217	0	2865
6218	2	3422
6219	2	3182
6220	0	2577
6221	0	1620
6222	0	2577
6223	2	2961
6224	0	2292
6225	0	2292
6226	0	1764
6227	0	2292
6228	0	2292
6229	0	1287
6230	0	1479
6231	0	15
6232	0	1431
6233	0	2292
6234	0	1692
6235	0	2292
6236	0	1764
6237	0	1692
6238	0	2577
6239	0	2865
6240	0	3182
6241	0	2481
6242	0	2865
6243	0	2961
6244	0	2865
6245	0	2865
6246	0	3182
6247	0	2052
6248	2	3182
6249	0	2292
6250	0	2577
6251	0	1908
6252	0	2577
6253	0	2577
6254	0	1764
6255	0	2196
6256	0	2577
6257	0	2481
6258	0	2052
6259	0	2577
6260	0	2577
6261	0	1620
6262	0	2577
6263	0	2865
6264	0	2052
6265	0	2052
6266	0	2865
6267	0	2865
6268	0	2673
6269	0	621
6270	0	1095
6271	0	241
6273	0	269
6274	0	2292
6275	0	2865
6276	0	2865
6277	0	2865
6278	0	3182
6279	0	1287
6280	0	249
6281	0	3542
6282	0	2577
6283	0	2865
6284	0	2865
6285	0	2196
6286	0	2865
6287	2	1287
6288	0	2577
6289	2	3542
6290	0	1980
6291	0	2673
6292	0	2865
6293	0	1095
6294	0	1095
6295	0	177
6296	0	1143
6297	0	2481
6298	0	2196
6299	0	2481
6300	0	2577
6301	0	903
6302	0	2865
6303	0	3182
6304	0	3182
6305	0	2865
6306	0	3182
6307	0	3182
6308	0	3182
6309	0	2673
6310	0	3182
6311	0	2961
6312	0	3182
6313	2	2865
6314	0	2673
6315	2	3182
6316	2	3182
6317	0	2577
6318	2	3182
6319	0	1980
6320	0	2577
6321	0	2052
6322	0	2865
6323	0	2865
6324	0	2673
6325	0	2577
6326	0	2577
6327	0	2481
6328	0	2865
6329	0	2865
6330	0	2673
6331	0	2052
6332	0	2865
6333	0	2865
6334	0	2673
6335	0	2673
6336	0	2196
6337	0	2865
6338	0	2196
6339	0	325
6340	0	1095
6341	0	241
6342	0	177
6343	0	1620
6344	0	645
6345	0	2865
6346	0	2865
6347	0	269
6348	0	2865
6349	0	2673
6350	0	3182
6351	0	2673
6352	0	3422
6353	0	3662
6354	0	3422
6355	2	269
6356	0	2577
6357	0	2577
6358	0	2577
6359	0	2673
6360	0	2292
6362	2	3422
6363	0	1620
6364	0	1908
6365	0	2292
6366	0	2292
6367	0	2577
6368	0	2577
6369	2	3662
6370	0	1620
6371	0	241
6372	0	1620
6373	0	1620
6374	0	999
6375	0	1620
6376	0	1620
6377	0	967
6378	0	1620
6380	0	28
6381	0	645
6382	0	1908
6383	0	3662
6384	0	3662
6385	0	3822
6386	0	3963
6387	0	2769
6388	0	3963
6389	2	645
6390	2	1908
6392	0	2865
6393	2	3822
6394	2	3963
6395	2	2769
6396	2	3963
6397	0	1143
6398	0	1143
6399	2	3662
6400	0	871
6401	0	1479
6402	0	1287
6403	0	2481
6404	0	2292
6405	0	2292
6406	0	1287
6407	0	1908
6408	0	775
6409	0	1143
6410	0	693
6411	0	1908
6412	0	2124
6413	0	2124
6414	0	1287
6415	0	2124
6416	0	967
6417	0	717
6418	0	1692
6419	0	2052
6431	0	4
6433	0	217
6434	0	501
6435	0	405
6436	0	1764
6437	0	133
6438	0	133
6439	0	871
6440	0	1431
6441	0	437
6442	2	501
6443	0	1287
6444	0	1431
6445	0	1836
6446	0	749
6447	2	871
6448	0	1143
6449	0	453
6450	0	967
6451	0	1764
6452	0	3422
6453	0	3182
6454	0	2865
6455	0	3182
6456	0	1431
6457	0	3182
6458	0	3422
6459	0	1908
6460	0	3422
6461	0	1191
6462	0	3182
6463	0	3182
6464	0	3182
6465	0	2865
6466	0	2673
6467	0	1620
6468	0	2385
6469	2	1191
6470	0	2577
6472	0	2577
6473	0	2577
6474	0	2577
6475	0	2673
6476	2	2385
6477	0	2577
6478	0	2292
6479	2	3182
6480	0	2577
6481	0	1479
6482	0	2577
6483	0	2577
6484	0	1479
6485	0	2577
6486	0	2292
6487	0	1692
6488	0	2124
6489	0	717
6490	0	1143
6491	0	645
6492	0	645
6493	0	1287
6494	0	1479
6495	0	967
6496	0	807
6497	0	1620
6498	0	1479
6499	0	1479
6510	0	807
6511	0	1287
6512	0	1095
6513	0	1479
6514	0	357
6515	0	2196
6516	0	2673
6517	0	1980
6518	0	2577
6519	0	2577
6520	0	2865
6521	0	2385
6522	0	3422
6523	0	2769
6524	0	3422
6525	0	3422
6526	0	3182
6527	0	3182
6528	0	3182
6529	2	2385
6530	0	2865
6531	0	2673
6532	2	3422
6533	2	3422
6534	2	3182
6535	0	2577
6536	2	3182
6537	0	2481
6538	2	2865
6539	0	2577
6540	0	1692
6541	0	871
6542	0	1692
6543	0	2481
6544	0	2124
6545	0	1692
6546	0	1692
6547	0	1692
6548	0	2124
6549	0	1692
6550	0	2292
6551	0	1692
6552	0	2124
6553	0	2292
6554	0	2292
6555	0	2292
6556	0	2577
6557	0	2196
6558	0	1980
6559	0	2577
6560	0	2577
6561	0	1980
6562	0	2577
6563	0	2577
6564	0	2577
6565	0	2577
6566	0	2481
6567	0	2577
6568	0	2577
6569	0	1620
6570	0	1980
6571	0	1479
6572	0	2577
6573	0	2577
6574	0	2124
6575	0	2577
6576	0	2577
6577	0	2577
6578	0	2673
6579	0	1143
6580	0	871
6581	0	73
6582	0	485
6583	0	1143
6584	0	2577
6585	0	2577
6586	0	1692
6587	0	2577
6588	0	807
6589	0	269
6590	0	1836
6591	0	1620
6592	0	2577
6593	0	2577
6594	0	2577
6595	0	2577
6596	0	2577
6597	2	269
6598	0	2577
6599	0	1479
6600	0	2865
6601	0	2292
6602	0	1620
6603	0	2865
6604	0	2865
6605	0	2865
6606	0	3422
6607	0	3182
6608	0	3422
6609	0	3422
6610	0	2961
6611	0	1980
6612	0	3182
6613	0	2961
6614	0	2865
6615	0	2865
6616	2	3422
6617	2	3422
6618	0	2577
6619	0	1143
6620	0	1143
6621	0	533
6622	0	1479
6623	0	2865
6624	0	2865
6625	0	2865
6626	0	2673
6627	0	2865
6628	0	2961
6629	0	3422
6630	0	3662
6631	0	2769
6632	0	3422
6633	0	3422
6634	0	3182
6635	0	3182
6636	0	1095
6637	2	3422
6638	2	3662
6639	0	967
6640	0	1980
6642	0	2865
6643	0	2865
6644	0	1431
6645	0	2865
6646	0	2865
6647	0	1431
6648	0	1431
6649	2	3422
6650	0	573
6651	0	317
6653	0	405
6654	0	2292
6655	0	2577
6656	0	573
6657	0	533
6658	0	645
6659	0	807
6660	0	405
6661	0	145
6662	0	2577
6663	0	2865
6664	0	645
6665	0	669
6666	0	3662
6667	0	3963
6668	0	3963
6669	0	2292
6670	0	2577
6671	0	2124
6672	0	2385
6673	0	2577
6674	2	3662
6675	2	3963
6676	2	3963
6677	0	1836
6678	0	549
6679	0	669
6680	0	2385
6681	0	1431
6682	0	3662
6683	0	3182
6684	0	2961
6685	0	15
6686	0	26
6687	0	26
6688	0	1095
6689	2	1431
6690	2	3662
6691	0	903
6692	0	1143
6693	0	15
6694	0	22
6696	2	1095
6697	0	389
6698	0	1095
6699	0	389
6700	0	967
6701	0	807
6702	0	1239
6703	0	1239
6704	0	1335
6705	0	1572
6706	0	1191
6707	0	2865
6708	0	2865
6709	0	2124
6710	0	2865
6711	2	1239
6712	0	1836
6713	0	2865
6714	0	2481
6715	2	2865
6716	0	2673
6717	0	2481
6718	2	2865
6719	0	2196
6720	0	2865
6721	2	2865
6722	0	2865
6723	0	2577
6724	2	2673
6725	2	2481
6726	0	2292
6727	2	2196
6728	0	2052
6740	0	2052
6741	0	903
6742	0	0
6743	0	1908
6744	0	1527
6745	0	1620
6746	0	2052
6747	0	1908
6748	0	2052
6749	0	1031
6750	0	1143
6751	0	1031
6752	0	1031
6753	0	1143
6754	0	1143
6755	0	1031
6756	0	1143
6757	0	253
6758	0	2577
6759	0	2865
6760	0	2865
6761	0	1980
6762	0	3422
6763	0	3422
6764	0	3422
6765	0	3422
6766	0	3422
6767	2	2865
6768	0	1980
6769	0	1692
6770	0	2292
6772	0	2124
6773	2	3422
6774	0	1527
6775	0	2052
6776	0	1031
6777	0	1031
6778	0	1063
6779	2	3422
6780	0	157
6781	0	775
6782	0	2052
6783	0	2292
6784	0	2292
6785	0	2481
6786	0	1479
6787	0	1620
6788	0	2292
6789	0	1764
6790	0	2124
6791	0	2124
6792	0	2292
6793	0	2292
6794	0	1692
6795	0	2577
6796	0	225
6797	0	2196
6798	0	2577
6799	0	2577
6800	0	2577
6801	0	1431
6802	0	1431
6803	0	1287
6804	2	225
6805	2	2196
6806	0	389
6807	0	693
6808	0	693
6809	0	693
6810	0	1620
6811	0	1143
6812	0	1836
6813	0	1980
6814	0	1620
6815	0	1692
6816	0	1620
6817	0	2196
6818	0	2196
6819	0	1980
6820	0	1620
6821	0	1143
6822	0	1431
6823	0	1479
6824	0	1479
6825	0	1287
6826	0	1335
6827	0	1095
6828	0	1431
6829	0	241
6830	0	645
6831	0	201
6832	0	597
6833	0	999
6834	0	597
6835	0	645
6836	0	1063
6837	0	1980
6838	0	1287
6839	0	501
6840	2	597
6841	2	999
6842	2	597
6843	2	645
6844	2	1063
6845	2	1980
6846	0	301
6847	2	501
6848	0	437
6849	0	1063
6850	0	717
6851	0	333
6852	0	261
6853	0	9
6854	0	9
6855	0	1191
6856	0	1063
6857	0	597
6858	0	1836
6859	0	2052
6860	0	1836
6861	0	1143
6862	0	2292
6863	0	1287
6864	0	1620
6865	0	2865
6866	0	2673
6867	0	2865
6868	0	2865
6869	0	1980
6870	0	2577
6871	0	1287
6872	0	2292
6873	0	2577
6874	0	2292
6875	0	2577
6876	0	1980
6877	0	285
6878	0	1620
6879	0	645
6880	0	325
6881	0	437
6882	0	32
6883	0	437
6884	0	1287
6885	0	1287
6886	0	1692
6887	0	1479
6888	0	2292
6889	0	1031
6890	0	1836
6891	0	193
6892	0	2124
6893	0	2124
6894	0	2124
6895	0	1620
6896	0	1980
6897	0	2577
6898	0	2292
6899	0	2124
6900	0	2292
6901	0	717
6902	0	871
6903	0	645
6904	0	999
6906	0	999
6907	0	2577
6908	0	2481
6909	0	2577
6910	0	2292
6911	0	2673
6912	0	3422
6913	0	3182
6914	0	3422
6915	0	3662
6916	0	3422
6917	0	2961
6918	0	3182
6919	2	2673
6920	2	3422
6921	2	3182
6922	2	3422
6923	2	3662
6924	2	3422
6925	2	2961
6926	0	1031
6927	0	485
6928	0	597
6929	0	1764
6930	0	2052
6931	0	1908
6932	0	1143
6933	0	2052
6934	0	1031
6935	0	533
6936	0	597
6937	0	2052
6938	0	1836
6939	0	1908
6940	0	1431
6941	0	645
6942	0	2124
6943	0	1620
6944	0	2052
6945	0	2577
6946	0	2292
6947	0	2292
6948	0	1527
6949	0	437
6950	0	871
6951	0	22
6952	0	1287
6953	0	125
6954	0	2124
6955	0	2292
6956	0	2292
6957	0	967
6958	0	1764
6959	0	1620
6960	0	2577
6961	0	669
6962	0	2961
6963	0	2865
6964	0	2865
6965	0	2577
6966	0	2865
6967	0	1431
6968	0	2577
6969	0	1287
6970	0	2865
6971	0	2673
6972	0	2577
6973	0	2577
6974	0	2292
6975	0	1692
6976	0	2673
6977	0	2481
6978	2	2865
6979	0	1143
6980	0	2124
6981	0	1431
6982	0	2292
6983	0	2292
6984	0	2577
6985	0	2577
6986	0	2577
6987	0	967
6988	0	1095
6989	0	241
6990	0	1620
6991	0	2673
6992	0	2673
6993	0	2577
6994	0	2577
6995	0	2577
6996	0	1908
6997	0	573
6998	0	2124
6999	0	1620
7000	0	2865
7001	0	1836
7002	0	2865
7003	0	2577
7004	0	1980
7005	0	2481
7006	0	717
7007	0	2052
7008	0	2673
7009	0	1764
7010	0	3182
7011	0	1980
7012	0	3182
7013	0	2673
7014	0	903
7015	0	3422
7016	0	3662
7017	0	3182
7018	0	2865
7019	0	3422
7020	0	3662
7021	0	2124
7022	0	3422
7023	0	3662
7024	0	3422
7025	2	3182
7026	0	2385
7027	2	3422
7028	0	3182
7029	0	903
7030	0	1335
7032	0	325
7033	0	2052
7034	0	1620
7035	0	3182
7036	0	2865
7037	0	903
7038	0	1335
7040	0	1431
7041	0	645
7042	0	26
7043	0	225
7044	0	225
7045	0	2481
7046	2	1335
7047	2	3662
7048	2	1431
7049	0	2865
7050	0	26
7051	0	2961
7052	0	3422
7053	2	2481
7054	0	3182
7055	0	2196
7056	0	2577
7057	0	2865
7058	0	1980
7059	0	2865
7060	2	3422
7061	0	2052
7062	0	2577
7063	0	1479
7064	0	2577
7065	0	1980
7066	0	2481
7067	0	2865
7068	0	2577
7069	0	1908
7070	0	2292
7071	0	2124
7072	0	2865
7073	0	2577
7074	0	2292
7075	0	2577
7076	0	2577
7077	0	2577
7078	0	2577
7079	0	1620
7080	0	2577
7081	0	1620
7082	0	2577
7083	0	2577
7084	0	2577
7085	0	2481
7086	0	2577
7087	0	2481
7088	0	2865
7089	0	2865
7090	0	1980
7091	0	2481
7093	0	2481
7094	0	2577
7095	0	1980
7096	0	2577
7097	0	285
7098	0	645
7099	0	141
7100	0	967
7101	0	967
7102	0	2577
7103	0	2577
7104	0	2577
7105	0	125
7106	0	749
7107	0	22
7108	0	2052
7109	0	645
7110	0	389
7111	0	871
7112	0	2577
7113	0	807
7114	0	903
7115	0	1980
7116	0	2577
7117	0	2865
7118	0	3182
7119	0	3422
7120	0	3662
7121	0	3182
7122	2	903
7123	0	2865
7124	0	2385
7125	0	2865
7126	0	2865
7127	2	3422
7128	2	3662
7129	0	1980
7130	0	2865
7131	0	1980
7132	0	1692
7133	0	2577
7134	0	2577
7135	0	2673
7136	0	1479
7137	0	2577
7138	0	2577
7139	0	2673
7140	0	2865
7141	0	1431
7142	0	2865
7143	0	2196
7144	0	2196
7145	0	2865
7146	0	2865
7147	0	2052
7148	0	2865
7149	0	1095
7150	0	1095
7151	0	22
7152	0	177
7153	0	177
7154	0	1143
7155	0	2865
7156	0	3182
7157	0	2961
7158	0	3182
7159	0	2292
7160	0	3822
7161	0	2385
7162	0	4251
7163	0	4251
7164	0	3963
7165	0	3662
7166	0	3182
7167	0	3662
7168	2	3822
7169	2	2385
7170	2	4251
7172	2	3963
7173	2	3662
7174	0	1980
7175	2	3662
7176	0	2577
7177	0	2577
7178	0	2865
7179	2	4251
7180	0	1095
7181	0	573
7182	0	325
7183	0	2124
7184	0	2292
7185	0	1692
7186	0	2292
7187	0	1692
7188	0	2196
7189	0	2481
7190	0	903
7191	0	3182
7192	0	3422
7193	0	3182
7194	0	3182
7195	0	2865
7196	0	1431
7197	0	2961
7198	0	3182
7199	2	3182
7200	0	3182
7201	0	2196
7202	0	2865
7203	0	1980
7204	0	1479
7205	0	2577
7206	0	2577
7207	0	1479
7208	0	2577
7209	0	2577
7210	0	2577
7211	0	1620
7212	0	2577
7213	0	2577
7214	0	1980
7215	0	2577
7216	0	2577
7217	0	2481
7218	0	2577
7219	0	749
7220	0	967
7221	0	485
7222	0	485
7223	0	967
7224	0	645
7225	0	967
7226	0	645
7227	0	1095
7228	0	1764
7229	0	225
7230	0	405
7231	0	1620
7232	0	1836
7233	0	2865
7234	0	1191
7235	0	2865
7236	0	3182
7237	0	3182
7238	0	1431
7239	0	3182
7240	0	3422
7241	0	1287
7242	0	3422
7243	0	3182
7244	0	2481
7245	0	3182
7246	2	1431
7247	0	2865
7248	0	2961
7249	0	2292
7250	0	2481
7251	0	2961
7252	0	3182
7253	0	3422
7254	0	1572
7255	0	1287
7256	0	225
7257	0	485
7258	0	1063
7259	0	3662
7260	0	3422
7261	0	2577
7262	0	3422
7263	0	3422
7264	0	3182
7265	2	485
7266	0	2865
7267	0	3422
7268	2	3422
7269	0	3182
7270	0	3182
7271	0	2481
7272	2	3182
7273	0	903
7274	2	2865
7275	0	2865
7276	0	2865
7277	0	2865
7278	0	2865
7279	0	1620
7280	0	405
7281	0	22
7282	0	1239
7283	0	1908
7284	0	1764
7285	0	201
7286	0	2196
7287	0	3182
7288	0	2124
7289	0	2124
7290	0	3963
7291	2	1908
7292	0	3662
7293	0	3963
7294	0	3662
7295	0	3662
7296	0	3662
7297	0	3182
7298	2	3963
7299	0	2865
7300	2	3662
7302	0	3182
7303	0	3182
7304	0	3182
7305	2	3182
7306	0	1095
7307	2	2865
7308	0	1479
7309	2	3963
7310	0	1287
7311	0	2673
7312	0	2865
7313	0	2673
7314	0	2052
7315	0	2865
7316	0	2865
7317	0	2865
7318	0	2577
7319	0	2481
7320	0	2865
7321	0	2196
7322	0	2052
7323	0	2865
7324	0	2673
7325	0	2577
7326	0	2577
7327	0	2196
7328	0	2865
7329	0	2577
7330	0	2196
7331	0	2481
7332	0	2865
7333	0	2673
7334	0	2577
7335	0	2196
7336	0	2196
7337	0	2577
7338	0	2577
7339	0	2865
7340	0	2673
7341	0	1836
7342	0	2865
7343	0	2865
7344	0	2865
7345	0	2865
7346	0	2865
7347	2	2865
7348	0	2481
7349	0	2865
7350	0	2865
7351	0	2292
7352	0	2865
7353	0	2865
7354	0	2865
7355	0	2865
7356	0	325
7357	0	2196
7358	0	2673
7359	0	1620
7360	0	2961
7361	0	1836
7362	0	2865
7363	0	2481
7364	0	373
7365	0	3422
7366	0	3182
7367	0	2673
7368	2	2961
7369	0	999
7379	0	2052
7380	0	2865
7381	0	2481
7382	0	2673
7383	0	2577
7384	0	967
7385	0	903
7386	0	3422
7387	0	2865
7388	2	2865
7389	0	2865
7390	0	2052
7391	0	1692
7392	0	2577
7393	0	2865
7394	2	3422
7395	2	2865
7396	0	2577
7397	0	2292
7398	0	2292
7399	0	2292
7400	0	2292
7401	0	1431
7402	0	2292
7403	0	2292
7404	0	2865
7405	0	2577
7406	0	2292
7407	0	2292
7408	0	1764
7409	0	693
7420	0	3182
7421	0	1836
7422	0	2865
7423	0	3182
7424	0	2961
7425	0	2673
7426	0	2865
7427	2	2292
7428	2	3182
7429	0	1908
7430	2	2865
7431	0	2124
7432	2	2961
7433	2	2673
7434	0	2052
7435	0	1692
7436	0	2124
7437	0	1764
7438	0	2052
7439	0	2052
7440	0	1908
7441	0	157
7442	0	0
7443	0	1431
7444	0	1764
7445	0	2292
7446	0	2124
7447	0	2052
7448	0	1908
7449	0	1031
7450	0	807
7451	0	1063
7452	0	1620
7453	0	2577
7454	0	2124
7455	0	2292
7456	0	2292
7457	0	2124
7458	0	2124
7459	0	2673
7460	0	2865
7461	0	2481
7462	0	2865
7463	0	2865
7464	0	1479
7465	0	2124
7466	0	1692
7467	0	1764
7468	0	2292
7469	2	2481
7480	0	749
7481	0	9
7482	0	717
7483	0	157
7484	0	999
7485	0	1692
7486	0	1692
7487	0	1620
7488	0	1620
7489	0	1620
7490	0	2052
7491	0	4
7492	0	2052
7493	0	2124
7494	0	1431
7495	0	717
7496	0	157
7497	0	717
7498	0	63
7499	0	1239
7500	0	1908
7501	0	1287
7502	0	1383
7503	0	1527
7504	0	2052
7505	0	2292
7506	0	1764
7507	0	1908
7508	0	1764
7509	0	1431
7510	0	2052
7511	0	1908
7512	0	2052
7513	0	2052
7514	0	1908
7515	0	2052
7516	0	1620
7517	0	2052
7518	0	2124
7519	0	2052
7520	0	2052
7521	0	1527
7522	0	2052
7523	0	2052
7524	0	999
7525	0	2052
7526	0	1383
7527	0	2052
7528	0	2052
7529	0	2052
7539	0	2292
7540	0	2292
7541	0	1692
7542	0	2292
7543	0	2292
7544	0	2292
7545	0	1143
7546	0	2673
7547	0	2865
7548	0	2481
7549	0	2577
7550	0	2196
7551	0	2196
7552	0	2577
7553	0	2577
7554	0	2865
7555	0	2865
7556	0	1479
7557	0	2865
7558	0	1479
7559	0	1479
7560	0	1479
7561	0	269
7562	0	807
7563	0	533
7564	0	807
7565	0	1980
7566	0	2961
7567	0	3422
7568	0	3662
7569	2	269
7570	0	3182
7571	0	3182
7572	0	3662
7573	0	3963
7574	0	3662
7575	2	3422
7576	2	3662
7577	0	1980
7578	2	3182
7579	2	3182
7580	2	3662
7582	2	3662
7583	0	2124
7584	0	1431
7585	0	2196
7586	0	2577
7587	0	2577
7588	0	2577
7589	2	3963
7600	0	141
7601	0	28
7602	0	1908
7603	0	1980
7604	0	3182
7605	0	2865
7606	0	2673
7607	0	1836
7608	0	669
7609	2	28
7610	0	1980
7611	0	2673
7612	0	2865
7613	0	2196
7614	0	2577
7615	2	1836
7616	0	2292
7617	0	2577
7618	0	1479
7619	0	1479
7620	0	1620
7621	0	325
7622	0	2577
7623	0	437
7624	0	1980
7625	0	2124
7626	0	1692
7627	0	2481
7628	0	2196
7629	0	2196
7630	0	1143
7631	0	485
7632	0	2124
7633	0	1692
7634	0	2124
7635	0	2673
7636	0	1479
7637	0	2673
7638	0	2673
7639	0	1836
7640	0	2577
7641	0	999
7642	0	2673
7643	0	2673
7644	0	1980
7645	0	1980
7646	0	2865
7647	0	2196
7648	0	2196
7649	0	597
7650	0	749
7651	0	749
7652	0	2196
7653	0	2865
7654	0	2865
7655	0	2865
7656	0	2865
7657	2	597
7658	2	749
7659	2	749
7660	0	2052
7661	0	1764
7662	0	2292
7663	0	2292
7664	0	2577
7665	0	1836
7666	0	3182
7667	0	2673
7668	0	1692
7669	0	2577
7670	0	2577
7671	0	2481
7672	0	2865
7673	0	2865
7674	0	2961
7675	0	2385
7676	0	3182
7677	0	3182
7678	0	2196
7679	0	2196
7680	0	3182
7681	0	1764
7682	0	3182
7683	0	3182
7684	0	3422
7685	0	3182
7686	0	3182
7687	0	3422
7688	0	3662
7689	0	3422
7690	0	3422
7691	0	2577
7692	0	3422
7693	0	1980
7694	0	3182
7695	0	1980
7696	0	3182
7697	0	3182
7698	2	3422
7699	0	717
7700	0	1572
7701	0	389
7702	0	1692
7703	2	1980
7704	0	1239
7705	0	3182
7706	0	2196
7707	0	1692
7708	0	2865
7709	2	389
7710	0	2865
7711	0	2577
7712	0	3182
7713	0	3422
7714	0	2577
7715	0	3422
7716	0	3422
7717	0	3182
7718	0	2865
7719	0	2865
7720	0	2865
7721	0	999
7722	0	2865
7723	0	3182
7724	0	3182
7725	0	3182
7726	0	2481
7727	0	3182
7728	0	2673
7729	0	1572
7730	0	1692
7731	0	405
7732	0	201
7733	0	2385
7734	0	2961
7735	0	3422
7736	2	2673
7737	0	3182
7738	0	3422
7739	0	2865
7740	0	3662
7741	0	3182
7742	0	3963
7743	0	3963
7744	0	3662
7745	0	1335
7746	2	3422
7747	2	2865
7748	2	3662
7749	2	3182
7750	2	3963
7752	2	3662
7753	2	1335
7754	0	2577
7755	0	2292
7756	0	1908
7757	0	1143
7758	0	1143
7759	2	3963
7760	0	775
7761	0	1143
7762	0	2577
7763	0	2292
7764	0	2292
7765	0	1431
7766	0	1479
7767	0	3182
7768	0	1479
7769	0	1836
7770	0	2292
7771	0	2673
7772	0	2577
7773	0	2292
7774	0	2577
7775	0	1836
7776	0	2577
7777	0	2865
7778	2	2292
7779	0	2124
7780	0	2124
7781	0	1143
7782	0	2292
7783	0	2292
7784	0	2577
7785	0	1620
7786	0	775
7787	0	2052
7788	0	2577
7789	0	241
7790	0	717
7791	0	533
7792	0	1620
7793	0	2292
7794	0	871
7795	0	2481
7796	0	2481
7797	2	241
7798	0	1908
7799	0	2865
7800	0	2865
7801	0	1836
7802	0	2577
7803	0	2673
7804	2	2481
7805	0	807
7806	0	2124
7807	0	2052
7808	0	2124
7809	0	2292
7810	0	2292
7811	0	2124
7812	0	2292
7813	0	2292
7814	0	871
7815	0	2577
7816	0	2577
7817	0	2577
7818	0	2292
7819	0	2577
7820	0	2124
7821	0	1287
7822	0	2577
7823	0	2865
7824	0	2577
7825	0	1980
7826	0	2577
7827	0	2577
7828	0	2292
7829	0	1287
7830	0	1095
7831	0	967
7832	0	325
7833	0	1287
7834	0	2673
7835	0	2673
7836	0	2865
7837	0	2481
7838	2	1095
7839	0	3422
7840	0	3422
7841	0	1620
7842	0	3422
7843	2	2673
7844	0	2865
7845	0	807
7846	0	157
7847	2	3422
7848	2	3422
7849	0	2292
7850	2	3422
7851	0	1063
7852	0	2292
7853	0	125
7854	0	1692
7855	0	2865
7856	0	2577
7857	0	2577
7858	0	1692
7859	0	645
7860	0	2865
7861	0	1620
7862	0	2865
7863	0	2865
7864	0	2673
7865	0	1980
7866	0	2052
7867	0	2673
7868	0	2865
7869	0	2673
7870	0	2865
7871	0	2673
7872	0	2865
7873	0	2865
7874	0	1287
7875	0	2865
7876	0	2865
7877	0	2052
7878	0	1980
7879	0	1980
7880	0	2673
7881	0	645
7882	0	1287
7883	0	2865
7884	0	2865
7885	0	2865
7886	0	2865
7887	0	3182
7888	0	2961
7889	0	2196
7890	0	2961
7891	0	2577
7892	0	1572
7893	0	2961
7894	0	2865
7895	0	2865
7896	0	2865
7897	0	2865
7898	0	2865
7899	0	2961
7900	2	1572
7901	2	2961
7902	0	2865
7903	0	2865
7904	0	2577
7905	0	1620
7906	2	2865
7907	0	2577
7908	0	73
7909	0	871
7910	0	2577
7911	0	1980
7912	0	2577
7913	0	2577
7914	0	2577
7915	0	2577
7917	0	26
7918	0	1143
7919	0	999
7920	0	999
7921	0	549
7922	0	645
7923	0	2865
7924	0	2865
7925	0	2865
7926	0	2577
7927	0	2865
7928	0	2385
7929	2	549
7930	0	1980
7931	0	2673
7932	0	2865
7933	2	2865
7934	0	2577
7935	0	2577
7936	0	1479
7937	0	2865
7938	2	1980
7939	0	2961
7940	0	2865
7941	0	1239
7942	0	2577
7943	0	2292
7944	0	967
7945	0	1095
7946	0	533
7947	0	485
7948	0	437
7949	0	967
7950	0	3182
7951	0	2673
7952	0	967
7953	0	1431
7954	0	1764
7955	0	1908
7956	0	1908
7957	0	2124
7958	2	3182
7959	0	373
7960	0	967
7961	0	1980
7962	0	2961
7963	2	1908
7964	2	1908
7965	2	2124
7966	0	2292
7967	0	2292
7968	0	2865
7969	0	2577
7970	2	2961
7971	0	2124
7972	0	2292
7973	0	2052
7974	0	2052
7975	0	2052
7976	0	1287
7977	0	2052
7978	0	2052
7979	0	1287
7980	0	2052
7981	0	1031
7982	0	2292
7983	0	2292
7984	0	1031
7985	0	1143
7986	0	253
7987	0	1287
7988	0	1527
7989	0	2292
7990	0	2292
7991	0	1431
7992	0	437
7993	0	1287
7994	0	1980
7995	0	2385
7996	0	2292
7997	0	2577
7998	0	2577
7999	0	2577
8000	0	2052
8001	0	1620
8002	0	2577
8003	0	2673
8004	0	2865
8005	0	2865
8006	0	2673
8007	0	2577
8008	0	2577
8009	0	2577
8010	0	2577
8011	0	2196
8012	0	2577
8013	0	2577
8014	0	2577
8015	0	2577
8016	0	2577
8017	0	2577
8018	0	2052
8019	0	2577
8020	0	2577
8021	0	967
8022	0	2865
8023	0	2865
8024	0	1980
8025	0	2196
8026	0	807
8027	0	3182
8028	0	3182
8029	0	717
8030	0	1764
8031	0	1479
8032	0	1764
8033	0	1764
8034	0	2961
8035	0	1908
8036	0	1908
8037	0	597
8038	0	2196
8039	0	3422
8040	0	3662
8041	0	935
8042	0	3963
8043	0	3662
8044	0	3963
8045	0	4251
8046	0	4251
8047	0	4251
8048	2	3662
8049	0	3662
8050	2	3963
8052	2	3963
8053	2	4251
8054	2	4251
8055	2	4251
8056	0	2865
8057	0	1980
8058	0	2865
8059	2	3662
8060	0	2865
8061	0	2673
8062	0	2673
8063	0	2577
8064	0	2577
8065	0	2865
8066	0	2865
8067	0	1479
8068	0	141
8069	0	177
8070	2	2673
8071	0	807
8072	0	2577
8073	0	2577
8074	0	2577
8075	0	2196
8076	0	2052
8077	0	1095
8078	0	3182
8079	0	3182
8080	0	3422
8081	0	2961
8082	0	2961
8083	0	2865
8084	0	2481
8085	0	1431
8086	0	3422
8087	0	2385
8088	0	3182
8089	0	3182
8090	0	2196
8091	0	1764
8092	0	2961
8093	2	1431
8094	0	2577
8095	0	2865
8096	0	3182
8097	0	2961
8098	0	2865
8099	0	3182
8100	0	3182
8101	0	1692
8102	0	2865
8103	0	2865
8104	0	2865
8105	0	2292
8106	0	2865
8107	0	2196
8108	2	3182
8109	0	2961
8110	0	3182
8111	0	2961
8112	0	2865
8113	0	2865
8114	0	3182
8115	0	3182
8116	0	3182
8117	2	2961
8118	0	2865
8119	0	2865
8120	0	2865
8121	0	1620
8122	0	2865
8123	0	2865
8124	0	2865
8125	0	1431
8126	0	1095
8127	0	621
8128	0	2052
8129	0	2865
8130	0	3182
8131	0	2673
8132	0	3182
8133	0	2481
8134	0	3182
8135	0	645
8136	0	3662
8137	0	3662
8138	0	3422
8139	0	2673
8140	0	3182
8141	0	2196
8142	0	3182
8143	2	645
8144	2	3662
8145	0	2481
8146	0	2673
8147	2	2673
8148	0	2673
8149	0	2577
8150	0	2481
8151	0	2481
8152	0	3182
8153	0	2865
8154	0	2481
8155	0	2865
8156	0	2865
8157	0	2865
8158	0	749
8159	0	1287
8160	0	325
8161	0	717
8162	0	2196
8163	0	2673
8164	0	2673
8165	0	2673
8166	0	717
8167	0	3422
8168	0	2865
8169	0	3662
8170	0	3422
8171	0	1764
8172	0	3182
8173	0	3422
8174	0	3182
8175	0	2961
8176	0	2961
8177	2	3662
8178	0	2865
8179	0	2673
8180	0	2961
8181	0	1239
8182	0	2961
8183	0	2865
8184	0	2865
8185	0	2865
8186	0	2865
8187	0	2865
8188	2	2961
8189	0	2961
8190	0	3182
8191	0	2481
8192	0	3182
8193	0	2865
8194	0	2196
8195	0	2865
8196	0	3422
8197	2	2961
8198	0	2865
8199	2	2481
8200	0	2865
8201	0	645
8202	0	2865
8203	0	2673
8204	0	2865
8205	0	2865
8206	0	2865
8207	0	2865
8208	2	2865
8209	0	2292
8210	0	3182
8211	0	2673
8212	0	2865
8213	0	2865
8214	0	2865
8215	0	2052
8216	0	2865
8217	0	2292
8218	0	3182
8219	0	3182
8220	0	3182
8221	0	2052
8222	0	2865
8223	0	2673
8224	0	3182
8225	0	3182
8226	0	3422
8227	0	2865
8228	0	2673
8229	0	903
8239	0	2769
8240	0	3662
8241	0	3822
8242	0	3963
8243	0	3422
8244	0	3422
8245	2	3182
8246	0	3182
8247	0	3182
8248	2	3662
8249	2	3822
8250	2	3963
8251	0	2481
8252	0	2577
8253	0	2577
8254	0	2577
8255	0	2577
8256	0	2577
8257	0	2577
8258	0	2577
8259	0	2577
8270	0	177
8271	0	1287
8272	0	2577
8273	0	2577
8274	0	2577
8275	0	2481
8276	0	1980
8277	0	1479
8278	0	177
8279	0	2961
8289	0	1980
8290	0	2865
8291	0	2673
8292	0	3422
8293	2	2385
8294	2	201
8295	0	2577
8296	0	2577
8297	0	1908
8298	0	1692
8299	0	2577
8300	2	3422
8301	0	871
8302	0	2292
8303	0	1764
8304	0	2292
8305	0	2124
8306	0	1143
8307	0	2292
8308	0	1908
8309	0	2577
8310	0	2865
8311	0	2673
8312	0	2481
8313	0	2865
8314	0	2865
8315	0	2673
8316	0	1431
8317	0	1095
8318	0	2673
8319	0	2865
8320	0	2865
8321	0	2385
8322	0	3182
8323	0	3182
8324	0	2961
8325	0	1980
8326	0	3662
8327	0	3422
8328	0	3422
8329	0	3182
8330	2	3182
8331	0	2673
8332	0	2961
8333	0	373
8334	0	903
8335	0	1572
8336	0	357
8337	0	2961
8338	0	2961
8339	0	2961
8340	0	3182
8341	0	2385
8342	0	3182
8343	0	3662
8344	0	573
8345	0	3422
8346	0	2481
8347	0	3662
8348	0	3422
8349	0	3182
8350	0	3422
8351	0	3182
8352	2	573
8353	2	3422
8354	0	2865
8355	2	3662
8356	0	2961
8357	0	2865
8358	2	3422
8359	0	1980
8360	0	285
8361	0	871
8362	0	2577
8363	0	2577
8364	0	2577
8365	0	2577
8366	0	1980
8367	0	2481
8368	0	717
8369	0	26
8370	0	1620
8371	0	2673
8372	0	2865
8373	0	2865
8374	0	2481
8375	0	2577
8376	0	2577
8377	2	26
8378	2	1620
8389	0	1692
8390	0	2577
8391	0	2196
8392	0	2292
8393	0	2292
8394	0	2577
8395	0	2577
8396	0	2052
8397	0	2124
8398	0	1836
8399	0	2577
8400	0	2865
8401	0	2196
8402	0	2865
8403	0	2865
8404	0	2961
8405	0	903
8406	0	549
8407	0	597
8408	0	999
8410	0	225
8411	0	1191
8412	0	2961
8413	0	903
8414	0	1335
8415	0	469
8416	0	1620
8417	0	2673
8418	0	309
8419	2	1191
8420	0	193
8421	0	533
8423	2	469
8424	2	1620
8425	2	2673
8426	0	2961
8427	0	3422
8428	2	193
8429	2	533
8430	0	2292
8431	0	1692
8432	0	1287
8433	0	1143
8434	0	2577
8435	0	2577
8436	0	2577
8437	0	645
8438	0	1479
8439	0	405
8440	0	1764
8441	0	871
8442	0	1692
8443	0	1191
8444	0	749
8445	0	1764
8446	0	2769
8447	0	3963
8448	0	3422
8449	0	1383
8450	0	2124
8451	0	3062
8452	0	4251
8453	0	4251
8454	0	4251
8455	0	4251
8456	0	3963
8457	0	3662
8458	0	2577
8459	0	3963
8460	0	3963
8461	2	4251
8462	2	4251
8463	2	4251
8464	0	1764
8465	0	3182
8466	0	1431
8467	2	3963
8468	2	3963
8469	0	2577
8470	0	2577
8471	0	1095
8472	0	2577
8473	0	2865
8474	0	1287
8475	0	2865
8476	0	2577
8477	0	2124
8478	0	2292
8479	0	285
8480	0	325
8481	0	93
8482	0	157
8483	0	1836
8484	0	2865
8485	0	2673
8486	0	2673
8487	0	807
8488	0	2481
8489	0	1692
8490	0	3662
8491	0	3542
8492	0	3662
8493	0	3422
8494	0	3182
8495	0	807
8496	0	69
8497	0	177
8498	2	3662
8499	0	807
8500	0	749
8501	0	549
8502	0	749
8503	0	325
8504	0	669
8505	0	2673
8506	0	3422
8507	0	3422
8508	0	3422
8509	2	549
8510	0	3182
8511	0	3182
8512	0	3662
8513	0	3662
8514	2	3422
8515	0	3182
8516	2	3422
8517	0	2865
8518	0	3182
8519	0	1620
8520	2	3662
8521	0	1980
8522	0	2577
8523	0	2577
8524	0	2577
8525	0	2577
8526	0	2577
8527	0	1980
8528	0	2865
8529	0	2865
8530	0	2865
8531	0	1980
8532	0	2577
8533	0	2577
8534	0	2577
8535	0	2577
8536	0	2577
8537	0	2577
8538	0	2577
8539	0	405
8540	0	1287
8541	0	193
8542	0	1479
8543	0	533
8544	0	2481
8545	0	2577
8546	0	1980
8548	0	1287
8549	0	2196
8550	0	2865
8551	0	2673
8552	0	3422
8553	0	3182
8554	0	2865
8555	0	2673
8556	0	2673
8557	0	3182
8558	0	3182
8559	0	3182
8560	0	2865
8561	0	1836
8562	0	2865
8563	0	1431
8565	0	201
8566	0	1431
8567	0	2673
8568	0	1620
8569	0	1620
8570	0	1095
8571	0	1431
8572	0	717
8573	0	201
8574	0	177
8575	0	903
8576	0	225
8577	0	1692
8578	0	2865
8579	0	1383
8580	0	2865
8581	0	2124
8582	0	1908
8583	0	1620
8584	0	1764
8585	0	807
8586	0	1572
8587	0	269
8588	2	2865
8589	0	1431
8590	0	2292
8591	0	1239
8592	0	1383
8593	0	871
8594	0	2481
8595	2	269
8596	0	1287
8597	0	3662
8598	0	3963
8599	2	1239
8600	0	1908
8601	0	1527
8602	2	2481
8603	0	1908
8604	0	2577
8605	0	3422
8606	0	3062
8607	0	3662
8608	0	3963
8609	2	1527
8610	0	3662
8611	2	1908
8612	2	2577
8613	2	3422
8614	2	3062
8615	0	2865
8616	2	3963
8617	0	1143
8618	2	3662
8619	0	1287
8620	0	1908
8621	0	1479
8622	0	2577
8623	0	2577
8624	0	2292
8625	0	1620
8626	0	2292
8627	0	1908
8628	0	2124
8629	0	2292
8630	0	2577
8631	0	1764
8632	0	2124
8633	0	2052
8634	0	2052
8635	0	1764
8636	0	1908
8637	0	2052
8638	0	1431
8639	0	1908
8640	0	2052
8641	0	1908
8642	0	2052
8643	0	2052
8644	0	1908
8645	0	2052
8646	0	1031
8647	0	1143
8648	0	1031
8649	0	225
8650	0	693
8651	0	1527
8652	0	2052
8653	0	2052
8654	0	1527
8655	0	2577
8656	0	2865
8657	0	2673
8658	0	2481
8659	0	1095
8660	0	2865
8661	0	1980
8662	0	2577
8663	0	2865
8664	0	2577
8665	0	2577
8666	0	2292
8667	0	1287
8668	0	2196
8669	0	2196
8670	0	2196
8671	0	967
8672	0	1692
8673	0	1908
8674	0	2292
8675	0	2292
8676	0	2577
8677	0	2865
8678	2	2196
8679	0	967
8680	0	157
8681	0	157
8682	0	2124
8683	0	2292
8684	0	2292
8685	0	2292
8686	0	1431
8687	0	1764
8688	0	485
8689	0	3422
8690	0	3182
8691	0	2481
8692	0	2052
8693	0	2577
8694	0	2292
8695	0	2577
8696	0	2577
8697	2	3422
8698	2	3182
8699	0	2577
8700	0	1908
8701	0	2481
8702	0	2577
8703	0	2577
8704	0	2577
8705	0	1287
8706	0	2292
8707	0	2292
8708	0	169
8709	0	389
8710	0	775
8711	0	573
8712	0	485
8713	0	2292
8714	0	2577
8715	0	2124
8716	0	1908
8717	0	2481
8718	0	2865
8719	0	3182
8720	0	3422
8721	0	2673
8722	0	3182
8723	0	2865
8724	0	2865
8725	0	2865
8726	0	2865
8727	0	2865
8728	2	3422
8729	0	2577
8730	0	2124
8731	0	1287
8732	0	2577
8733	0	2577
8734	0	2577
8735	0	2577
8736	0	1980
8737	0	2577
8738	0	2577
8739	0	1287
8740	0	1143
8741	0	871
8742	0	1287
8743	0	437
8744	0	437
8745	0	1287
8746	0	2577
8747	0	2577
8748	0	2673
8749	0	2865
8750	0	2865
8751	0	2673
8752	0	3182
8753	0	3422
8754	0	3422
8755	0	3182
8756	0	3182
8757	0	2865
8758	0	2865
8759	0	2865
8760	0	2865
8762	0	2865
8763	0	2865
8764	0	2865
8765	0	2865
8766	0	2865
8767	0	2865
8768	0	2865
8769	2	3422
8770	0	1836
8771	0	1836
8772	0	2865
8773	0	2865
8774	0	2865
8775	0	1620
8776	0	2196
8777	0	2196
8778	0	2673
8779	0	1239
8780	0	1764
8781	0	293
8782	0	1764
8783	0	1836
8784	0	1980
8785	0	3182
8786	0	1908
8787	0	1479
8788	2	1764
8789	2	293
8790	0	1095
8791	0	1620
8792	0	1287
8793	2	3182
8794	0	177
8795	0	325
8796	0	871
8797	0	2124
8798	0	3182
8799	0	3422
8800	0	3422
8801	0	2124
8802	0	3422
8803	2	325
8804	2	871
8805	0	2292
8806	2	3182
8807	2	3422
8808	2	3422
8809	0	2577
8810	2	3422
8811	0	2196
8812	0	2052
8813	0	1836
8814	0	775
8815	0	2292
8816	0	2577
8817	0	2577
8818	0	2577
8819	0	1980
8820	0	2577
8821	0	1692
8822	0	1287
8823	0	2673
8824	0	2865
8825	0	2865
8826	0	2865
8827	0	1620
8828	0	1836
8829	0	549
8830	0	453
8831	0	645
8832	0	1980
8833	0	2673
8834	0	2673
8835	0	2865
8836	0	3182
8837	0	2673
8838	0	2865
8839	0	1764
8840	0	1908
8841	0	2577
8842	0	3182
8843	0	1095
8844	0	201
8845	2	2673
8846	0	2673
8847	0	1479
8848	2	1908
8849	0	3182
8850	2	3182
8851	0	2673
8852	0	3182
8853	0	2961
8854	2	2673
8855	0	2292
8856	0	2577
8857	0	2865
8858	0	2481
8859	0	2124
8860	0	2292
8861	0	1908
8862	0	2292
8863	0	2292
8864	0	2292
8865	0	2124
8866	0	2292
8867	0	2292
8868	0	1692
8869	0	871
8870	0	967
8871	0	32
8872	0	967
8873	0	2124
8874	0	2292
8875	0	2292
8876	0	2292
8877	0	2577
8878	0	2865
8879	0	2196
8880	0	3182
8881	0	3182
8882	0	3422
8883	0	3182
8884	0	2481
8885	0	2865
8886	0	2865
8887	0	2577
8888	2	3182
8889	2	3182
8890	0	2292
8891	0	1431
8892	0	1692
8893	2	2865
8894	0	2292
8895	0	2124
8896	0	2292
8897	0	2292
8898	0	2292
8899	0	285
8900	0	2577
8901	0	325
8902	0	85
8903	0	533
8904	0	285
8905	0	285
8906	0	1692
8907	0	2292
8908	0	2865
8909	0	2196
8910	0	3182
8911	0	3182
8912	0	3662
8913	0	3662
8914	0	2769
8915	0	3662
8916	0	3182
8917	0	2196
8918	0	2865
8919	2	3182
8920	0	2577
8921	0	871
8922	0	2577
8923	2	3662
8924	2	3182
8925	0	2577
8926	0	2865
8927	0	2196
8928	0	2577
8929	0	871
8930	0	807
8931	0	999
8932	0	533
8933	0	533
8934	0	2292
8935	0	2292
8936	0	2577
8937	0	2577
8938	0	807
8939	0	3182
8940	0	3422
8941	0	1620
8942	0	3662
8943	0	3422
8944	0	2865
8945	0	2481
8946	0	2577
8947	0	2292
8948	2	3422
8949	2	1620
8950	2	3662
8952	0	2292
8953	0	2124
8954	0	2292
8955	0	2292
8956	0	2292
8957	0	2292
8958	0	1980
8959	2	3422
8960	0	2292
8961	0	1431
8962	0	2124
8963	0	2292
8964	0	2124
8965	0	2292
8966	0	2292
8967	0	2577
8968	0	2577
8969	0	573
8970	0	807
8971	0	1095
8972	0	141
8973	0	157
8974	0	2292
8975	0	2292
8976	0	2124
8977	0	2292
8978	0	2292
8979	0	2577
8980	0	2865
8981	0	2196
8982	0	2865
8983	0	2865
8984	0	2577
8985	0	2673
8986	0	2577
8987	0	2577
8988	0	2052
8989	0	2577
8990	0	2577
8991	0	1980
8992	0	2577
8993	0	2577
8994	0	2577
8995	0	2577
8996	0	1980
8997	0	2865
8998	0	2865
8999	0	1287
9000	0	1287
9001	0	217
9002	0	177
9003	0	2052
9004	0	2577
9005	0	2577
9006	0	2577
9007	0	2052
9008	0	3182
9009	0	2577
9010	0	1908
9011	0	3542
9012	0	3662
9013	0	3182
9014	0	2961
9015	0	2865
9016	0	3182
9017	0	3182
9018	0	1620
9019	2	3542
9020	0	1980
9021	0	2673
9022	0	2865
9023	0	2865
9024	0	2865
9025	0	2865
9026	0	2865
9027	0	2577
9028	2	1980
9029	0	2577
9030	0	2577
9031	0	1287
9032	0	2577
9033	0	2577
9034	0	2577
9035	0	2577
9036	0	2481
9037	0	2577
9038	0	2577
9039	0	2577
9040	0	2865
9041	0	2673
9042	0	2865
9043	0	2865
9044	0	453
9045	0	1431
9046	0	1431
9047	0	1431
9048	0	749
9049	0	2865
9050	0	2673
9051	0	2673
9052	0	2673
9053	0	2196
9054	0	2865
9055	0	3182
9056	0	645
9057	0	3662
9058	0	3422
9059	0	3422
9060	0	3182
9061	0	2385
9062	0	3182
9063	0	3182
9064	0	3182
9065	2	3662
9066	2	3422
9067	2	3422
9068	2	3182
9069	0	2865
9070	0	2292
9071	0	1836
9072	0	2865
9073	0	2865
9074	0	2673
9075	0	2673
9076	0	2673
9077	0	2865
9078	0	1980
9079	0	1620
9080	0	1572
9081	0	775
9082	0	1836
9083	0	2865
9084	0	2865
9085	0	2865
9086	0	2865
9087	0	3182
9088	0	3422
9089	2	775
9090	0	2196
9091	0	2961
9092	0	3182
9093	2	2865
9094	0	2673
9095	0	2577
9096	2	3422
9097	0	2577
9098	0	2292
9099	0	2577
9100	0	2577
9101	0	999
9102	0	2577
9103	0	1980
9104	0	1980
9105	0	2481
9106	0	2577
9107	0	2577
9108	0	2577
9109	0	1287
9110	0	1431
9111	0	1239
9112	0	1572
9113	0	69
9114	0	1980
9115	0	2865
9116	0	2865
9117	0	1836
9118	2	1431
9119	0	3422
9120	0	3182
9121	0	2769
9122	0	1383
9123	0	3422
9124	0	3422
9125	0	3182
9126	0	2961
9127	2	3422
9128	2	3182
9129	2	2769
9130	2	1383
9132	2	3422
9133	2	3182
9134	0	573
9135	0	573
9136	0	2052
9137	0	157
9138	0	1527
9139	2	3422
9140	0	2292
9141	0	1908
9142	0	2292
9143	0	2577
9144	0	2673
9145	0	2865
9146	0	2292
9147	0	2577
9148	0	2577
9149	0	2292
9150	0	1431
9151	0	2124
9152	0	2292
9153	0	2292
9154	0	2292
9155	0	2292
9156	0	2292
9157	0	2292
9158	0	1764
9159	0	2577
9160	0	2292
9161	0	1692
9162	0	2292
9163	0	2292
9164	0	2292
9165	0	2292
9166	0	2124
9167	0	2577
9168	0	1980
9169	0	1479
9170	0	967
9171	0	807
9172	0	1287
9173	0	2577
9174	0	2577
9175	0	2577
9176	0	2577
9177	0	2577
9178	0	1143
9179	0	1287
9180	0	2292
9181	0	1620
9182	0	2865
9183	0	2673
9184	0	2577
9185	0	2577
9186	0	2577
9187	0	2577
9188	0	2292
9189	0	1692
9190	0	1692
9191	0	2196
9192	0	2865
9193	0	2673
9194	0	2577
9195	0	2577
9196	0	2577
9197	0	1980
9198	0	2577
9199	0	2577
9200	0	2196
9201	0	807
9202	0	2865
9203	0	2865
9204	0	2865
9205	0	2385
9206	0	2961
9207	0	3182
9208	0	2292
9209	0	1191
9210	0	389
9211	0	1239
9212	0	1572
9213	2	2385
9214	0	1431
9215	0	807
9216	0	807
9217	0	3422
9218	0	2865
9219	0	3422
9220	0	3662
9221	0	3182
9222	0	3422
9223	0	3182
9224	0	3662
9225	0	3963
9226	0	3662
9227	0	3662
9228	2	3662
9229	0	3422
9230	0	3422
9231	0	2673
9232	0	3182
9233	2	3963
9234	0	2865
9235	0	2865
9236	0	2865
9237	0	2865
9238	0	2961
9239	0	3182
9240	0	2673
9241	0	1572
9242	0	1764
9243	0	1572
9244	0	26
9245	0	3182
9246	0	3182
9247	0	3182
9248	0	3182
9249	0	3182
9250	0	3182
9251	0	1764
9252	0	249
9253	0	3963
9254	0	3662
9255	0	3422
9256	0	3422
9257	0	2865
9258	0	2673
9259	2	1764
9260	0	3182
9262	2	3662
9263	2	3422
9264	0	2865
9265	0	2865
9266	0	2673
9267	0	3182
9268	0	2865
9269	2	3963
9270	0	3182
9271	0	1335
9272	0	2865
9273	0	2865
9274	0	2865
9275	0	2865
9276	0	2865
9277	0	3182
9278	0	2961
9279	0	1431
9280	0	903
9281	0	597
9282	0	1764
9283	0	3182
9284	0	3182
9285	0	3182
9286	0	2961
9287	0	2196
9288	0	3422
9289	0	967
9290	0	3662
9291	0	3182
9292	0	3182
9293	0	3422
9294	0	3182
9295	0	2961
9296	2	3422
9297	0	2865
9298	2	3662
9299	0	2865
9300	0	2865
9302	0	1980
9303	0	2673
9304	0	645
9305	0	645
9306	0	325
9307	0	1836
9308	0	2481
9309	2	3422
9310	0	2673
9311	0	3182
9312	0	2673
9313	0	967
9314	0	485
9315	0	2577
9316	0	3963
9317	0	3662
9318	0	3662
9319	0	3422
9320	0	2865
9321	0	2385
9322	0	3422
9323	2	2577
9324	2	3963
9325	2	3662
9326	2	3662
9327	2	3422
9328	0	1908
9329	0	2292
9330	0	1908
9331	0	967
9332	0	2292
9333	0	2292
9334	0	2292
9335	0	2292
9336	0	2292
9337	0	2292
9338	0	1143
9339	0	32
9340	0	41
9341	0	193
9343	0	645
9344	0	1764
9345	0	1620
9346	0	1764
9347	0	357
9348	2	41
9349	0	1836
9350	0	1143
9351	0	1143
9352	0	1620
9353	0	201
9354	0	1620
9355	0	405
9356	3	41
9357	0	1143
9358	0	1063
9359	0	1143
9360	0	1479
9361	0	225
9362	0	1620
9363	0	597
9364	1	41
9365	0	2481
9366	0	3182
9367	0	1692
9368	0	1908
9369	0	2124
9370	0	1620
9371	2	597
9372	0	41
9373	0	1764
9374	0	2292
9375	0	2577
9376	2	1908
9377	0	1908
9378	0	2292
9379	0	1095
9380	2	41
9381	0	141
9382	0	485
9383	0	573
9384	0	2124
9385	0	1527
9386	0	1836
9387	0	1908
9388	3	41
9389	0	1908
9390	0	1620
9391	0	1908
9392	0	2292
9393	0	1908
9394	0	2052
9395	0	1620
9396	0	2292
9397	0	2124
9398	0	2124
9399	0	1620
9400	0	2124
9401	0	1287
9402	0	2052
9403	0	2124
9404	0	2292
9405	0	2124
9406	0	2292
9407	0	1908
9408	0	2292
9409	0	1031
9410	0	1143
9411	0	967
9412	0	717
9413	0	1287
9414	0	2292
9415	0	2292
9416	0	2292
9417	0	1764
9418	0	2577
9419	0	2052
9430	0	2292
9431	0	1620
9432	0	2577
9433	0	2292
9434	0	2292
9435	0	2292
9436	0	903
9437	0	2292
9438	0	1764
9439	0	2124
9440	0	2292
9441	0	2124
9442	0	1764
9443	0	1764
9444	0	1908
9445	0	2292
9446	0	2292
9447	0	2124
9448	0	2292
9449	0	2292
9450	0	2124
9451	0	2124
9452	0	2292
9453	0	2292
9454	0	2292
9455	0	2292
9456	0	2292
9457	0	2124
9458	0	1908
9459	0	2292
9460	0	2292
9461	0	1764
9462	0	2124
9463	0	1908
9464	0	2124
9465	0	1908
9466	0	2292
9467	0	2292
9468	0	2292
9489	2	3182
9490	2	3422
9492	2	3662
9493	2	3422
9494	0	2124
9495	0	2292
9496	0	2292
9497	0	2124
9498	0	2292
9499	2	3422
9500	0	871
9501	0	109
9502	0	775
9503	0	373
9504	0	2292
9505	0	2292
9506	0	2124
9507	0	2292
9508	0	1908
9509	0	2052
9510	0	3182
9511	0	3182
9512	0	3422
9513	0	3182
9514	0	2865
9515	0	2865
9516	0	2865
9517	0	2865
9518	0	2961
9519	0	2865
9520	2	3422
9521	0	2052
9522	0	2673
9523	0	2673
9524	0	2865
9525	0	2865
9526	2	2961
9527	2	2865
9528	0	2292
9529	0	325
9530	0	1143
9531	0	357
9532	0	517
9533	2	2865
9534	0	9
9535	0	1908
9536	0	2052
9537	0	2124
9538	0	1908
9539	0	807
9540	0	717
9541	0	2481
9542	0	2577
9543	0	2865
9544	0	2865
9545	0	2481
9546	0	2577
9547	0	2577
9548	0	2292
9549	0	1908
9550	0	2052
9551	0	2124
9552	0	2292
9553	0	2292
9554	0	2292
9555	0	2577
9556	0	2577
9557	0	2292
9558	0	2292
9559	0	2292
9560	0	2292
9561	0	1431
9562	0	2577
9563	0	2577
9564	0	2577
9565	0	2673
9566	0	2673
9567	0	2865
9568	0	2865
9569	0	1287
9570	0	1095
9571	0	645
9572	0	1287
9573	0	2673
9574	0	2673
9575	0	2865
9576	2	2865
9577	0	2577
9578	0	2865
9579	0	3182
9580	0	3422
9581	0	3182
9582	2	2673
9583	0	3182
9584	0	2961
9585	0	2865
9586	0	2481
9587	0	2865
9588	2	3422
9589	2	3182
9600	0	2577
9601	0	1764
9602	0	1287
9603	0	2865
9604	0	2865
9605	0	2865
9606	0	2196
9607	0	2865
9608	0	2865
9609	0	2577
9610	0	2865
9611	0	2385
9612	0	3182
9613	0	2865
9614	0	2865
9615	0	2865
9616	0	2673
9617	0	2865
9618	0	2865
9619	0	1095
9620	0	1095
9621	0	597
9622	0	1479
9623	0	2865
9624	0	2865
9625	0	2865
9626	0	2865
9627	0	1095
9628	0	3182
9629	2	597
9630	0	2865
9631	0	2961
9632	0	2961
9633	0	2481
9634	0	2865
9635	0	749
9636	0	1335
9637	0	22
9638	0	1431
9639	0	1431
9640	0	1335
9641	0	2673
9642	0	3182
9643	0	2865
9644	0	3182
9645	0	3182
9646	0	3182
9647	2	1431
9648	0	3182
9649	0	3182
9650	2	3182
9651	0	2481
9652	0	2577
9653	2	3182
9654	2	3182
9655	0	2292
9656	0	2124
9657	0	2292
9658	0	2292
9659	0	2292
9660	0	2292
9661	0	2124
9662	0	2292
9663	0	2577
9664	0	2577
9665	0	2865
9666	0	2481
9667	0	2865
9668	0	2865
9669	0	2052
9680	0	1431
9681	0	405
9682	0	1980
9683	0	3182
9684	0	3182
9685	0	3182
9686	0	2961
9687	0	2865
9688	0	1431
9689	0	749
9690	0	3662
9691	0	3182
9692	0	3422
9693	0	2865
9694	0	2865
9695	0	2865
9696	2	1431
9697	0	2577
9698	2	3662
9699	2	3182
9700	2	3422
9701	0	1431
9702	0	2292
9703	0	2124
9704	0	1764
9705	0	1908
9706	0	1908
9707	0	2052
9708	0	2052
9720	0	2196
9721	0	2196
9722	0	2577
9723	0	2124
9724	0	2292
9725	0	2124
9726	0	2292
9727	0	2124
9728	0	2292
9729	0	2124
9730	0	2292
9731	0	1692
9732	0	1908
9733	0	1764
9734	0	1764
9735	0	1764
9736	0	1764
9737	0	1764
9738	0	1908
9739	0	1764
9740	0	2292
9741	0	1764
9742	0	2292
9743	0	2292
9744	0	2292
9745	0	2292
9746	0	2124
9747	0	1908
9748	0	1908
9749	0	453
9750	0	85
9751	0	285
9752	0	109
9753	0	301
9754	0	253
9755	0	1431
9756	0	1908
9757	0	2577
9758	0	2865
9759	0	3182
9760	0	3182
9761	0	2865
9762	0	2961
9763	0	2865
9765	0	2865
9766	0	2577
9767	2	3182
9768	2	3182
9769	0	2124
9770	2	2961
9772	0	1031
9773	2	2865
9774	0	903
9775	0	1143
9776	0	1908
9777	0	1908
9778	0	2052
9779	2	2865
9780	0	2052
9781	0	1764
9782	0	2292
9783	0	453
9784	0	49
9785	0	2292
9786	0	2124
9787	0	2052
9788	0	2052
9789	0	4
9790	0	1383
9791	0	1287
9792	0	2292
9793	0	1431
9794	0	2292
9795	0	2292
9796	0	2292
9797	0	2124
9798	0	2292
9799	0	1287
9800	0	517
9801	0	41
9802	0	125
9803	0	341
9804	0	341
9805	0	301
9806	0	225
9807	0	0
9808	0	341
9809	2	41
9820	0	437
9821	0	437
9822	0	325
9823	2	597
9825	1	41
9826	0	807
9827	0	1287
9828	0	1431
9829	0	1431
9830	0	2577
9831	0	1620
9832	0	2577
9833	0	41
9834	2	807
9835	0	903
9836	0	1764
9837	0	2052
9838	2	2577
9839	0	1836
9840	2	2577
9841	2	41
9842	0	1527
9843	0	1836
9844	0	1908
9845	0	1836
9846	0	1692
9847	0	1191
9848	0	1620
9849	3	41
9850	0	1692
9851	0	1620
9852	0	1836
9853	0	1836
9854	0	1620
9855	0	9
9856	0	1692
9857	0	1527
9858	0	1980
9859	0	2292
9860	0	2292
9861	0	1431
9862	0	2292
9863	0	2292
9864	0	2292
9865	0	2961
9866	0	3182
9867	0	3182
9868	0	2961
9869	0	807
9870	0	807
9871	0	1620
9872	0	325
9873	0	15
9874	0	999
9875	0	1479
9876	0	1479
9877	0	1287
9878	0	1620
9879	0	1908
9880	0	549
9881	0	1908
9882	0	3422
9883	0	3422
9884	0	2865
9885	0	3662
9886	0	3182
9887	0	3422
9888	0	3422
9889	0	3422
9890	2	3422
9892	0	2577
9893	2	3662
9894	0	1431
9895	2	3422
9896	2	3422
9897	2	3422
9898	0	2052
9899	2	3422
9900	0	1620
9901	0	1143
9902	0	1836
9903	0	2052
9904	0	1620
9905	0	2052
9906	0	1908
9907	0	1908
9908	0	2124
9909	0	109
9910	0	1431
9911	0	2196
9912	0	517
9913	0	1031
9915	0	1431
9916	0	2577
9917	0	1479
9918	0	3182
9919	0	3422
9920	0	3182
9921	0	2124
9922	0	3662
9923	0	2865
9924	0	3662
9925	0	3422
9926	2	3182
9927	0	3422
9928	2	3182
9929	0	2961
9930	2	3662
9931	2	2865
9932	0	1287
9933	2	3422
9934	0	1287
9935	0	1287
9936	0	807
9937	0	1287
9938	0	1287
9939	0	113
9940	0	1620
9941	0	1143
9942	0	2865
9943	0	3182
9944	0	1239
9945	0	3182
9946	0	3662
9947	0	1908
9948	0	3182
9949	0	1620
9950	0	1620
9951	0	1335
9952	0	121
9953	0	1335
9954	2	3662
9955	0	1191
9956	2	3182
9957	2	1620
9958	0	967
9959	0	1431
9960	0	269
9961	0	437
9962	0	1692
9963	2	1191
9964	0	1572
9965	0	669
9966	0	1620
9967	0	1572
9968	2	269
9969	2	437
9970	0	1527
9971	0	533
9972	0	2577
9973	0	807
9974	0	3182
9975	2	1572
9976	0	2292
9977	0	2292
9978	0	1836
9979	0	517
9980	0	2292
9981	0	1908
9982	2	3182
9983	0	2124
9984	0	85
9985	0	325
9986	0	967
9987	0	2124
9988	0	2577
9989	0	2124
9990	0	2124
9991	0	1431
9992	0	1431
9993	0	807
9994	0	2292
9995	0	2577
9996	0	2577
9997	0	717
9998	0	2577
9999	0	2577
10000	0	2673
10001	0	2481
10002	0	2292
10003	0	2292
10004	0	2292
10005	0	2292
10006	0	2577
10007	0	2577
10008	0	2196
10009	0	2577
10010	0	2577
10011	0	1620
10012	0	871
10013	0	2577
10014	0	1692
10015	0	2292
10016	0	2577
10017	0	1980
10018	0	2577
10019	0	1287
10020	0	405
10021	0	999
10022	0	597
10023	0	549
10024	0	105
10025	0	1095
10026	0	1836
10027	0	2865
10028	0	453
10029	0	2865
10030	2	597
10031	0	1143
10032	0	967
10033	0	1335
10034	0	3182
10035	0	807
10036	0	3182
10037	2	2865
10038	0	1836
10039	0	3422
10040	0	2865
10041	0	2052
10042	0	2577
10043	0	1908
10044	0	3182
10045	0	2865
10046	0	749
10047	0	807
10048	0	807
10049	0	807
10050	0	453
10051	0	22
10052	0	269
10053	0	405
10055	0	1908
10056	0	3662
10057	0	3963
10058	0	3182
10059	0	4251
10060	0	4587
10061	0	4107
10062	0	4251
10063	0	4251
10064	0	2769
10065	2	3963
10066	2	3182
10067	2	4251
10068	2	4587
10069	2	4107
10070	2	4251
10071	2	4251
10072	0	2292
10073	0	2292
10074	0	2124
10075	0	2052
10076	0	1527
10077	0	2052
10078	0	1287
10079	0	389
10080	0	389
10081	0	645
10082	0	285
10083	0	389
10084	0	15
10085	0	389
10086	0	645
10087	0	645
10088	0	485
10089	0	2865
10090	0	2124
10091	0	1431
10092	0	389
10093	0	1908
10094	0	2124
10095	0	2292
10096	0	2292
10097	0	2292
10098	0	2124
10099	0	1836
10100	0	1479
10101	0	999
10102	2	2124
10103	2	2292
10104	2	2292
10105	2	2292
10106	2	2124
10107	0	749
10108	0	373
10109	0	421
10110	0	1287
10111	0	967
10112	0	1031
10113	0	573
10114	0	201
10115	0	149
10116	0	169
10117	0	967
10118	0	1431
10119	0	1095
10120	0	1572
10121	0	1191
10123	0	22
10124	0	389
10125	0	645
10126	0	645
10127	0	573
10128	2	1572
10129	0	341
10130	0	645
10131	0	125
10132	0	807
10133	0	317
10134	0	717
10135	0	49
10136	0	253
10137	0	32
10138	0	501
10139	0	193
10140	0	9
10142	0	389
10143	0	49
10144	0	1980
10145	0	405
10146	0	2052
10147	0	1287
10148	0	693
10149	0	169
10150	0	693
10151	0	903
10152	0	749
10153	0	485
10154	0	597
10155	0	903
10159	0	807
10160	0	373
10161	0	1287
10162	0	549
10163	0	807
10165	0	121
10167	0	389
10168	0	1572
10169	0	1287
10170	0	645
10171	0	871
10172	0	1836
10173	0	1383
10174	0	1383
10176	0	3822
10177	0	3662
10178	0	3963
10179	0	3963
10180	0	3963
10181	0	1383
10182	0	3662
10183	0	3963
10184	2	3822
10185	0	2577
10186	2	3963
10187	2	3963
10188	2	3963
10189	0	1143
10190	2	3662
10192	0	533
10193	2	2577
10194	0	573
10195	0	341
10196	0	453
10197	0	285
10198	0	349
10199	2	3963
10200	0	807
10201	0	1287
10202	0	1287
10203	0	807
10204	0	1143
10205	0	1239
10206	0	1143
10207	0	97
10208	0	967
10209	0	1692
10210	0	2292
10211	0	2124
10212	0	1527
10213	2	1239
10214	0	597
10215	0	1620
10216	0	1620
10217	0	1620
10218	0	1620
10219	0	1692
10220	0	1836
10221	0	1692
10222	0	999
10223	0	999
10224	0	775
10225	0	2052
10226	0	2292
10227	0	2292
10228	0	1431
10229	0	2292
10230	0	1692
10231	0	437
10232	0	1908
10233	0	2577
10234	0	2577
10235	0	2577
10236	0	2292
10237	0	2292
10238	0	1764
10239	0	517
0	0	32
1	0	807
2	0	775
3	0	903
4	0	597
5	0	1527
6	0	1031
7	0	1031
8	0	645
9	0	1764
10	0	2052
11	0	2481
12	0	2865
13	0	2865
14	0	2196
15	0	2673
16	0	2865
17	0	2865
18	0	2673
19	0	2196
20	0	2481
21	0	2196
22	0	2577
23	0	2196
24	0	2481
25	0	2577
26	0	2292
27	0	1764
28	0	1908
29	0	1764
30	0	1764
31	0	1143
32	0	389
33	0	437
34	0	357
35	0	807
36	0	1287
37	0	141
38	0	2196
39	0	2052
40	0	1143
41	0	1572
42	0	1191
43	0	1287
44	0	161
45	0	105
46	0	1143
47	0	1620
48	2	1143
49	0	2961
50	0	2481
51	0	2481
52	0	1764
53	0	1764
54	0	2673
55	0	1764
56	0	3422
57	0	3182
58	0	2961
59	0	2961
60	0	1479
61	0	549
62	0	2481
63	0	1335
64	2	3422
65	0	1335
66	0	1095
67	0	967
68	0	967
69	0	807
70	0	645
71	0	807
72	0	389
73	0	597
74	0	597
75	0	405
76	0	453
77	0	645
78	2	645
79	0	405
80	0	69
81	2	597
82	2	597
83	0	1143
84	0	1287
85	2	645
86	0	285
87	0	73
88	0	285
89	0	193
91	0	341
92	0	1143
93	0	405
94	0	1143
95	0	1287
96	0	2577
97	0	2292
98	0	2673
99	0	2481
100	0	2865
101	0	1764
102	0	2196
103	0	3182
104	0	3182
105	0	3182
106	0	3182
107	0	2385
108	0	3182
109	2	1764
110	0	1287
111	0	717
112	0	325
113	2	3182
114	0	485
115	0	437
116	0	325
117	0	1095
118	0	47
119	0	105
120	0	121
121	0	645
122	0	133
123	0	533
124	0	573
125	0	621
126	0	233
127	0	749
128	0	1143
129	0	871
130	0	1572
131	0	3822
132	0	3963
133	2	621
134	2	233
135	2	749
136	2	1143
137	2	871
138	2	1572
139	2	3822
140	2	3963
141	0	0
142	0	253
143	0	285
144	0	125
145	0	389
146	0	573
147	0	225
148	0	501
150	0	903
151	0	1063
152	0	1620
153	0	485
154	0	485
155	0	669
156	0	967
157	0	807
158	0	967
159	0	2292
160	0	2673
161	0	2292
162	0	2577
163	0	2577
164	0	2124
165	0	903
166	0	2292
167	2	2292
168	2	2673
169	0	1836
170	0	1620
171	0	999
172	0	1620
173	0	1239
174	0	1383
175	0	1527
176	0	1620
177	0	1836
178	0	1620
179	0	9
180	0	157
181	0	437
182	0	209
183	0	621
184	0	101
185	0	775
186	0	775
187	0	49
188	0	129
189	0	32
190	0	871
191	0	121
192	0	437
193	0	373
194	0	325
195	0	325
196	0	717
197	0	1479
199	0	1620
200	0	1287
201	0	871
202	0	1479
203	0	1620
204	0	549
205	2	1479
206	0	1620
207	0	1620
208	0	1764
209	0	485
210	0	1620
211	0	1431
212	0	1479
213	0	1239
214	0	1239
215	0	1479
216	2	1764
217	0	149
218	0	839
219	0	517
220	0	775
221	0	1620
222	2	1239
223	0	1836
224	0	2052
226	0	903
227	0	807
228	0	1620
229	0	2292
230	0	1764
231	0	1692
232	0	1143
233	0	573
234	0	903
235	0	2052
236	0	2292
237	0	2292
238	0	2052
239	0	775
240	0	717
243	0	405
244	0	261
245	0	217
246	0	999
247	0	717
248	0	1031
249	0	2196
250	0	1980
251	0	389
252	0	1287
253	0	1620
254	0	2865
255	0	967
256	0	1287
257	0	1620
258	0	775
270	0	485
271	0	241
272	0	1620
273	0	1287
274	0	217
275	0	1620
276	0	1620
277	0	2124
278	0	1191
279	0	1620
280	0	2865
281	0	2481
282	0	3422
283	0	3422
284	0	2673
285	2	2124
286	0	2961
287	2	1620
288	2	2865
289	2	2481
290	2	3422
292	2	2673
293	0	999
294	2	2961
295	0	209
296	0	903
297	0	193
298	0	903
299	2	3422
300	0	1620
301	0	1692
302	0	1383
303	0	1239
304	0	1527
305	0	2292
306	0	2577
307	0	2577
308	0	2292
309	0	2052
310	0	405
311	0	903
312	0	421
313	0	421
314	0	373
315	0	453
316	0	453
317	0	453
318	0	405
320	0	15
321	0	325
322	0	967
323	0	967
324	0	1095
325	0	1095
326	0	1095
327	0	1335
328	0	269
329	0	549
330	0	1692
331	0	2052
332	0	2865
333	0	1620
334	0	999
335	2	1335
336	2	269
337	0	261
338	0	405
339	0	301
340	0	225
341	0	717
342	0	1143
343	0	1431
344	0	1836
346	0	1431
347	0	533
348	0	437
349	0	1479
350	0	2577
351	0	1908
352	0	1143
353	0	1836
354	0	999
355	0	2052
356	0	2292
357	0	2673
358	0	2865
359	0	2577
360	0	2292
361	0	1764
362	0	2124
363	0	2124
364	0	1908
365	0	1836
366	0	1836
367	2	2577
368	0	1620
369	0	717
370	0	775
371	0	597
372	0	775
373	0	1239
374	0	1620
375	0	1239
376	0	1620
377	0	1620
378	0	1143
379	0	1692
380	0	2292
381	0	2124
382	0	1908
383	0	2052
384	0	2052
385	0	1527
386	0	1527
387	0	1836
388	0	1836
389	0	1836
390	0	1692
391	0	1143
392	0	1692
393	0	1692
394	0	1527
395	0	1620
396	0	1527
397	0	1692
398	0	1908
399	0	2052
400	0	2124
401	0	1620
402	0	2124
403	0	2124
404	0	2124
405	0	2124
406	0	2292
407	0	2292
408	0	2124
409	0	621
410	0	1143
411	0	1031
412	0	903
413	0	903
414	0	717
415	0	1692
416	0	1908
417	0	1527
418	0	2124
419	0	2292
420	0	2292
421	0	1692
422	0	1143
423	0	573
424	0	775
425	0	775
426	0	1143
427	0	1527
428	0	2124
429	0	903
430	0	2052
431	0	1692
432	0	2577
433	0	2673
434	0	2673
435	0	2865
436	0	2961
437	0	2577
438	0	2673
439	0	1287
440	0	1031
441	0	373
442	0	1031
443	0	903
444	2	2961
445	0	1908
446	0	2292
447	0	1908
448	0	2292
449	0	2577
450	0	2052
451	0	2673
452	0	1431
453	0	967
454	0	807
455	0	839
456	0	839
457	0	903
458	0	2124
459	0	2292
460	0	1908
461	0	517
462	0	1143
463	0	1143
464	0	1143
465	0	1287
466	0	2865
467	0	2865
468	0	2196
469	0	2673
470	0	3182
471	0	2865
472	0	3182
473	0	3422
474	0	3422
475	0	3182
476	0	3182
477	2	2673
478	2	3182
479	2	2865
480	2	3182
482	2	3422
483	0	1620
484	0	1527
485	0	1764
486	0	2052
487	0	1031
488	0	1031
489	2	3422
490	0	0
491	0	903
492	0	1031
493	0	775
494	0	1143
495	0	1143
496	0	1143
497	0	717
498	0	871
499	0	2481
500	0	967
501	0	549
502	0	2052
503	0	1620
504	0	1764
505	0	2961
506	0	3182
507	0	999
508	0	269
509	0	2196
510	0	2292
511	0	2292
512	0	3182
513	0	3422
514	2	3182
515	0	2292
516	0	3182
517	0	3182
518	0	2124
519	2	2292
520	2	3182
522	0	73
523	0	389
524	2	3182
525	2	3182
526	0	389
527	0	717
528	0	717
529	2	3422
530	0	717
531	0	903
532	0	597
533	0	621
534	0	645
535	0	717
536	0	549
537	0	2673
538	0	1431
539	0	2196
540	0	2673
541	0	775
542	0	2124
543	0	1431
544	0	1335
545	0	1908
546	0	1692
547	0	1908
548	0	1572
549	0	1764
550	0	1287
551	0	645
552	0	1431
553	0	1692
554	2	1692
555	0	1572
556	2	1572
557	0	2385
558	2	1287
580	0	2124
581	0	1980
582	0	2481
583	0	2673
584	0	2196
585	2	2196
586	0	2124
587	0	1908
588	0	1908
589	0	2052
590	0	2124
591	0	1908
592	0	1764
593	0	2124
594	0	2124
595	0	2124
596	0	1908
597	0	1620
598	0	1908
599	0	1620
600	0	1527
601	0	1527
602	0	1620
603	0	1527
604	0	1431
605	0	1692
606	0	1620
607	0	1908
608	0	1908
609	0	1908
610	0	1620
611	0	1143
612	0	1431
613	0	693
614	0	1908
615	0	1908
616	0	1908
617	0	573
618	0	1908
619	0	1431
620	0	1908
621	0	1620
622	0	2124
623	0	693
624	0	1287
625	0	1908
626	0	2124
627	0	1527
628	0	1908
629	0	1908
630	0	1908
631	0	1431
632	0	1620
633	0	1764
634	0	1908
635	0	903
636	0	1031
637	0	1031
638	0	1031
639	0	1031
640	0	1143
641	0	28
642	0	1287
643	0	1143
644	0	405
645	0	1764
646	0	597
647	0	1908
648	0	1764
649	0	1479
650	0	1980
651	0	2481
652	0	2961
653	0	3422
654	0	2124
655	0	3422
656	0	3422
657	0	2865
658	0	3662
659	0	3422
660	0	3182
662	2	2124
663	2	3422
664	2	3422
665	2	2865
666	2	3662
667	2	3422
668	2	3182
670	0	775
671	0	501
672	0	693
673	0	775
674	0	903
675	0	1143
676	0	253
678	0	693
679	0	871
680	0	775
681	0	645
682	0	573
683	0	775
684	0	533
686	0	967
687	0	1095
688	0	2865
689	0	2865
690	0	2961
691	0	2673
692	0	2673
693	2	3422
694	0	3422
695	0	2577
696	0	3422
697	0	2292
698	0	2865
699	0	2673
700	2	2673
701	0	1287
702	2	3422
703	0	1431
704	2	3422
705	0	775
706	0	533
707	0	2124
708	0	2292
709	0	645
710	0	1287
711	0	141
712	0	1479
713	0	967
714	0	2292
715	0	2865
716	0	2196
717	0	1908
718	0	2577
719	0	2865
720	0	2292
721	0	2196
722	0	2865
723	0	2052
724	0	1431
725	0	1980
726	0	2481
727	0	1692
728	0	2292
729	0	1908
730	0	2124
731	0	2124
732	0	2481
733	0	2577
734	0	2577
735	0	2577
736	0	1836
737	0	1764
738	0	999
739	0	1764
740	0	2292
741	0	1764
742	0	2292
743	0	1908
744	0	1143
745	0	1479
746	0	22
748	0	597
749	0	717
750	0	1620
751	0	1620
752	0	2865
753	0	2865
754	0	1980
755	0	177
756	2	597
757	2	717
758	0	1527
759	0	2292
760	0	2292
761	0	1287
762	2	1980
763	0	141
764	0	241
765	0	2577
766	0	2124
767	0	2124
768	0	2124
769	0	2577
770	0	807
771	0	1479
772	0	453
773	0	177
775	0	1287
776	0	1836
777	0	3182
778	0	1980
779	0	2577
780	0	3662
781	0	2769
782	0	4251
783	0	3182
784	0	3542
785	0	3422
786	0	2865
787	0	3422
788	0	3422
789	0	2577
790	2	4251
791	2	3182
792	2	3542
793	2	3422
794	0	1479
795	0	2577
796	0	2577
797	2	2577
798	0	1692
799	0	967
800	0	389
801	0	573
802	0	1143
803	0	1143
804	0	1143
805	0	1692
806	0	2292
807	0	1692
808	0	1620
809	0	1836
810	0	1692
811	0	2124
812	0	2292
813	0	2052
814	0	1527
815	0	2292
816	0	2292
817	0	1287
818	0	2124
819	0	2292
820	0	2292
821	0	1908
822	0	2292
823	0	2292
824	0	2292
825	0	1620
826	0	645
827	0	2124
828	0	2577
829	0	2577
830	0	2577
831	0	2052
832	0	2577
833	0	2577
834	0	967
835	0	3422
836	0	3182
837	0	3182
838	0	2865
839	0	2673
840	0	2865
841	0	2196
842	0	2196
843	2	3422
845	0	2865
846	0	2865
847	0	2865
848	0	2865
849	0	2865
850	0	1287
851	0	1479
852	0	2865
853	0	2673
854	0	1287
855	0	2577
856	0	2481
857	0	2865
858	0	2673
859	0	1764
860	0	1980
861	0	1764
862	0	1572
863	0	2196
864	0	2865
865	0	2673
866	0	2196
867	0	2673
868	0	2292
869	0	1980
870	0	1431
871	0	2385
872	2	2865
873	0	2865
874	0	2673
875	0	2865
876	0	2865
877	0	2961
878	2	1431
879	0	2865
880	0	2865
881	0	1836
882	0	2196
883	0	1620
884	0	2865
885	0	2865
886	0	1620
887	0	1764
888	0	1620
889	0	749
890	0	903
891	0	999
892	0	1764
893	0	2961
894	0	2481
895	0	1764
896	0	1908
897	0	2292
898	0	2481
899	0	3662
900	0	3662
901	0	3182
902	0	1908
903	0	2124
904	0	2292
905	2	2292
906	2	2481
907	2	3662
908	2	3662
909	2	3182
910	0	2124
911	0	2673
912	0	2292
913	0	3182
914	0	2577
915	0	2292
916	0	2292
917	0	2292
918	0	2577
919	0	2577
920	0	2577
922	0	2577
923	0	1764
924	0	2292
925	0	2292
926	0	2124
927	0	1908
928	0	2052
929	2	3182
930	0	1527
931	0	1908
932	0	2292
933	0	2292
934	0	1620
935	0	2052
936	0	2292
937	0	1287
938	0	2124
939	0	2292
940	0	1620
941	0	1692
942	0	1527
943	0	2577
944	0	2292
945	0	1764
946	0	2292
947	0	2292
948	0	2292
949	0	2577
950	0	1836
951	0	2481
952	0	2865
953	0	2052
954	0	2577
955	0	2577
956	0	2577
957	0	2577
958	0	2577
959	0	1764
960	0	1620
961	0	1143
962	0	1479
963	0	1479
964	0	1479
965	0	1479
966	0	1479
967	0	177
968	0	3182
969	0	2673
970	0	3422
971	0	2865
972	0	3662
973	0	3662
974	0	3662
975	0	3963
976	0	3963
977	2	2673
978	0	3182
979	0	3182
980	0	2865
981	0	2673
982	2	3662
983	2	3963
984	2	3963
985	0	2577
986	0	2577
987	0	2577
988	0	2577
989	0	2577
990	0	2577
991	0	1287
992	0	1980
993	0	2577
994	0	2196
995	0	2292
996	0	2577
997	0	2196
998	0	2577
999	0	1287
1000	0	285
1001	0	1287
1002	0	717
1003	0	2865
1004	0	2673
1005	0	2673
1006	0	2865
1007	0	2865
1008	0	3182
1009	0	2961
1010	0	3182
1011	0	2577
1012	0	3182
1013	0	3182
1014	0	1764
1015	0	2865
1016	0	2865
1017	0	2292
1018	2	3182
1019	0	2865
1020	0	2865
1021	0	903
1022	0	1764
1023	0	3422
1024	0	2673
1025	0	2673
1026	0	2961
1027	0	3182
1028	2	2865
1029	0	1479
1030	0	2673
1032	0	3182
1033	0	3182
1034	0	1836
1035	0	1620
1036	0	1620
1037	0	373
1038	0	1764
1039	2	3422
1040	0	1764
1041	0	549
1042	0	373
1043	0	1980
1044	0	2124
1045	0	1908
1046	0	2124
1047	0	3422
1048	0	3662
1049	0	3662
1050	0	2769
1051	0	2481
1052	0	3963
1053	0	3963
1054	2	2124
1055	2	3422
1056	0	3422
1057	0	3182
1058	2	2769
1059	2	2481
1060	2	3963
1062	0	1431
1063	0	1287
1064	2	3422
1065	0	2052
1066	0	2052
1067	0	2052
1068	0	1908
1069	2	3963
1070	0	1908
1071	0	1764
1072	0	2865
1073	0	2577
1074	0	1692
1075	0	2292
1076	0	2292
1077	0	2292
1078	0	2052
1079	0	2292
1080	0	2577
1081	0	1287
1082	0	2577
1083	0	2865
1084	0	2196
1085	0	1620
1086	0	2577
1087	0	2577
1088	0	2577
1089	0	2577
1090	0	2196
1091	0	1980
1092	0	2196
1093	0	2577
1094	0	2196
1095	0	2673
1096	0	2577
1097	0	2577
1098	0	2577
1099	0	93
1100	0	1143
1101	0	1287
1102	0	2577
1103	0	2673
1104	0	2577
1105	0	2577
1106	0	2577
1107	0	1063
1108	0	1908
1109	0	2865
1110	0	1764
1111	0	2481
1112	0	2961
1113	0	2481
1114	0	2865
1115	0	2292
1116	0	3422
1117	0	3422
1118	0	3422
1119	0	3422
1120	0	3422
1121	0	3182
1122	0	2865
1123	0	2673
1124	0	2385
1125	0	3182
1126	0	2961
1127	0	2961
1128	0	3182
1129	0	3182
1130	2	2865
1131	0	1836
1132	0	2673
1133	0	2673
1134	0	2292
1135	0	2052
1136	0	2673
1137	0	2961
1138	0	2961
1139	0	2481
1140	0	2673
1141	0	3182
1142	0	903
1143	0	903
1144	0	193
1145	0	249
1146	0	3422
1147	0	3422
1148	0	2385
1149	0	3422
1150	0	903
1151	0	87
1152	0	871
1153	0	2292
1154	0	4251
1155	0	3662
1156	0	3662
1157	0	3662
1158	0	1908
1159	0	3822
1160	0	4251
1161	0	4251
1162	2	4251
1163	0	3963
1164	0	3662
1165	0	3662
1166	0	2673
1167	2	3822
1168	2	4251
1169	2	4251
1170	0	2292
1172	2	3662
1173	2	3662
1174	0	871
1175	0	2673
1176	0	2865
1177	0	2673
1178	0	2481
1179	2	3963
1180	0	2052
1181	0	2052
1182	0	2577
1183	0	2577
1184	0	2577
1185	0	2481
1186	0	2577
1187	0	1620
1188	0	2196
1189	0	217
1190	0	2865
1191	0	1980
1192	0	2052
1193	0	2577
1194	0	2673
1195	0	2577
1196	0	2052
1197	0	2052
1198	2	2865
1199	0	2865
1200	0	1431
1201	0	903
1202	0	1620
1203	0	1431
1204	0	807
1205	0	1431
1206	0	3182
1207	0	2865
1208	0	2196
1209	0	3182
1220	0	1980
1221	0	1479
1222	2	2124
1223	0	573
1224	0	1287
1225	0	1980
1226	0	2577
1227	0	2577
1228	0	2577
1229	0	2577
1230	0	2481
1231	0	1620
1232	0	1620
1233	0	2481
1234	0	2577
1235	0	2577
1236	0	2577
1237	0	2196
1238	0	1620
1239	0	1287
1240	0	1431
1241	0	597
1242	0	1239
1243	0	1620
1244	0	717
1245	0	1836
1246	0	2865
1247	0	3182
1248	0	3422
1249	2	597
1250	0	2865
1251	0	3182
1252	0	2961
1253	0	2577
1254	0	3182
1255	0	2961
1256	0	2865
1257	0	2865
1258	0	2577
1259	0	2673
1260	0	1980
1261	0	1980
1262	0	2865
1263	0	2865
1264	0	2865
1265	0	2673
1266	0	2196
1267	0	2196
1268	0	2196
1269	0	2196
1270	0	2865
1271	0	2196
1272	0	2196
1273	0	2865
1274	0	2865
1275	0	2865
1276	0	2865
1277	0	2865
1278	0	2865
1279	0	2673
1280	0	2481
1281	0	1431
1282	0	2961
1283	0	2961
1284	0	1980
1285	0	1980
1286	0	3182
1287	0	2961
1288	0	2673
1289	0	1980
1290	2	2961
1291	2	2961
1292	2	1980
1293	0	2481
1294	2	3182
1295	0	1431
1296	0	1908
1297	0	1431
1298	0	2577
1299	0	2577
1300	0	1143
1301	0	325
1302	0	1031
1303	0	1287
1304	0	1908
1305	0	2577
1306	0	2865
1307	0	2196
1308	0	1287
1309	0	749
1310	0	1143
1311	0	2673
1312	0	3182
1313	0	2961
1314	0	2865
1315	0	2481
1316	0	1620
1317	0	1479
1318	0	3422
1319	0	2865
1320	0	3422
1321	0	2481
1322	0	3182
1323	0	2481
1324	0	549
1325	0	121
1326	2	3422
1327	2	2865
1328	2	3422
1329	2	2481
1330	2	3182
1331	0	93
1332	0	1479
1333	0	1479
1334	0	1836
1335	0	2865
1336	0	2577
1337	0	2577
1338	0	2577
1339	0	2577
1340	0	2865
1341	0	2673
1342	0	2865
1343	0	2865
1344	0	2481
1345	0	2124
1346	0	2292
1347	0	2292
1348	0	2124
1349	0	2124
1350	0	2124
1351	0	1031
1352	0	2052
1353	0	2124
1354	0	1764
1355	0	2124
1356	0	2052
1357	0	2052
1358	0	1527
1359	0	839
1360	0	1143
1361	0	1143
1362	0	453
1363	0	1143
1364	0	1287
1365	0	2124
1366	0	2124
1367	0	1031
1368	0	1143
1369	0	1287
1370	0	1287
1371	0	2052
1372	0	2481
1373	0	2673
1374	0	2577
1375	0	2292
1376	0	2577
1377	0	2577
1378	0	2865
1379	0	2196
1380	0	1431
1381	0	1980
1382	0	2292
1383	0	2292
1384	0	1908
1385	0	1764
1386	0	2292
1387	0	2292
1388	0	2124
1389	0	2292
1390	0	2292
1391	0	1692
1392	0	1143
1393	0	1143
1394	0	1287
1395	0	1287
1396	0	1908
1397	0	1764
1398	0	1908
1399	0	871
1400	0	1287
1401	0	1239
1402	0	1764
1403	0	1908
1404	0	1908
1405	0	1692
1406	0	177
1407	0	1764
1408	0	2865
1409	0	3182
1410	0	2865
1411	0	2577
1412	0	3182
1413	0	3182
1414	0	2481
1415	0	3422
1416	0	2292
1417	0	2769
1418	2	2865
1419	0	2673
1420	2	3182
1421	2	3182
1422	0	2865
1423	2	3422
1424	2	2292
1425	2	2769
1426	0	1479
1427	2	2673
1428	0	177
1429	0	2577
1430	2	2865
1431	0	2124
1432	0	2124
1433	0	2865
1434	0	2196
1435	0	2292
1436	0	2865
1437	0	3182
1438	0	2673
1439	0	2577
1440	0	2577
1442	0	1479
1443	0	1620
1444	0	2673
1445	0	2865
1446	0	2673
1447	0	2865
1448	0	2865
1449	2	2865
1450	0	1287
1451	0	437
1452	0	1836
1453	0	3662
1454	0	3182
1455	0	3422
1456	0	3182
1457	0	2673
1458	0	3182
1459	0	871
1460	0	2292
1461	0	871
1462	0	1908
1463	0	2124
1464	0	2124
1465	0	1335
1466	0	2124
1467	0	1980
1468	0	1836
1469	0	517
1470	0	1431
1471	0	1143
1472	0	3662
1473	0	3182
1474	2	2124
1475	0	3422
1476	0	3182
1477	0	2385
1478	0	2961
1479	2	1143
1480	0	3182
1481	0	2673
1482	0	1764
1483	0	1620
1484	0	1620
1485	0	1620
1486	0	1239
1487	0	2196
1488	0	2865
1489	0	2865
1490	0	2673
1491	0	2673
1492	0	2673
1493	0	2577
1494	0	1980
1495	0	2577
1496	0	2577
1497	0	2577
1498	0	2961
1499	0	2961
1500	0	3182
1501	0	2961
1502	0	2385
1503	0	2865
1504	0	2865
1505	0	2385
1506	0	3182
1507	0	3422
1508	0	3422
1509	0	3422
1510	0	3422
1511	0	1287
1512	0	3422
1513	0	3422
1514	0	2577
1515	0	2577
1516	0	3422
1517	0	3422
1518	2	3422
1519	2	1287
1520	2	3422
1522	0	1479
1523	0	1620
1524	0	1980
1525	0	2865
1526	0	2865
1527	0	1836
1528	0	2865
1529	2	3422
1530	0	669
1531	0	1143
1532	0	3182
1533	0	3662
1534	0	2865
1535	0	1908
1536	0	1692
1537	0	1431
1538	0	1692
1539	0	3662
1540	0	871
1541	0	1383
1542	0	3422
1543	0	3422
1544	0	3662
1545	0	3963
1546	0	4251
1547	2	3662
1548	0	807
1549	0	3662
1550	0	2124
1551	0	3182
1552	0	3422
1553	2	3963
1554	2	4251
1555	0	2673
1556	0	2865
1557	2	3662
1558	0	1836
1559	0	2124
1560	2	3422
1561	0	1431
1562	0	2292
1563	0	2292
1564	0	1692
1565	0	2577
1566	0	2577
1567	0	2577
1568	0	2577
1569	0	1479
1570	0	645
1571	0	105
1572	0	1239
1573	0	1095
1574	0	2865
1575	0	2865
1576	0	2196
1577	0	2673
1578	0	1572
1579	0	3422
1580	0	3662
1581	0	999
1582	0	3422
1583	0	3422
1584	0	2577
1585	0	3422
1586	0	3182
1587	0	3422
1588	0	3422
1589	0	1063
1590	0	3662
1591	0	2577
1592	2	2577
1593	2	3422
1594	0	2196
1595	2	3422
1596	2	3422
1597	0	2196
1598	2	3662
1599	0	2865
1600	0	2865
1601	0	2196
1602	0	2865
1603	0	2865
1604	0	2865
1605	0	2865
1606	0	3182
1607	0	2865
1608	0	2865
1609	0	2865
1610	0	2673
1611	0	1095
1612	0	2865
1613	0	2673
1614	0	2292
1615	0	2673
1616	0	2865
1617	0	2673
1618	0	2865
1619	0	485
1620	0	1764
1621	0	597
1622	0	201
1623	0	3182
1624	0	2385
1625	0	2961
1626	0	2385
1627	0	3182
1628	0	1764
1629	2	597
1630	0	2865
1631	0	2961
1632	0	2961
1633	0	3422
1634	0	2385
1635	0	3422
1636	0	3422
1637	0	2577
1638	0	3182
1639	0	3182
1640	0	3182
1642	0	1143
1643	0	3422
1644	0	3182
1645	0	3182
1646	0	3422
1647	0	3422
1648	0	3182
1649	2	3422
1650	0	69
1651	0	325
1652	0	1692
1653	0	1692
1654	0	69
1655	0	1764
1656	0	3182
1657	0	3182
1658	0	3182
1659	2	325
1660	0	775
1661	0	1431
1662	0	533
1663	0	903
1664	0	1287
1665	0	1692
1666	0	1908
1667	0	1764
1668	0	1620
1669	0	2577
1670	0	533
1671	0	2124
1672	0	1980
1673	2	1692
1674	0	1692
1675	0	999
1676	0	807
1677	0	1620
1678	0	1095
1679	0	645
1680	0	1287
1681	0	1908
1682	0	1063
1683	0	1063
1684	0	871
1685	0	935
1686	0	645
1687	0	1191
1688	0	1836
1689	0	1836
1690	0	2124
1691	0	1383
1692	0	2481
1693	0	4251
1694	0	4251
1695	2	1191
1696	2	1836
1697	2	1836
1698	2	2124
1699	0	2577
1700	2	2481
1702	2	4251
1703	0	2577
1704	0	1692
1705	0	1692
1706	0	2292
1707	0	2292
1708	0	2292
1709	2	4251
1710	0	1764
1711	0	2124
1712	0	2577
1713	0	2577
1714	0	1287
1715	0	2577
1716	0	2481
1717	0	1980
1718	0	2577
1719	0	2865
1720	0	2865
1721	0	717
1722	0	1431
1723	0	3182
1724	0	2865
1725	0	2961
1726	0	2196
1727	0	2865
1728	0	2673
1729	0	1095
1730	0	1572
1731	0	1620
1732	0	2196
1733	0	2196
1734	0	2196
1735	0	2673
1736	0	2673
1737	0	1431
1738	0	775
1739	0	717
1740	0	1095
1741	0	807
1742	0	807
1743	0	807
1744	0	807
1745	0	903
1746	0	967
1747	0	1620
1748	0	1143
1749	0	1143
1750	0	1383
1751	0	693
1752	0	999
1753	0	1836
1754	0	1191
1755	0	1287
1756	2	1143
1757	2	1143
1758	2	1383
1759	2	693
1760	2	999
1761	2	1836
1762	0	693
1763	0	967
1764	0	1620
1765	0	1620
1766	0	1287
1767	0	2481
1768	0	2292
1769	0	1287
1770	0	1527
1771	0	1620
1772	0	1836
1773	0	2673
1774	0	1620
1775	0	1620
1776	0	1980
1777	0	1980
1778	0	1692
1779	0	1287
1780	0	1692
1781	0	967
1782	0	1692
1783	0	1692
1784	0	1692
1785	0	1527
1786	0	2577
1787	0	1980
1788	0	1692
1789	2	967
1790	0	2124
1791	0	2124
1792	0	2052
1793	0	2052
1794	0	2052
1795	0	2124
1796	0	1908
1797	0	1143
1798	0	1031
1799	0	1031
1800	0	1031
1801	0	1287
1802	0	2052
1803	0	2052
1804	0	1031
1805	0	1143
1806	0	1287
1807	0	1479
1808	0	1620
1809	0	3182
1810	0	1980
1811	0	1620
1812	0	1287
1813	0	1620
1814	0	1764
1815	0	1908
1816	0	1908
1817	0	1908
1818	0	1908
1819	0	2124
1820	0	1908
1821	0	1063
1822	0	2124
1823	0	3662
1824	0	3662
1825	0	3963
1826	0	3963
1827	2	2124
1828	0	3422
1829	0	2865
1830	0	3422
1832	2	3662
1833	2	3963
1834	0	2577
1835	0	2577
1836	2	3422
1837	2	2865
1838	2	3422
1839	2	3662
1840	0	1908
1841	0	903
1842	0	1836
1843	0	1836
1844	0	1143
1845	0	2052
1846	0	2052
1847	0	1908
1848	0	1836
1849	0	1143
1850	0	1143
1851	0	32
1852	0	717
1853	0	1287
1854	0	1287
1855	0	1431
1856	0	1431
1857	0	1287
1858	0	2124
1859	0	1479
1860	0	157
1861	0	1620
1863	0	2577
1864	0	2577
1865	0	2481
1866	0	2577
1867	0	2577
1868	0	999
1869	0	2865
1870	0	2673
1871	0	1287
1872	0	2865
1873	0	2865
1874	0	2577
1875	0	2673
1876	0	1479
1877	0	1980
1878	0	1980
1879	0	1764
1880	0	1836
1881	0	105
1883	0	2865
1884	0	2196
1885	0	2961
1886	0	2865
1887	0	2865
1888	0	2865
1889	0	1620
1890	0	2577
1891	0	2481
1892	0	2865
1893	0	2865
1894	0	2865
1895	0	2865
1896	0	2865
1897	0	1836
1898	0	2577
1899	0	2577
1900	0	2577
1901	0	1980
1902	0	2577
1903	0	2577
1904	0	2577
1905	0	2577
1906	0	2865
1907	0	2481
1908	0	2577
1909	0	1431
1910	0	1287
1911	0	241
1912	0	1287
1913	0	1287
1914	0	1764
1915	0	2292
1916	0	2577
1917	0	1908
1918	0	1287
1919	0	1095
1920	0	1143
1921	0	903
1922	0	2865
1923	0	2673
1924	0	2673
1925	0	2577
1926	0	2577
1927	0	2865
1928	0	3422
1929	0	1692
1930	0	1287
1931	0	177
1932	0	1572
1933	0	2481
1934	0	2052
1935	0	1620
1936	0	2292
1937	0	1431
1938	0	2865
1939	0	2865
1940	2	1572
1941	2	2481
1942	0	2481
1943	0	1620
1944	0	1764
1945	0	1764
1946	0	1479
1947	0	1764
1948	0	1764
1949	0	1479
1950	0	1287
1951	0	325
1952	0	293
1953	0	749
1954	0	2124
1955	0	3662
1956	0	3542
1957	0	3963
1958	0	3963
1959	0	3963
1960	2	293
1961	0	2124
1962	0	3662
1963	2	3662
1964	2	3542
1965	2	3963
1966	2	3963
1967	2	3963
1968	0	2577
1969	0	2124
1970	2	3662
1971	0	1692
1972	0	2292
1973	0	2292
1974	0	2292
1975	0	2292
1976	0	2292
1977	0	2292
1978	0	2292
1979	0	2292
1980	0	2577
1981	0	1287
1982	0	2577
1983	0	2577
1984	0	2124
1985	0	2577
1986	0	1764
1987	0	2577
1988	0	2577
1989	0	2577
1990	0	2577
1991	0	1980
1992	0	2577
1993	0	2577
1994	0	2196
1995	0	2865
1996	0	2865
1997	0	645
1998	0	1287
1999	0	2673
2000	0	2577
2001	0	1620
2002	0	2577
2003	0	2865
2004	0	2865
2005	0	2673
2006	0	2961
2007	0	2577
2008	0	3422
2009	0	3182
2010	0	2577
2011	0	2961
2012	0	2961
2013	0	2865
2014	0	1620
2015	0	1620
2016	2	3422
2017	0	645
2018	0	621
2019	0	1479
2020	0	1479
2021	0	485
2022	0	1287
2023	0	1620
2024	0	1980
2025	0	967
2026	0	903
2027	0	1908
2028	0	1764
2029	0	1836
2030	0	1620
2031	0	1287
2032	0	1620
2033	0	1620
2034	0	1191
2035	2	1908
2036	0	1620
2037	0	1836
2038	0	1620
2039	0	1620
2040	0	807
2041	0	645
2042	0	2577
2043	0	2865
2044	0	2865
2045	0	2961
2046	0	2865
2047	0	1431
2048	0	2577
2049	0	2865
2050	0	967
2051	0	1431
2052	0	1836
2053	0	1836
2054	0	2196
2055	0	1836
2056	0	1908
2057	0	1764
2058	0	903
2059	0	1764
2060	0	1620
2061	0	405
2062	0	1908
2063	0	1908
2064	2	1908
2065	0	1908
2066	0	1764
2067	0	1908
2068	0	3422
2069	0	2385
2070	0	2577
2071	2	1908
2072	0	2961
2073	2	1908
2074	0	2577
2075	2	1908
2076	0	2577
2077	0	2577
2078	0	2577
2079	0	1836
2080	0	2481
2081	0	1479
2082	0	2577
2083	0	1431
2084	0	357
2085	0	1620
2086	0	1620
2087	0	1620
2088	0	2385
2089	0	3182
2090	0	2292
2091	0	2196
2092	0	2865
2093	0	2577
2094	0	2961
2095	0	3422
2096	0	3662
2097	0	3963
2098	0	3662
2099	0	3662
2100	0	3662
2101	0	2124
2102	0	3422
2103	2	3422
2104	0	2385
2105	2	3963
2106	0	3182
2107	2	3662
2108	2	3662
2109	0	2673
2110	0	2961
2111	0	2196
2112	0	2865
2113	0	3182
2114	0	2961
2115	0	2865
2116	0	2865
2117	0	2865
2118	0	2865
2119	0	2865
2120	0	3182
2121	0	1836
2122	0	3182
2123	0	2481
2124	0	2673
2125	0	2961
2126	2	2865
2127	2	2865
2128	0	2577
2129	0	1287
2130	0	2481
2131	0	1479
2132	0	1479
2133	0	1479
2134	0	2673
2135	0	1287
2136	0	1287
2137	0	1479
2138	0	1620
2139	0	2292
2140	0	1764
2141	0	1063
2142	0	3662
2143	0	3422
2144	0	2673
2145	0	3662
2146	0	3963
2147	0	3963
2148	0	3662
2149	0	3662
2150	0	3963
2151	0	871
2152	0	3182
2153	0	3422
2154	2	3963
2155	2	3963
2156	0	2865
2157	0	2865
2158	2	3963
2159	0	2196
2160	0	2865
2161	0	2196
2162	0	2865
2163	0	2865
2164	0	2577
2165	0	2577
2166	0	2673
2167	0	2865
2168	0	2196
2169	0	2052
2170	0	2385
2171	0	1764
2172	0	1836
2173	0	1620
2174	0	2292
2175	0	1836
2176	0	1620
2177	0	1980
2178	0	2124
2179	0	1908
2189	0	1980
2190	0	2292
2192	2	3662
2193	2	1143
2194	2	3662
2195	0	1620
2196	2	2481
2197	2	1980
2198	0	645
2199	2	3662
2200	0	1836
2201	0	437
2202	0	967
2203	0	1287
2204	0	1479
2205	0	1479
2206	0	2292
2207	0	2292
2208	0	1620
2209	0	1692
2210	0	2673
2211	0	2961
2212	0	2865
2213	0	2577
2214	0	2292
2215	0	2292
2216	0	2292
2217	0	2577
2218	0	2292
2219	0	2577
2220	0	2577
2221	0	645
2222	0	2577
2223	0	2577
2224	0	2481
2225	0	2577
2226	0	2577
2227	0	2577
2228	0	2577
2229	0	2577
2230	0	1620
2231	0	1287
2232	0	1287
2233	0	1620
2234	0	1620
2235	0	1620
2236	0	1620
2237	0	1620
2238	0	1479
2239	0	1620
2240	0	1980
2241	0	1620
2242	0	2865
2243	0	2673
2244	0	2577
2245	0	2577
2246	0	2577
2247	0	2577
2248	0	2577
2249	0	2577
2250	0	1620
2251	0	1980
2252	0	2865
2253	0	2865
2254	0	2865
2255	0	2865
2256	0	2865
2257	0	2865
2258	0	2865
2259	0	2865
2260	0	2865
2261	0	903
2262	0	2196
2263	0	2865
2264	0	2865
2265	0	2865
2266	0	2865
2267	0	1836
2268	0	3182
2269	0	1764
2270	0	1431
2271	0	717
2272	0	1764
2273	0	1764
2274	0	1764
2275	0	1572
2276	0	1764
2277	0	1764
2278	0	2124
2279	0	2124
2280	0	2481
2281	0	389
2282	0	2292
2283	2	1572
2284	0	2577
2285	0	3422
2286	2	2124
2287	0	2673
2288	2	2481
2289	0	2865
2290	2	2292
2291	0	2961
2292	2	2577
2293	2	3422
2294	0	2577
2295	0	2577
2296	0	2865
2297	2	2865
2298	0	2292
2299	0	2292
2300	0	2124
2301	0	1095
2302	0	2577
2303	0	2577
2304	0	2577
2305	0	2577
2306	0	2577
2307	0	2577
2308	0	2577
2309	0	2865
2310	0	3182
2311	0	2481
2312	0	2865
2313	0	2865
2314	0	2481
2315	0	2673
2316	0	2865
2317	0	2865
2318	0	2673
2319	0	2673
2320	0	2865
2321	0	1620
2322	0	2052
2323	0	2865
2324	0	2865
2325	0	2865
2326	0	2865
2327	0	2865
2328	2	2865
2329	0	1287
2330	0	1095
2331	0	293
2332	0	1620
2333	0	1620
2334	0	1479
2335	0	1479
2336	0	2196
2337	0	2577
2338	0	2865
2339	0	2673
2340	0	2865
2341	0	999
2342	0	3422
2343	0	3662
2344	0	3662
2345	0	2865
2346	0	3182
2347	2	2673
2348	0	3182
2349	0	2865
2350	2	3422
2352	0	2865
2353	0	2865
2354	0	1836
2355	0	485
2356	0	1836
2357	0	2865
2358	0	2865
2359	2	3662
2360	0	2673
2361	0	1620
2362	0	2577
2363	0	1095
2364	0	2577
2365	0	3182
2366	0	2961
2367	0	2865
2368	0	2865
2369	0	2865
2370	0	2196
2371	0	2673
2372	0	3422
2373	2	3182
2374	0	1620
2375	0	2865
2376	0	2865
2377	0	2865
2378	0	2865
2379	0	3182
2380	2	3422
2381	0	967
2382	0	2865
2383	0	3182
2384	0	2481
2385	0	2865
2386	0	2865
2387	0	2865
2388	0	2865
2389	0	2196
2390	0	3422
2391	0	2961
2392	0	3182
2393	0	3182
2394	0	3182
2395	0	2865
2396	0	1836
2397	0	485
2398	2	3422
2399	0	1620
2400	0	2673
2401	0	1095
2402	0	2865
2403	0	2865
2404	0	1479
2405	0	967
2406	0	2865
2407	0	1620
2408	0	1764
2409	0	2481
2410	0	2577
2411	0	2961
2412	0	1620
2413	0	3422
2414	0	2865
2415	0	2385
2416	2	1764
2417	0	3422
2418	0	3422
2419	0	3422
2420	0	3182
2422	2	2865
2423	0	2865
2424	0	3182
2425	2	3422
2426	2	3422
2427	2	3422
2428	2	3182
2429	2	3422
2430	0	2124
2431	0	2196
2432	0	1908
2433	0	2292
2434	0	2292
2435	0	2292
2436	0	2292
2437	0	2292
2438	0	2124
2439	0	2292
2440	0	2292
2441	0	1692
2442	0	2292
2443	0	2292
2444	0	2292
2445	0	2292
2446	0	2292
2447	0	2292
2448	0	2292
2449	0	1287
2450	0	2196
2451	0	1095
2452	0	2577
2453	0	2577
2454	0	2577
2455	0	2577
2456	0	2577
2457	0	2577
2458	0	2673
2459	0	1431
2460	0	1764
2461	0	453
2462	0	2673
2463	0	2865
2464	0	1479
2465	0	2865
2466	0	2196
2467	0	1620
2468	0	1764
2469	2	453
2470	0	2292
2471	0	2481
2472	0	2196
2473	0	3182
2474	0	2865
2475	0	2865
2476	0	3182
2477	0	3422
2478	0	2865
2479	0	2673
2480	0	2961
2481	0	549
2482	0	2865
2483	0	2865
2484	0	2865
2485	2	3422
2486	0	2673
2487	0	1620
2488	0	2865
2489	0	2865
2490	0	3182
2491	0	2961
2492	0	2961
2493	0	2865
2494	0	2481
2495	0	2865
2496	0	2577
2497	0	2577
2498	2	3182
2499	0	2673
2500	2	2961
2501	0	1980
2502	0	2196
2503	0	2577
2504	0	2577
2505	0	1692
2506	0	1431
2507	0	1479
2508	0	1287
2509	0	1287
2510	0	967
2511	0	717
2512	0	1479
2513	0	1479
2514	0	1620
2515	0	3182
2516	0	3422
2517	0	3422
2518	0	3422
2519	0	1620
2529	0	405
2531	0	2577
2532	0	3422
2533	0	2577
2534	0	3662
2535	0	3422
2536	0	3422
2537	0	2385
2538	0	2124
2539	0	1287
2540	0	2961
2541	0	1980
2542	0	2865
2543	0	2865
2544	0	2865
2545	0	2865
2546	0	1836
2547	0	1980
2548	0	1980
2549	0	1191
2550	0	1287
2551	0	293
2552	0	1572
2553	0	2385
2554	0	2673
2555	0	3422
2556	0	3662
2557	0	1572
2558	0	3662
2559	2	293
2560	0	3422
2561	0	2673
2562	0	3662
2563	0	3422
2564	2	3662
2565	0	3182
2566	0	3422
2567	0	3422
2568	0	2865
2569	0	2865
2570	0	1335
2571	0	2385
2572	0	3182
2573	0	2865
2574	0	2196
2575	0	2865
2576	0	2865
2577	0	2865
2578	0	2673
2579	0	1908
2580	0	1908
2581	0	501
2582	0	999
2583	0	2124
2584	0	2577
2585	0	2865
2586	0	1980
2587	0	597
2588	0	1287
2589	0	573
2590	0	1383
2591	0	161
2592	0	325
2593	2	2865
2594	0	133
2595	2	597
2596	0	549
2597	2	573
2598	2	1383
2599	0	389
2600	2	325
2601	0	2769
2602	0	3422
2603	0	3182
2604	0	3182
2605	0	2577
2606	0	2577
2607	0	2124
2608	0	2769
2609	0	2769
2610	2	3422
2611	0	1908
2612	0	2481
2613	2	2577
2614	0	2673
2615	0	3182
2616	0	3182
2617	0	3422
2618	0	2124
2619	0	3182
2620	0	3422
2621	0	1692
2622	0	1764
2623	0	1764
2624	2	3182
2625	2	3422
2626	0	645
2627	0	2292
2628	2	3422
2629	0	1479
2630	0	2865
2631	0	2385
2632	0	3422
2633	0	3182
2634	0	2292
2635	0	2577
2636	0	2673
2637	0	2481
2638	0	3182
2639	0	2865
2640	0	2961
2641	0	2481
2642	0	2865
2643	0	2865
2644	0	2865
2645	0	2865
2646	0	2865
2647	0	1095
2648	0	2577
2649	0	2577
2659	0	1431
2660	0	1836
2661	0	807
2662	0	999
2663	0	1095
2664	0	775
2665	0	2124
2666	0	1836
2667	0	2124
2668	0	3662
2669	0	3662
2670	0	3963
2671	0	1980
2672	0	2769
2673	2	2124
2674	2	1836
2675	2	2124
2676	0	2577
2677	0	2577
2678	2	3963
2679	2	1980
2680	2	2769
2681	0	1692
2682	0	517
2683	0	2124
2684	0	1431
2685	0	2292
2686	0	2292
2687	0	1287
2688	0	1287
2689	0	1143
2690	0	1287
2691	0	717
2692	0	2292
2693	0	2292
2694	0	2292
2695	0	2292
2696	0	2577
2697	0	2961
2698	0	3182
2699	0	3422
2700	0	2865
2701	0	1836
2702	0	2577
2703	0	2577
2704	0	1692
2705	0	2481
2706	2	3182
2707	2	3422
2708	0	2292
2709	0	1908
2710	0	2481
2711	0	2481
2712	0	2196
2713	0	2577
2714	0	2481
2715	0	2577
2716	0	2577
2717	0	2577
2718	2	2481
2719	0	2577
2720	0	1908
2721	0	871
2722	0	2577
2723	0	2577
2724	0	2292
2725	0	2292
2726	0	2292
2727	0	2292
2728	0	1287
2729	0	1287
2730	0	1479
2731	0	1479
2732	0	1287
2733	0	1287
2734	0	1287
2735	0	1287
2736	0	1287
2737	0	201
2738	0	3182
2739	0	3182
2740	0	3182
2741	0	999
2742	0	3422
2743	0	3422
2744	0	2865
2745	0	3662
2746	0	3182
2747	2	3182
2748	2	3182
2749	0	2865
2750	0	3182
2751	0	2673
2752	0	1620
2753	2	3662
2754	0	573
2755	0	1836
2756	0	871
2757	0	1431
2758	0	437
2759	0	1287
2760	0	1908
2761	0	1620
2762	0	2577
2763	0	2865
2764	0	2865
2765	0	1620
2766	0	1836
2767	0	2196
2768	0	2196
2769	0	2196
2770	0	1836
2771	0	967
2772	0	1620
2773	0	1980
2774	0	1620
2775	0	1620
2776	0	1287
2777	0	1980
2778	0	1980
2779	0	2124
2780	0	2577
2781	0	2481
2782	0	2577
2783	0	2577
2784	0	2577
2785	0	2292
2786	0	2124
2787	0	2577
2788	0	2577
2789	0	2577
2790	0	2481
2791	0	967
2792	0	2577
2793	0	2673
2794	0	2865
2795	0	2673
2796	0	1980
2797	0	2865
2798	0	2865
2799	0	1620
2800	0	1980
2801	0	1572
2802	0	1095
2803	0	1431
2804	0	1143
2805	0	1764
2806	0	1620
2807	0	1431
2808	0	1980
2809	2	1572
2810	0	1836
2811	0	79
2812	0	1335
2813	0	1908
2814	0	1908
2815	0	1479
2816	2	1980
2817	0	903
2818	0	967
2830	2	3182
2832	2	1692
2833	2	2673
2834	2	3422
2835	2	3182
2836	0	1287
2837	0	1287
2838	0	285
2839	2	3422
2840	0	903
2841	0	775
2842	0	1908
2843	0	1143
2844	0	1431
2845	0	2124
2846	0	2577
2847	0	2865
2848	0	285
2849	0	1980
2850	0	1620
2851	0	749
2852	0	1620
2853	0	1620
2854	0	1479
2855	0	177
2856	0	357
2857	0	2481
2858	0	2865
2859	0	3182
2860	0	3422
2861	0	3182
2862	0	3422
2863	0	3422
2864	0	1908
2865	0	1287
2866	0	1908
2867	2	3182
2868	2	3422
2869	0	1287
2870	2	3422
2871	0	169
2872	0	967
2873	2	1287
2874	0	2124
2875	0	2292
2876	0	2292
2877	0	2292
2878	0	2577
2879	0	2292
2880	0	1908
2881	0	1620
2882	0	1431
2883	0	2292
2884	0	1908
2885	0	2292
2886	0	2292
2887	0	2292
2888	0	2124
2889	0	1764
2890	0	2292
2891	0	2124
2892	0	1908
2893	0	2292
2894	0	1764
2895	0	2292
2896	0	2124
2897	0	2292
2898	0	2577
2899	0	2577
2900	0	2124
2901	0	1764
2902	0	389
2903	0	2292
2904	0	2292
2905	0	2292
2906	0	2292
2907	0	2292
2908	0	2292
2909	0	2292
2910	0	2577
2911	0	2292
2912	0	2865
2913	0	2577
2914	0	2124
2915	0	2292
2916	0	2292
2917	0	2292
2918	0	2292
2919	0	2292
2920	0	2577
2921	0	1620
2922	0	2196
2923	0	2577
2924	0	1980
2925	0	2577
2926	0	2577
2927	0	2577
2928	0	2577
2929	0	1287
2930	0	1620
2931	0	1287
2932	0	871
2933	0	871
2934	0	437
2935	0	285
2936	0	285
2937	0	717
2938	0	717
2939	0	1287
2940	0	2292
2941	0	645
2942	0	1191
2943	0	1095
2944	0	967
2945	0	871
2946	0	61
2947	0	749
2948	0	1620
2949	0	1479
2950	0	225
2951	0	2124
2952	0	3422
2953	0	2673
2954	0	3422
2955	0	1692
2956	0	3662
2957	0	3662
2958	0	3662
2959	0	3662
2960	2	3422
2961	0	2865
2962	0	3422
2963	0	3182
2964	2	3662
2965	2	3662
2966	2	3662
2967	2	3662
2968	0	2577
2969	2	2865
2970	0	2124
2971	0	871
2972	0	2292
2973	0	1908
2974	0	2292
2975	0	2292
2976	0	2292
2977	0	2292
2978	0	2292
2979	0	2292
2980	0	2577
2981	0	573
2982	0	2577
2983	0	1431
2984	0	1431
2985	0	1908
2986	0	717
2987	0	1908
2988	0	1764
2989	0	967
2990	0	1836
2991	0	807
2992	0	1620
2993	0	2196
2994	0	269
2995	0	357
2996	0	807
2997	0	177
2998	0	775
2999	0	357
3000	0	1836
3001	0	389
3002	2	269
3003	0	405
3004	0	645
3005	0	807
3007	0	269
3008	0	903
3009	0	967
3010	0	1143
3011	0	405
3012	0	225
3013	0	3422
3014	0	3422
3015	0	3422
3016	0	3662
3017	2	967
3018	2	1143
3019	0	2673
3020	0	3662
3022	2	3422
3023	2	3422
3024	2	3662
3025	0	2124
3026	0	2577
3027	0	2481
3028	2	3662
3029	2	3422
3030	0	1908
3031	0	2124
3032	0	2124
3033	0	1908
3034	0	1908
3035	0	1908
3036	0	2292
3037	0	2124
3038	0	1908
3039	0	2292
3040	0	2052
3041	0	1031
3042	0	1836
3043	0	1836
3044	0	1836
3045	0	1692
3046	0	1836
3047	0	1836
3048	0	1527
3049	0	999
3050	0	1031
3051	0	405
3052	0	807
3053	0	775
3054	0	437
3055	0	903
3056	0	0
3057	0	389
3058	0	389
3059	0	749
3060	0	1143
3061	0	775
3062	0	32
3063	0	1527
3064	0	1620
3065	0	1764
3066	0	1431
3067	0	2196
3068	0	1764
3069	0	1692
3070	0	2124
3071	0	1287
3072	0	1287
3073	0	1620
3074	0	1527
3075	0	1527
3076	0	1239
3077	0	1191
3078	0	1431
3079	0	1527
3080	0	1908
3081	0	1031
3082	0	2124
3083	0	1527
3084	0	1431
3085	0	1527
3086	0	2052
3087	0	1836
3088	0	1383
3089	0	173
3090	0	333
3091	0	193
3092	0	373
3093	0	333
3094	0	349
3095	0	1239
3096	0	1620
3097	0	1239
3098	0	1836
3099	0	1764
3100	0	2292
3101	0	1431
3102	0	2292
3103	0	1908
3104	0	2052
3105	0	1836
3106	0	1836
3107	0	1692
3108	0	1692
3109	0	1692
3110	0	1836
3111	0	1143
3112	0	1836
3113	0	1836
3114	0	1908
3115	0	1908
3116	0	1908
3117	0	1287
3118	0	1527
3119	0	1836
3120	0	1908
3121	0	1287
3122	0	1527
3123	0	1836
3124	0	1836
3125	0	1836
3126	0	437
3127	0	1620
3128	0	1836
3129	0	1191
3130	0	437
3131	0	1031
3132	0	1143
3133	0	261
3134	0	1031
3135	0	1287
3136	0	1143
3137	0	1143
3138	0	141
3139	0	807
3140	0	2865
3141	0	1287
3142	0	2196
3143	0	1836
3144	0	1620
3145	0	1620
3146	2	141
3147	0	1143
3148	2	2865
3149	0	597
3150	2	2196
3151	0	1527
3152	0	2052
3153	0	2052
3154	0	2052
3155	0	1620
3156	0	1836
3157	0	1836
3158	0	2052
3159	0	1908
3160	0	1836
3161	0	1620
3162	0	1836
3163	0	1239
3164	0	1836
3165	0	1836
3166	0	1836
3167	0	1836
3168	0	1692
3169	0	1836
3170	0	1527
3171	0	1431
3172	0	1908
3173	0	1836
3174	0	1836
3175	0	2052
3176	0	2052
3177	0	2052
3178	0	1031
3179	0	903
3180	0	1031
3181	0	405
3182	0	549
3183	0	437
3184	0	277
3185	0	597
3186	0	549
3187	0	621
3188	0	453
3189	0	2292
3190	0	2292
3191	0	2196
3192	0	2577
3193	0	2673
3194	0	2577
3195	0	2577
3196	0	2577
3197	0	2673
3198	0	2292
3199	2	2196
3200	0	1908
3201	2	2673
3202	0	1692
3203	0	1692
3204	0	1692
3205	0	1692
3206	0	1692
3207	0	1383
3208	0	1620
3209	0	1836
3210	0	1692
3211	0	1527
3212	0	1908
3213	0	1908
3214	0	1908
3215	0	1908
3216	0	1908
3217	0	1908
3218	0	1527
3219	0	1143
3220	0	1143
3221	0	903
3222	0	1143
3223	0	1143
3224	0	1143
3225	0	775
3226	0	1527
3227	0	1764
3228	0	2292
3229	0	2577
3230	0	2577
3231	0	2196
3232	0	2577
3233	0	1143
3234	0	1908
3235	0	2577
3236	0	2292
3237	0	2292
3238	0	2124
3239	2	2196
3240	0	1836
3241	0	1764
3242	0	1031
3243	0	807
3244	0	807
3245	0	749
3246	0	1383
3247	0	903
3248	0	903
3249	0	1031
3260	0	2865
3261	0	2481
3262	2	2196
3263	0	2052
3264	2	2673
3265	2	2673
3266	2	2865
3267	0	2052
3268	2	2865
3269	2	2481
3270	0	1836
3271	0	903
3272	0	669
3273	0	999
3274	0	549
3275	0	999
3276	0	1191
3277	0	1692
3278	0	1620
3279	0	1620
3280	0	9
3281	0	101
3282	0	2052
3283	0	2124
3284	0	2292
3285	0	2124
3286	0	2052
3287	0	2052
3288	0	1527
3289	0	1692
3290	0	2196
3291	0	1620
3292	0	2577
3293	0	2577
3294	0	2577
3295	0	2577
3296	0	2577
3297	0	2865
3298	0	2481
3299	0	3182
3300	0	1980
3301	0	1980
3302	0	3182
3303	0	2961
3304	0	2961
3305	0	2961
3306	0	2196
3307	0	3182
3308	2	1980
3309	0	1572
3310	0	2124
3311	0	1908
3312	0	1764
3313	2	2961
3314	0	1431
3315	0	1764
3316	0	1764
3318	0	2124
3319	0	645
3320	0	1908
3321	0	2292
3322	0	3182
3323	0	3963
3324	0	3963
3325	0	4251
3326	2	2124
3327	2	645
3328	0	2865
3329	0	3662
3330	0	3662
3332	2	3963
3333	2	4251
3334	0	1095
3335	0	1620
3336	2	2865
3337	2	3662
3338	2	3662
3339	2	3963
3340	0	1836
3341	0	1287
3342	0	285
3343	0	2292
3344	0	1836
3345	0	217
3346	0	1836
3347	0	1479
3348	0	1620
3349	0	1620
3350	0	549
3351	0	269
3352	0	3182
3353	0	3182
3354	0	3422
3355	0	3422
3356	0	3422
3357	0	3422
3358	0	3662
3359	0	3662
3360	0	2961
3361	2	3182
3362	2	3422
3363	2	3422
3364	2	3422
3365	0	2124
3366	2	3662
3367	2	3662
3368	2	2961
3369	0	2052
3370	0	693
3371	0	1764
3372	0	2052
3373	0	2052
3374	0	2052
3375	0	2052
3376	0	2052
3377	0	2052
3378	0	1287
3379	0	1692
3380	0	2292
3381	0	1287
3382	0	2292
3383	0	2292
3384	0	2124
3385	0	2124
3386	0	2292
3387	0	2196
3388	0	2577
3389	0	437
3390	0	1479
3391	0	1287
3392	0	1287
3393	0	1287
3394	0	2292
3395	0	2292
3396	0	1692
3397	0	2292
3398	0	999
3399	0	1980
3400	0	1764
3401	0	501
3402	0	3182
3403	0	2865
3404	0	2865
3405	0	2865
3406	0	1980
3407	0	3182
3408	0	3182
3409	0	1191
3410	0	2124
3411	0	903
3412	0	1836
3413	2	2865
3415	0	1620
3416	0	2196
3417	0	2577
3418	0	2961
3419	0	2481
3420	0	3422
3421	0	2124
3422	0	1191
3423	0	3182
3424	0	3422
3425	0	3182
3426	0	3182
3427	0	2865
3428	2	3422
3429	0	2865
3430	0	2865
3431	0	2961
3432	2	3422
3433	2	3182
3434	0	2577
3435	0	2292
3436	0	2292
3437	0	2292
3438	0	1908
3439	0	2292
3440	0	2292
3441	0	1431
3442	0	2292
3443	0	2292
3444	0	2292
3445	0	2124
3446	0	2292
3447	0	2577
3448	0	2577
3449	0	871
3450	0	2577
3451	0	2196
3452	0	2577
3453	0	2577
3454	0	2577
3455	0	2577
3456	0	2577
3457	0	1287
3458	0	807
3459	0	1287
3460	0	967
3461	0	645
3462	0	1287
3463	0	1479
3464	0	1479
3465	0	533
3466	0	1143
3467	0	2865
3468	0	2865
3469	0	3182
3470	0	1431
3471	0	2481
3472	0	3422
3473	0	3422
3474	0	1836
3475	0	3662
3476	0	2865
3477	0	3182
3478	0	177
3479	0	133
3480	0	9
3481	0	9
3482	0	2292
3483	2	3662
3484	0	3182
3485	0	3182
3486	0	2865
3487	2	133
3488	0	2673
3489	0	1620
3490	0	2292
3491	0	2481
3492	0	2577
3493	2	3182
3494	0	1764
3495	0	2052
3496	0	2292
3497	0	1980
3498	0	3182
3499	0	2961
3500	0	2292
3501	0	2052
3502	0	2673
3503	0	2961
3504	0	2481
3505	0	1572
3506	0	3422
3507	0	3422
3508	0	3182
3509	0	2124
3510	0	1908
3511	0	1063
3512	0	1908
3513	2	1572
3514	0	1335
3515	0	1692
3516	0	2385
3517	2	2124
3518	2	1908
3519	0	2865
3520	0	1764
3521	0	1239
3522	0	1764
3523	0	1908
3524	0	3182
3525	0	2961
3526	0	2865
3527	0	1620
3528	0	2865
3529	0	2961
3530	0	2124
3531	0	3182
3532	0	3662
3533	0	3422
3534	0	3182
3535	0	1572
3536	0	1764
3537	0	1764
3538	0	775
3539	0	1908
3540	0	1764
3541	0	807
3542	0	1764
3543	0	2481
3544	0	3182
3545	0	3422
3546	0	2769
3547	0	3422
3548	0	3662
3549	0	2769
3550	0	1527
3551	0	2481
3552	0	3822
3553	2	3422
3554	2	2769
3555	0	2865
3556	0	2865
3557	2	2769
3558	2	1527
3559	2	2481
3560	2	3822
3561	0	2196
3562	0	2196
3563	0	2292
3564	0	2124
3565	0	2292
3566	0	2292
3567	0	2052
3568	0	2292
3569	0	2124
3570	0	2124
3571	0	2196
3572	0	1287
3573	0	2577
3574	0	2292
3575	0	1764
3576	0	2673
3577	0	2577
3578	0	2052
3579	0	2865
3580	0	1479
3581	0	2052
3582	0	2577
3583	0	2196
3584	0	2196
3585	0	2577
3586	0	2577
3587	2	2865
3588	0	2292
3589	0	1479
3590	0	1620
3591	0	1479
3592	0	967
3593	0	1479
3594	0	1287
3595	0	1287
3596	0	2124
3597	0	1287
3598	0	1620
3599	0	807
3600	0	1239
3601	0	501
3602	0	3422
3603	0	3422
3604	0	3422
3605	0	3422
3606	0	3422
3607	0	3422
3608	2	1239
3609	0	3422
3610	0	2577
3612	2	3422
3613	2	3422
3614	0	2124
3615	2	3422
3616	0	2052
3617	2	3422
3618	2	2577
3619	2	3422
3620	0	2052
3621	0	1143
3622	0	1527
3623	0	2052
3624	0	1836
3625	0	1836
3626	0	1836
3627	0	1836
3628	0	1836
3629	0	1031
3630	0	1143
3631	0	193
3632	0	1143
3633	0	1143
3634	0	1431
3635	0	1908
3636	0	1836
3637	0	2052
3638	0	2292
3639	0	2481
3640	0	2292
3641	0	2196
3642	0	2577
3643	0	2577
3644	0	1764
3645	0	2124
3646	0	2124
3647	0	2124
3648	0	2124
3649	0	2292
3650	0	2292
3651	0	1764
3652	0	2124
3653	0	2124
3654	0	1287
3655	0	2292
3656	0	2292
3657	0	2577
3658	0	2292
3659	0	1764
3660	0	2577
3661	0	2481
3662	0	2052
3663	0	2196
3664	0	2196
3665	0	2196
3666	0	2577
3667	0	2292
3668	0	2292
3669	0	2292
3670	0	2292
3671	0	1287
3672	0	1287
3673	0	1287
3674	0	1287
3675	0	1287
3676	0	871
3677	0	1287
3678	0	573
3679	0	1620
3680	0	2865
3681	0	2481
3682	0	3182
3683	0	3422
3684	0	3422
3685	0	3662
3686	0	3662
3687	0	3542
3688	2	2865
3689	0	3182
3690	2	3182
3692	2	3422
3693	2	3662
3694	2	3662
3695	2	3542
3696	0	1764
3697	0	2052
3698	0	2052
3710	0	2292
3711	0	1908
3712	0	2292
3713	0	2577
3714	0	2577
3715	0	2865
3716	0	2865
3717	0	3182
3718	0	3182
3719	0	2865
3720	0	2577
3721	0	1620
3722	0	2292
3723	0	2292
3724	0	2292
3725	0	2292
3726	0	2292
3727	0	2292
3728	0	2292
3729	0	1287
3730	0	1287
3731	0	903
3732	0	1287
3733	0	1287
3734	0	1287
3735	0	1287
3736	0	1287
3737	0	1692
3738	0	2292
3739	0	157
3740	0	253
3741	0	437
3742	0	325
3743	0	405
3744	0	269
3745	0	453
3746	0	453
3747	0	225
3748	0	225
3749	0	2577
3750	0	2865
3751	0	2385
3752	0	2577
3753	0	3422
3754	0	3422
3755	0	3662
3756	0	3662
3757	2	2577
3758	0	3182
3759	2	2385
3760	2	2577
3761	0	437
3762	2	3422
3763	0	1143
3764	2	3662
3765	0	775
3766	0	573
3767	0	1287
3768	0	2052
3769	0	2052
3770	0	2577
3771	0	1980
3772	0	2292
3773	0	2292
3774	0	2052
3775	0	2292
3776	0	2292
3777	0	1692
3778	0	2292
3779	0	2577
3780	0	2865
3781	0	1980
3782	0	2673
3783	0	2577
3784	0	2577
3785	0	1980
3786	0	2577
3787	0	2673
3788	0	2865
3789	0	2292
3790	0	2865
3791	0	2673
3792	0	2865
3793	0	2865
3794	0	2865
3795	0	2865
3796	0	2865
3797	0	549
3798	0	1980
3799	0	3182
3800	0	3182
3801	0	1191
3802	0	3182
3803	0	2865
3804	0	2865
3805	0	2961
3806	0	2385
3807	0	3422
3808	0	2385
3809	0	2196
3810	0	2865
3811	0	1980
3812	0	1980
3813	0	2865
3814	0	2865
3815	0	2865
3816	0	2865
3817	0	1431
3818	0	1572
3819	0	1431
3820	0	967
3821	0	749
3822	0	967
3823	0	1287
3824	0	1287
3825	0	1479
3826	0	1620
3827	0	1620
3828	0	1620
3829	0	1191
3830	0	1335
3831	0	533
3832	0	1191
3833	0	2865
3834	0	3182
3835	0	3422
3836	0	807
3837	0	807
3838	2	1335
3839	2	533
3840	2	1191
3841	0	61
3842	2	3182
3843	2	3422
3844	0	775
3845	0	967
3846	0	549
3847	0	645
3848	0	1031
3849	0	645
3850	0	1836
3851	0	1431
3852	0	775
3853	0	967
3854	0	1431
3855	0	903
3856	0	1692
3857	0	1063
3858	0	2769
3859	0	2124
3860	0	1191
3861	0	871
3862	0	573
3866	2	2769
3867	2	2124
3868	2	1191
3870	0	389
3871	0	597
3872	0	26
3873	0	903
3874	0	2673
3875	0	1620
3876	0	871
3878	0	2865
3879	0	2961
3880	0	1431
3881	0	2481
3882	2	2673
3883	0	999
3885	0	807
3886	0	225
3887	0	1620
3888	0	1431
3889	0	325
3890	0	2577
3891	0	1287
3892	0	2865
3893	0	2481
3894	2	225
3895	0	1908
3896	0	2577
3897	0	2577
3898	0	2865
3899	0	2577
3900	0	2865
3901	0	2196
3902	0	2577
3903	0	2124
3904	0	1527
3905	0	1908
3906	0	2292
3907	0	2292
3908	0	1908
3909	0	1620
3910	0	2292
3911	0	1908
3912	0	2292
3913	0	2577
3914	0	2577
3915	0	2577
3916	0	1479
3917	0	2673
3918	0	2673
3919	0	1620
3920	0	1479
3921	0	241
3922	0	533
3923	0	2481
3924	0	2196
3925	0	3182
3926	0	2673
3927	0	1764
3928	0	1191
3929	0	1431
3930	0	1620
3931	0	1908
3932	0	1908
3933	0	1764
3934	2	2673
3935	0	1095
3936	0	1764
3937	0	1908
3938	0	871
3939	0	967
3940	0	1692
3941	0	1908
3942	0	3662
3943	0	3182
3944	0	2865
3945	0	3422
3946	2	871
3947	0	3182
3948	0	3422
3949	0	3422
3950	2	3662
3951	0	2961
3952	2	2865
3953	2	3422
3954	0	2292
3955	0	2292
3956	2	3422
3957	2	3422
3958	0	2052
3959	0	2052
3960	0	1527
3961	0	0
3962	0	2052
3963	0	2292
3964	0	2292
3965	0	1692
3966	0	2292
3967	0	2292
3968	0	2292
3969	0	485
3970	0	1287
3971	0	1287
3972	0	1287
3973	0	1287
3974	0	2124
3975	0	2292
3976	0	2292
3977	0	157
3979	0	1620
3980	0	2961
3981	0	2385
3982	0	3182
3983	0	3182
3984	0	2673
3985	0	2481
3986	0	1479
3987	0	1836
3988	2	2961
3989	0	2865
3990	0	2865
3992	0	2577
3993	0	2292
3994	2	1479
3995	0	775
3996	0	2577
3997	0	2292
3998	0	2292
3999	2	3182
4000	0	1287
4001	0	389
4002	0	1143
4003	0	1143
4004	0	1287
4005	0	2292
4006	0	1287
4007	0	2292
4008	0	157
4009	0	717
4010	0	1431
4011	0	749
4012	0	1620
4013	0	1764
4014	0	1836
4015	0	1836
4016	0	1620
4017	0	1143
4018	0	217
4019	0	217
4020	0	3182
4021	0	2385
4022	0	3422
4023	0	3422
4024	0	3422
4025	0	1908
4026	0	645
4027	0	2577
4028	2	3182
4029	0	3182
4030	2	3422
4032	2	3422
4033	2	1908
4034	2	645
4035	0	1527
4036	0	2052
4037	2	3182
4038	0	1836
4039	2	3422
4040	0	1836
4041	0	201
4042	0	1527
4043	0	1692
4044	0	1908
4045	0	517
4046	0	1836
4047	0	1836
4048	0	1287
4049	0	1031
4050	0	1287
4051	0	357
4052	0	1287
4053	0	1143
4054	0	1143
4055	0	573
4056	0	573
4057	0	2292
4058	0	1287
4059	0	2577
4060	0	871
4061	0	717
4062	0	2292
4063	0	645
4065	0	2865
4066	0	2292
4067	0	2577
4068	0	1764
4069	0	1980
4070	0	2865
4071	0	2481
4072	0	1479
4073	2	2865
4074	0	453
4075	0	1143
4076	0	1143
4077	0	573
4078	0	389
4079	0	1031
4080	0	1031
4081	0	517
4082	0	903
4083	0	2124
4084	0	2292
4085	0	2577
4086	0	157
4087	0	1764
4088	0	2292
4089	0	2124
4090	0	1431
4091	0	1620
4092	0	2052
4093	2	2577
4094	0	1836
4095	0	2052
4096	0	1692
4097	0	1620
4098	0	2124
4099	0	2292
4100	0	2124
4101	0	1143
4102	0	2052
4103	0	2052
4104	0	693
4105	0	421
4106	0	1764
4107	0	1764
4108	0	1908
4109	0	341
4110	0	1143
4111	0	1431
4112	0	1836
4113	0	421
4114	0	2292
4115	0	2292
4116	0	2124
4117	0	253
4118	0	775
4119	0	141
4121	0	49
4123	0	903
4124	0	621
4125	0	903
4126	0	999
4129	0	437
4130	0	1143
4131	0	1692
4132	0	1287
4133	0	1287
4134	0	4
4135	0	193
4136	0	285
4137	0	1287
4138	0	1431
4139	0	1143
4140	0	1143
4141	0	1287
4142	0	1620
4143	0	2673
4144	0	2481
4145	0	2673
4146	0	2865
4147	0	2292
4148	0	2196
4149	0	2052
4150	0	2481
4151	0	1143
4152	0	1980
4153	0	2673
4154	2	2865
4155	2	2292
4156	0	2052
4157	0	2124
4158	0	2124
4160	0	717
4161	0	217
4162	0	2481
4163	0	2577
4164	0	2292
4165	0	1431
4166	0	2292
4167	0	2124
4168	0	2292
4169	0	317
4170	0	2865
4171	0	2052
4172	0	2292
4173	0	373
4174	0	2292
4175	0	225
4176	0	1527
4177	0	1908
4178	0	1908
4179	0	1063
4180	0	1287
4181	0	871
4182	0	1479
4183	0	1143
4184	0	1620
4185	0	1620
4186	0	1095
4187	0	645
4188	0	2961
4189	0	2961
4190	0	3182
4191	0	3182
4192	0	3422
4193	0	3422
4194	0	3422
4195	0	2673
4196	0	2385
4197	0	2673
4198	2	3182
4199	2	3182
4200	0	2673
4202	2	3422
4203	0	2292
4204	2	2385
4205	0	1287
4206	0	1479
4207	0	1287
4208	0	1764
4209	2	3422
4210	0	2292
4211	0	2124
4212	0	2292
4213	0	2577
4214	0	1479
4215	0	1620
4216	0	3182
4217	0	201
4218	0	2865
4219	0	2865
4230	0	2577
4231	0	2196
4232	0	2577
4233	0	2292
4234	0	2292
4235	0	2292
4236	0	2292
4237	0	1063
4238	0	2577
4239	0	2577
4240	0	2577
4241	0	1287
4242	0	2577
4243	0	2577
4244	0	2577
4245	0	1431
4246	0	2865
4247	0	2865
4248	0	2577
4249	0	967
4250	0	1620
4251	0	1479
4252	0	1620
4253	0	1620
4254	0	1620
4255	0	645
4256	0	645
4257	0	717
4258	0	1620
4259	0	903
4260	0	1980
4261	0	1764
4262	0	1764
4263	0	999
4264	0	1908
4265	0	1764
4266	0	1908
4267	0	1431
4268	0	1383
4269	0	1908
4270	0	1908
4271	0	1908
4272	0	1908
4273	0	3542
4274	0	3662
4275	0	3662
4276	2	1383
4277	0	3422
4278	0	3422
4279	0	2865
4280	0	3662
4281	2	3542
4282	2	3662
4283	2	3662
4284	0	2673
4285	2	3422
4286	2	3422
4287	0	2124
4288	2	3662
4289	0	2292
4290	0	2292
4291	0	1764
4292	0	2292
4293	0	2292
4294	0	2292
4295	0	1692
4296	0	1764
4297	0	1908
4298	0	1764
4299	0	1431
4300	0	1764
4301	0	1143
4302	0	1908
4303	0	1908
4304	0	2481
4305	0	1836
4306	0	2196
4307	0	2292
4308	0	2673
4309	0	1572
4310	0	597
4311	0	1764
4312	0	1620
4313	0	1620
4314	0	1620
4315	0	2481
4316	2	2673
4317	0	2673
4318	2	597
4319	0	1063
4320	0	1239
4321	0	549
4322	0	1335
4323	0	2673
4324	0	2673
4325	2	2673
4326	0	2196
4327	0	1764
4328	0	2865
4329	0	2865
4330	0	3182
4331	0	2961
4332	0	3182
4333	0	3182
4334	0	2865
4335	0	807
4336	0	1287
4337	0	169
4338	2	3182
4339	0	1287
4340	0	285
4341	0	1620
4342	0	2292
4343	0	2124
4344	0	2865
4345	0	2292
4346	0	2673
4347	0	2481
4348	0	3182
4349	0	3422
4350	0	3422
4351	0	2961
4352	0	2961
4353	0	2865
4354	0	2865
4355	0	2865
4356	0	2865
4357	2	3422
4358	2	3422
4359	0	2292
4360	0	2292
4361	0	645
4362	0	2292
4363	0	2292
4364	0	2292
4365	0	2292
4366	0	1908
4367	0	2292
4368	0	2124
4369	0	389
4370	0	2673
4371	0	2673
4372	0	2673
4373	0	2577
4374	0	2196
4375	0	2577
4376	0	1980
4377	0	1620
4378	0	1980
4379	0	717
4380	0	1836
4381	0	485
4382	0	1479
4383	0	645
4384	0	1620
4385	0	1836
4386	0	1980
4387	0	1335
4388	0	749
4389	0	2124
4390	0	3422
4391	0	2124
4392	0	3182
4393	0	3182
4394	0	3182
4395	0	3422
4396	0	3422
4397	0	1383
4398	2	3422
4399	0	2865
4400	0	3422
4402	0	2865
4403	2	3422
4404	2	3422
4405	2	1383
4407	0	1692
4408	2	3422
4409	2	3182
4410	0	1287
4411	0	1287
4412	0	1287
4413	0	357
4415	0	1143
4416	0	437
4417	0	573
4418	0	1764
4419	0	1980
4420	0	2865
4421	0	1764
4422	0	1479
4423	0	1620
4424	0	1764
4425	0	2673
4426	0	3182
4427	0	2673
4428	0	2865
4429	0	2865
4430	0	2865
4431	0	2385
4432	0	2385
4433	0	3182
4434	0	3182
4435	0	2865
4436	0	2865
4437	0	2865
4438	0	2577
4439	0	1620
4440	0	1479
4441	0	717
4442	0	1620
4443	0	1479
4444	0	1479
4445	0	1479
4446	0	1980
4447	0	2052
4448	0	2865
4449	0	1572
4450	0	2865
4451	0	1479
4452	0	3422
4453	0	3422
4454	0	225
4455	0	3182
4456	0	3182
4457	0	2673
4458	0	2865
4459	0	2673
4460	2	3422
4462	0	2577
4463	0	2481
4464	2	3182
4465	0	1908
4466	0	2577
4467	0	2292
4468	0	2292
4480	0	645
4482	0	1692
4483	0	1620
4484	0	1431
4485	0	1431
4486	0	1620
4487	0	485
4488	0	2196
4489	0	2481
4490	0	3182
4491	0	3182
4492	0	3422
4493	0	3422
4494	0	3422
4495	0	3422
4496	0	2961
4497	0	3422
4498	2	3182
4499	0	2865
4500	2	3422
4502	2	3422
4503	2	3422
4504	0	2124
4505	0	2292
4506	0	2292
4507	0	2292
4508	0	2124
4509	2	3422
4510	0	341
4511	0	1143
4512	0	1143
4513	0	1287
4514	0	1143
4515	0	341
4516	0	775
4517	0	517
4518	0	1287
4519	0	1620
4520	0	2196
4521	0	2481
4522	0	2196
4523	0	3182
4524	0	2961
4525	0	3182
4526	0	2961
4527	0	3182
4528	0	2961
4529	0	3182
4530	0	1620
4531	0	1764
4532	0	1620
4533	2	3182
4534	0	871
4535	0	1287
4536	0	1287
4537	0	1908
4538	0	1908
4539	0	2673
4540	0	2865
4541	0	2481
4542	0	2865
4543	0	3182
4544	0	3422
4545	0	3422
4546	0	357
4547	0	3182
4548	0	2481
4549	0	2052
4550	0	2865
4551	0	1980
4552	0	2577
4553	2	3422
4554	0	2292
4555	0	2577
4556	0	1980
4557	0	2196
4558	0	2673
4559	0	2577
4560	0	2865
4561	0	2052
4562	0	2577
4563	0	2577
4564	0	2577
4565	0	2481
4566	0	1620
4567	0	2052
4568	0	1620
4569	0	1764
4570	0	1620
4571	0	1479
4572	0	1980
4573	0	2052
4574	0	2196
4575	0	2481
4576	0	2292
4577	0	2961
4578	0	1764
4579	0	1908
4580	0	2385
4581	0	1908
4582	0	2124
4583	0	2124
4584	0	2124
4585	0	2124
4586	0	1764
4587	0	2124
4588	2	2385
4589	0	1980
4590	0	1908
4591	0	2124
4592	0	2124
4593	0	2124
4594	0	2124
4595	0	1908
4596	0	1908
4597	2	1980
4598	0	1980
4599	2	2124
4600	0	2481
4601	0	2385
4602	0	3422
4603	0	3422
4604	0	3422
4605	0	2673
4606	0	2673
4607	0	3422
4608	0	2673
4609	0	3182
4610	2	3422
4611	0	2673
4612	2	3422
4613	0	2577
4614	0	2577
4615	2	3422
4616	0	1980
4617	2	3182
4618	0	2124
4619	0	1908
4620	0	2292
4621	0	1692
4622	0	2292
4623	0	2292
4624	0	1908
4625	0	1908
4626	0	1908
4627	0	2124
4628	0	1980
4629	0	2577
4630	0	2577
4631	0	1980
4632	0	2481
4633	0	2577
4634	0	1620
4635	0	2577
4636	0	485
4637	0	2577
4638	0	2481
4639	0	1287
4640	0	1287
4641	0	241
4642	0	285
4643	0	2673
4644	0	2865
4645	0	1980
4646	0	2961
4647	0	1620
4648	0	1479
4649	0	967
4650	0	573
4651	0	2124
4652	0	2577
4653	2	1980
4654	0	1692
4655	0	2292
4656	0	2196
4657	0	3182
4658	0	3182
4659	0	3422
4660	0	3182
4661	0	2052
4662	0	2577
4663	0	2577
4664	0	2481
4665	0	2865
4666	0	1980
4667	2	3422
4668	0	2577
4669	0	903
4670	0	1431
4671	0	217
4672	0	1287
4673	0	1620
4674	0	2577
4675	0	2577
4676	0	2124
4677	0	2577
4678	0	1620
4679	0	1620
4680	0	2865
4681	0	1239
4682	0	3422
4683	0	3182
4684	0	2865
4685	0	2865
4686	0	2865
4687	0	3182
4688	2	2865
4689	0	2673
4690	2	3422
4691	0	2481
4692	0	2865
4693	0	2865
4694	0	2673
4695	0	2577
4696	0	2196
4697	0	2481
4698	0	2481
4699	0	2481
4700	0	2673
4701	0	1479
4702	0	2577
4703	0	2577
4704	0	2481
4705	0	2865
4706	0	2865
4707	0	2481
4708	2	2673
4709	0	1479
4710	0	1836
4711	0	1431
4712	0	105
4713	0	1287
4714	0	645
4715	0	1479
4716	0	1620
4717	0	1620
4718	0	1287
4719	0	405
4720	0	1239
4721	0	2124
4722	0	3422
4723	0	2865
4724	0	3662
4725	0	3963
4726	0	3662
4727	0	3662
4728	0	3182
4729	0	249
4730	2	3422
4731	2	2865
4732	2	3662
4733	2	3963
4734	2	3662
4735	0	2292
4736	2	3182
4737	0	389
4738	0	717
4739	0	1431
4740	0	1063
4741	0	169
4742	0	1143
4743	0	2052
4744	0	2052
4745	0	1908
4746	0	1980
4747	0	2577
4748	0	2673
4749	0	1980
4750	0	2052
4751	0	1836
4752	0	2292
4753	0	1692
4754	0	2292
4755	0	2292
4756	0	2124
4757	0	1764
4758	0	1908
4759	0	1287
4760	0	2292
4761	0	2124
4762	0	1908
4763	0	2124
4764	0	2052
4765	0	2052
4766	0	1527
4767	0	903
4768	0	2292
4769	0	2292
4770	0	1764
4771	0	1764
4772	0	2292
4773	0	2292
4774	0	1908
4775	0	1143
4776	0	2865
4777	0	2865
4778	0	2865
4779	0	2865
4780	0	2673
4781	0	2196
4782	0	1620
4783	0	549
4784	0	1095
4785	0	485
4786	0	967
4787	0	549
4788	0	549
4789	0	1620
4790	0	1620
4791	2	549
4792	0	967
4793	0	1620
4794	0	2865
4795	2	549
4796	2	549
4797	0	1908
4798	0	2292
4799	0	2865
4800	0	533
4801	0	1431
4802	0	1764
4803	0	241
4804	0	1479
4805	0	73
4806	0	1287
4807	0	2577
4808	0	2577
4809	0	2865
4810	0	3182
4811	0	3182
4812	0	3662
4813	0	3963
4814	0	3963
4815	0	3963
4816	0	3662
4817	0	3422
4818	0	3182
4819	0	3422
4820	0	3422
4822	0	3182
4824	0	3182
4825	0	3182
4826	0	1836
4827	0	3182
4828	2	3422
4829	2	3963
4830	0	2961
4831	0	2196
4832	2	3182
4833	2	3182
4834	0	2577
4835	0	2865
4836	0	2865
4837	0	1980
4838	0	2577
4839	0	1479
4840	0	1620
4841	0	1620
4842	0	1620
4843	0	1287
4844	0	2673
4845	0	1980
4846	0	1836
4847	0	1620
4848	0	1764
4849	0	2124
4850	0	1908
4851	0	1143
4852	0	3662
4853	0	3422
4854	0	3422
4855	0	1335
4856	0	1908
4857	0	2292
4858	0	2292
4859	0	3963
4860	0	3963
4862	0	3182
4863	0	775
4864	0	1908
4865	0	1692
4866	0	1908
4867	2	3963
4868	2	3963
4869	2	3422
4870	2	3182
4871	0	9
4872	0	1836
4873	0	2124
4874	0	3422
4875	0	3422
4876	0	3422
4877	0	2961
4878	0	2865
4879	0	2865
4880	0	2292
4881	0	2673
4882	0	2673
4883	0	2481
4884	0	2865
4885	0	2052
4886	0	2577
4887	0	2577
4888	0	2577
4889	0	2577
4890	0	2577
4891	0	2052
4892	0	2865
4893	0	2865
4894	0	2865
4895	0	2865
4896	0	2865
4897	0	2865
4898	0	2673
4899	0	2865
4900	0	2865
4901	0	1620
4902	0	2865
4903	0	2865
4904	0	1620
4905	0	2865
4906	0	2865
4907	0	2865
4908	0	2865
4909	0	2196
4910	0	1980
4911	0	1572
4912	0	1620
4913	0	1980
4914	0	1836
4915	0	1836
4916	0	1836
4917	0	1836
4918	0	1980
4919	0	1908
4920	0	2124
4921	0	2292
4922	0	3662
4923	0	3963
4924	2	1836
4925	2	1836
4926	2	1980
4927	2	1908
4928	2	2124
4929	2	2292
4930	2	3662
4932	0	903
4933	0	775
4934	0	775
4935	0	903
4936	0	1620
4937	0	2052
4938	0	2292
4939	2	3963
4940	0	2052
4941	0	2481
4942	0	2865
4943	0	1479
4944	0	3182
4945	0	2673
4946	0	2577
4947	0	2292
4948	0	2292
4949	0	1908
4950	0	2292
4951	0	2124
4952	0	2577
4953	0	2577
4954	0	2292
4955	0	2292
4956	0	2292
4957	0	2292
4958	0	2577
4959	0	2292
4960	0	2292
4961	0	253
4962	0	2292
4963	0	2292
4964	0	2292
4965	0	2292
4966	0	2292
4967	0	2292
4968	0	2292
4969	0	1431
4970	0	1620
4971	0	1479
4972	0	1620
4973	0	1620
4974	0	177
4975	0	1620
4976	0	1620
4977	0	1620
4978	0	1836
4979	0	2673
4980	0	3422
4981	0	2673
4982	0	3182
4983	0	2961
4984	0	3182
4985	0	3422
4986	0	3422
4987	0	3422
4988	0	2577
4989	0	3182
4990	0	3182
4991	0	2961
4992	0	3182
4993	2	3422
4994	2	3422
4995	0	967
4996	0	2577
4997	2	3182
4998	2	3182
4999	0	2577
5000	0	2577
5001	0	1287
5002	0	2577
5003	0	2577
5004	0	2292
5005	0	2865
5006	0	2577
5007	0	2577
5008	0	2577
5009	0	1287
5010	0	1287
5011	0	1287
5012	0	999
5013	0	2865
5014	0	2577
5015	0	621
5016	0	1692
5017	0	1431
5018	0	1239
5019	0	1620
5020	0	3182
5021	0	2577
5022	0	3182
5023	0	2865
5024	0	2673
5025	0	3182
5026	0	3182
5027	0	3422
5028	0	3422
5029	0	3182
5030	0	3182
5031	0	2196
5032	0	2865
5033	2	3182
5034	0	2865
5035	2	3422
5036	2	3422
5037	2	3182
5038	2	3182
5039	0	2292
5040	0	2292
5041	0	1287
5042	0	2292
5043	0	2292
5044	0	2292
5045	0	2124
5046	0	1764
5047	0	2292
5048	0	2292
5049	0	1031
5050	0	2124
5051	0	325
5052	0	1143
5053	0	871
5054	0	1063
5055	0	1287
5056	0	1143
5057	0	437
5058	0	717
5059	0	1287
5060	0	1063
5061	0	871
5062	0	1620
5063	0	3182
5064	0	2865
5065	0	3182
5066	0	2673
5067	0	2577
5068	0	2865
5069	0	3182
5070	0	1431
5071	0	2577
5072	0	3182
5073	2	3182
5074	0	2577
5075	0	2577
5076	0	2577
5077	0	2577
5078	2	1431
5079	2	2577
5080	2	3182
5081	0	1431
5082	0	2292
5083	0	2292
5084	0	2292
5085	0	2292
5086	0	2124
5087	0	645
5088	0	1692
5089	0	1287
5090	0	1287
5091	0	1287
5092	0	15
5093	0	1764
5094	0	2292
5095	0	2292
5096	0	2865
5097	0	2673
5098	0	1980
5099	0	1764
5100	0	2124
5101	0	293
5102	0	1692
5103	0	1764
5104	0	2292
5105	0	1287
5106	0	2865
5107	0	3182
5108	0	1191
5109	2	293
5110	2	1692
5111	0	2481
5112	0	2196
5113	0	2865
5114	0	2577
5115	0	2577
5116	0	157
5117	0	61
5118	0	453
5119	0	69
5120	0	1620
5121	0	357
5122	0	1620
5123	0	1620
5124	0	1431
5125	0	269
5126	0	47
5127	0	1836
5128	0	2577
5129	2	357
5130	0	2052
5131	0	2124
5132	0	2577
5133	0	2865
5134	0	2292
5135	0	2577
5136	0	2577
5137	0	2577
5138	0	2124
5139	0	2292
5140	0	2292
5141	0	1431
5142	0	2292
5143	0	2577
5144	0	1692
5145	0	2577
5146	0	2124
5147	0	2577
5148	0	2292
5149	0	573
5150	0	105
5151	0	1620
5152	0	405
5153	0	2673
5154	0	2673
5155	0	2196
5156	0	2865
5157	0	2673
5158	0	2577
5159	0	1431
5160	0	2196
5161	0	1692
5162	0	2577
5163	0	2865
5164	0	2865
5165	0	2673
5166	0	2961
5167	0	2865
5168	0	3182
5169	0	3182
5170	0	3182
5171	0	2385
5172	0	2865
5173	0	2673
5174	0	2481
5175	0	2865
5176	0	2865
5177	2	3182
5178	0	2865
5179	0	2865
5180	0	2961
5181	0	2196
5182	0	3182
5183	0	3182
5184	2	2865
5185	0	2865
5186	0	2865
5187	0	1836
5188	0	2196
5189	0	1479
5190	0	1620
5191	0	1239
5192	0	1620
5193	0	1479
5194	0	357
5195	0	2196
5196	0	3182
5197	0	2961
5198	0	1908
5199	0	2124
5200	0	2124
5201	0	1031
5202	0	1980
5203	0	4251
5204	0	3963
5205	0	3662
5206	0	3422
5207	2	2124
5208	2	2124
5209	0	3422
5210	0	1908
5212	2	3963
5213	2	3662
5214	2	3422
5215	0	1287
5216	0	1287
5217	2	3422
5218	0	1143
5219	2	4251
5220	0	1287
5221	0	573
5222	0	1431
5223	0	1143
5224	0	1620
5225	0	373
5226	0	1287
5227	0	2577
5228	0	2196
5229	0	2577
5230	0	3182
5231	0	2673
5232	0	3182
5233	0	3182
5234	0	2673
5235	0	3182
5236	0	3182
5237	0	2292
5238	0	2577
5239	0	2196
5240	0	2577
5241	0	1620
5242	0	2577
5243	2	3182
5244	0	2292
5245	0	2292
5246	0	2577
5247	0	2292
5248	2	2577
5249	0	1431
5259	0	2292
5260	0	2577
5261	0	2673
5262	0	1620
5263	0	1620
5264	0	437
5265	0	2196
5266	0	2481
5267	0	2577
5268	0	2292
5269	0	2292
5270	0	2292
5271	0	1836
5272	0	1479
5273	0	1620
5274	0	1620
5275	0	1620
5276	0	1620
5277	0	1431
5278	0	1764
5279	0	2292
5280	0	2577
5281	0	2292
5282	0	3182
5283	0	3182
5284	0	3422
5285	0	3422
5286	0	225
5287	0	3182
5288	0	2481
5289	0	2577
5290	2	3182
5291	0	1692
5292	2	3422
5293	2	3422
5294	2	225
5295	2	3182
5296	0	2052
5297	0	2052
5298	0	2052
5299	0	1836
5300	0	2052
5301	0	1620
5302	0	1908
5303	0	1908
5304	0	2292
5305	0	2292
5306	0	2292
5307	0	2124
5308	0	2052
5309	0	1764
5310	0	2292
5311	0	1764
5312	0	2124
5313	0	2052
5314	0	1031
5315	0	1836
5316	0	1836
5317	0	1908
5318	0	2052
5319	0	1143
5320	0	999
5321	0	201
5322	0	0
5323	0	903
5324	0	903
5325	0	775
5326	0	775
5327	0	775
5328	0	775
5329	0	1527
5330	0	1692
5331	0	1527
5332	0	2052
5333	0	2052
5334	0	2124
5335	0	2124
5336	0	2292
5337	0	1143
5338	0	1143
5339	0	903
5340	0	775
5341	0	871
5342	0	775
5343	0	469
5344	0	1383
5345	0	1239
5346	0	1692
5347	0	1836
5348	0	2052
5349	0	2124
5350	0	1764
5351	0	2124
5352	0	2292
5353	0	2124
5354	0	2052
5355	0	2052
5356	0	2052
5357	0	2052
5358	0	2052
5359	0	1908
5360	0	2124
5361	0	2124
5362	0	2292
5363	0	2292
5364	0	2292
5365	0	2292
5366	0	2292
5367	0	1620
5368	0	2577
5369	0	2577
5370	0	2577
5371	0	1980
5372	0	2577
5373	0	2577
5374	0	2577
5375	0	2577
5376	0	2865
5377	0	2865
5378	0	2052
5379	0	1479
5380	0	1620
5381	0	453
5382	0	1479
5383	0	1479
5384	0	1479
5385	0	1479
5386	0	2052
5387	0	1836
5388	0	3422
5389	2	453
5390	0	3182
5391	0	3182
5392	0	3422
5393	0	3662
5394	0	3662
5395	0	2865
5396	2	3422
5397	0	3182
5398	2	3182
5399	0	2052
5400	0	2865
5402	2	3662
5403	0	2577
5404	0	2865
5405	0	2673
5406	0	2865
5407	0	2865
5408	2	2865
5409	2	3662
5410	0	2865
5411	0	1980
5412	0	2481
5413	0	2577
5414	0	2577
5415	0	2577
5416	0	2052
5417	0	2577
5418	0	2577
5419	0	1479
5420	0	1479
5421	0	161
5422	0	1620
5423	0	2865
5424	0	2865
5425	0	2673
5426	0	2292
5427	0	1620
5428	0	1764
5429	0	1063
5430	0	2865
5431	0	3182
5432	0	3182
5433	0	2961
5434	0	2865
5435	0	1191
5436	0	3422
5437	0	3182
5438	0	3182
5439	0	3662
5440	0	3422
5441	0	2124
5442	0	3182
5443	0	3182
5444	2	3422
5445	0	3182
5446	2	3182
5447	2	3662
5448	2	3422
5449	0	1479
5450	2	3182
5451	0	1287
5452	0	1287
5453	2	3182
5454	0	341
5455	0	1143
5456	0	1031
5457	0	1143
5458	0	1620
5470	0	2961
5471	0	2961
5472	2	3422
5473	2	3422
5474	2	3422
5475	2	3182
5476	0	1287
5477	2	3182
5478	0	1031
5479	0	1031
5480	0	1031
5481	0	389
5482	0	2052
5483	0	2052
5484	0	2052
5485	0	2292
5486	0	1692
5487	0	2577
5488	0	2865
5489	0	2961
5490	0	2577
5491	0	2124
5492	0	2124
5493	0	2292
5494	0	2052
5495	0	2292
5496	0	2292
5497	2	2961
5498	0	2052
5499	0	2052
5500	0	2052
5501	0	1620
5502	0	2052
5503	0	2052
5504	0	2124
5505	0	1908
5506	0	1764
5507	0	2052
5508	0	1764
5509	0	2124
5511	0	2124
5512	0	2292
5513	0	1908
5514	0	2052
5515	0	2052
5516	0	1764
5517	0	2292
5518	0	2292
5519	0	2292
5520	0	2292
5521	0	1764
5522	0	2292
5523	0	2292
5524	0	2292
5525	0	2292
5526	0	2292
5527	0	2292
5528	0	2124
5529	0	1143
5531	0	871
5532	0	1143
5533	0	1287
5534	0	1287
5535	0	2292
5536	0	1431
5537	0	1431
5538	0	1095
5539	0	1095
5540	0	3182
5541	0	3182
5542	0	645
5543	0	2124
5544	0	1764
5545	0	1764
5546	0	1335
5547	0	225
5548	0	2481
5549	0	3182
5550	2	645
5551	0	2481
5552	0	2052
5553	0	3182
5554	0	2961
5555	0	3422
5556	0	3422
5557	0	3422
5558	0	2961
5559	0	2865
5560	0	2865
5561	0	2196
5562	0	2865
5563	0	2865
5564	0	2865
5565	0	2865
5566	0	1431
5567	0	2865
5568	0	2865
5569	0	2196
5570	0	2292
5571	0	2052
5572	0	2673
5573	0	2673
5574	0	1980
5575	0	1980
5576	0	2865
5577	0	2481
5578	0	3182
5579	0	1764
5580	0	1908
5581	0	1287
5582	0	1908
5583	0	1191
5584	0	2961
5585	0	2292
5586	0	2196
5587	0	2673
5588	0	1764
5589	0	2124
5590	0	1764
5591	0	967
5592	0	2865
5593	0	2385
5594	0	3422
5595	0	3182
5596	0	3422
5597	2	2124
5598	0	3422
5599	0	3662
5600	0	3963
5601	0	2577
5602	2	3422
5603	2	3182
5604	0	3182
5605	0	2673
5606	2	3422
5607	2	3662
5608	2	3963
5609	0	1980
5610	0	2865
5611	0	1836
5612	0	2673
5613	0	2577
5614	0	2577
5615	0	1836
5616	0	2577
5617	0	2124
5618	0	2577
5619	0	1479
5620	0	1620
5621	0	549
5622	0	645
5623	0	1620
5624	0	2865
5625	0	2865
5626	0	2052
5627	0	1980
5628	0	1431
5629	0	3182
5630	0	2481
5631	0	1908
5632	0	2577
5633	0	2577
5634	0	2577
5635	0	2865
5636	0	2865
5637	2	3182
5638	0	2577
5639	0	2481
5640	0	2196
5641	0	2481
5642	0	2577
5643	0	2577
5644	0	2577
5645	0	2577
5646	0	2577
5647	0	2577
5648	0	2577
5649	0	2577
5650	0	1980
5651	0	1836
5652	0	2577
5653	0	2577
5654	0	2577
5655	0	2577
5656	0	2577
5657	0	2577
5658	0	2481
5659	0	1620
5660	0	1095
5661	0	1239
5662	0	1479
5663	0	105
5664	0	1287
5665	0	533
5666	0	2196
5667	0	2865
5668	0	3182
5669	0	3422
5670	0	3662
5671	0	2769
5672	0	3422
5673	0	3422
5674	0	645
5675	0	1908
5676	0	1764
5677	2	3422
5678	2	3662
5679	0	807
5680	0	1620
5682	0	241
5683	0	2865
5684	0	3182
5685	0	3662
5686	0	3422
5687	0	3182
5688	0	3182
5689	2	3422
5690	0	2481
5691	2	2865
5692	2	3182
5693	2	3662
5694	2	3422
5695	2	3182
5696	2	3182
5697	0	2292
5698	0	2124
5699	0	2577
5700	0	2292
5701	0	1287
5702	0	2292
5703	0	2292
5704	0	2292
5705	0	2124
5706	0	2292
5707	0	2292
5708	0	2124
5709	0	1287
5710	0	1287
5711	0	1287
5712	0	1287
5713	0	1431
5714	0	2292
5715	0	2577
5716	0	2292
5717	0	1287
5718	0	1479
5719	0	1620
5720	0	1239
5721	0	999
5722	0	3182
5723	0	2865
5724	0	2673
5725	0	1620
5726	0	1620
5727	0	1764
5728	0	1908
5729	0	3422
5730	2	3182
5731	0	2961
5732	0	2865
5733	0	2865
5734	0	2865
5735	0	3182
5736	0	3422
5737	2	3422
5738	0	2865
5739	0	2865
5740	0	2577
5741	0	1239
5742	0	2577
5744	2	3422
5745	0	2292
5746	0	2292
5747	0	2292
5748	0	2292
5749	0	1287
5750	0	2865
5751	0	1287
5752	0	2673
5753	0	2577
5754	0	2577
5755	0	2577
5756	0	871
5757	0	2577
5758	2	2865
5759	0	1287
5760	0	1431
5761	0	437
5762	0	1143
5763	0	1143
5764	0	1143
5765	0	717
5766	0	645
5767	0	285
5768	0	2196
5769	0	2292
5780	0	325
5781	0	807
5782	2	3182
5783	0	1692
5784	0	2577
5785	0	1143
5786	0	717
5787	0	1836
5788	0	1239
5789	0	967
5790	0	1095
5791	0	999
5792	0	2577
5793	0	2481
5794	2	717
5795	0	1031
5796	0	2292
5797	0	967
5798	0	1239
5799	0	2865
5800	0	2673
5801	0	549
5802	0	2865
5803	0	2292
5804	0	2292
5805	0	2577
5806	0	2865
5807	2	2865
5808	2	2673
5809	2	549
5810	2	2865
5811	0	1692
5812	0	1692
5813	0	1383
5814	0	1836
5815	0	1692
5816	0	349
5817	0	261
5818	0	9
5819	0	1095
5820	0	0
5822	0	1063
5823	0	1620
5824	0	775
5825	0	1836
5826	0	4
5827	0	1143
5828	0	1031
5829	0	533
5830	0	1431
5831	0	1908
5832	0	999
5833	0	1431
5834	0	1620
5835	0	2124
5836	0	2292
5837	0	597
5838	0	2292
5839	0	2292
5840	0	597
5841	0	775
5842	0	693
5843	0	693
5844	0	903
5845	0	597
5846	0	693
5847	0	1620
5848	0	1908
5849	0	2292
5850	0	2292
5851	0	1764
5852	0	2577
5853	0	2292
5854	0	2577
5855	0	2577
5856	0	2196
5857	0	1908
5858	0	2292
5859	0	1143
5860	0	405
5861	0	129
5862	0	903
5863	0	349
5864	0	903
5865	0	9
5866	0	621
5867	0	1191
5868	0	597
5869	0	2124
5870	0	2292
5871	0	1063
5872	0	1143
5873	0	533
5874	0	533
5875	0	1095
5876	0	967
5877	0	967
5878	0	2124
5879	0	775
5880	0	201
5881	0	1239
5882	0	1431
5883	0	55
5884	0	1620
5885	0	1836
5886	0	1836
5887	0	1620
5888	2	201
5889	0	1143
5890	0	1980
5891	0	437
5892	0	2481
5893	0	3182
5894	0	2961
5895	0	3182
5896	0	3182
5897	0	2481
5898	0	967
5899	0	1620
5900	0	2481
5902	2	2961
5903	2	3182
5904	2	3182
5905	0	2292
5906	0	2292
5907	0	2865
5908	2	2481
5909	2	3182
5910	0	645
5911	0	22
5913	0	1431
5914	0	2577
5915	0	2292
5916	0	2577
5917	0	2292
5918	0	1908
5919	0	2673
5920	0	285
5921	0	1143
5922	0	2865
5923	0	2673
5924	0	2673
5925	0	2577
5926	0	285
5927	0	2865
5928	0	2673
5929	0	1836
5930	0	549
5931	0	1572
5932	0	1620
5933	0	325
5934	0	15
5935	0	1287
5936	0	1479
5937	0	967
5939	0	775
5940	0	2124
5942	0	871
5943	0	2124
5944	0	1836
5945	0	2292
5946	0	2292
5947	2	775
5948	2	2124
5949	0	903
5950	0	1764
5951	0	1836
5952	0	249
5953	2	2292
5954	2	2292
5955	0	3182
5956	0	2673
5957	0	2577
5958	2	1764
5959	0	3182
5960	0	3182
5961	0	2577
5962	0	2865
5963	2	3182
5964	0	2052
5965	0	1764
5966	0	967
5967	2	3182
5968	2	3182
5969	2	2577
5970	0	1287
5971	0	1692
5972	0	1692
5973	0	1836
5974	0	1836
5975	0	2124
5976	0	1908
5977	0	2052
5978	0	1527
5979	0	2292
5980	0	1908
5981	0	1143
5982	0	2292
5983	0	1764
5984	0	2292
5985	0	2292
5986	0	2124
5987	0	2292
5988	0	1431
5989	0	1431
5990	0	1431
5991	0	573
5992	0	533
5993	0	1143
5994	0	389
5995	0	389
5997	0	105
5998	0	15
5999	0	437
6000	0	1095
6001	0	269
6002	0	1479
6003	0	1620
6004	0	145
6005	0	1620
6006	0	717
6007	0	405
6008	2	1095
6009	0	2196
6010	0	2196
6011	0	2673
6012	2	145
6013	2	1620
6014	0	2577
6015	0	2577
6016	0	2673
6017	0	2292
6018	0	1063
6019	2	2673
6020	0	1431
6021	0	573
6022	0	999
6023	0	201
6024	0	1527
6025	0	1527
6026	0	1143
6027	0	1692
6028	0	2052
6029	0	2292
6039	0	2577
6040	0	2577
6041	0	1980
6042	0	2124
6043	0	2124
6044	0	2124
6045	0	2865
6046	0	2577
6047	0	1287
6048	0	2577
6049	0	2292
6050	0	2292
6051	0	967
6052	0	1287
6053	0	533
6054	0	1287
6055	0	1287
6056	0	871
6057	0	1431
6058	0	2052
6059	0	2577
6060	0	1095
6061	0	903
6062	0	1908
6063	0	1335
6064	0	1335
6065	0	2673
6066	0	2385
6067	0	3422
6068	0	3422
6069	0	3422
6070	0	3662
6071	0	1620
6072	0	3182
6073	2	2673
6074	0	2673
6075	2	3422
6076	2	3422
6077	2	3422
6078	2	3662
6079	2	1620
6080	2	3182
6081	0	217
6082	2	2673
6083	0	209
6084	0	775
6085	0	669
6086	0	871
6087	0	1335
6088	0	261
6089	0	1095
6090	0	1836
6091	0	333
6092	0	903
6093	0	693
6094	0	693
6095	0	1692
6097	0	2124
6098	0	2292
6099	0	2052
6100	0	1287
6101	0	1143
6102	0	1287
6103	0	717
6104	0	1287
6105	0	2673
6106	0	1692
6107	0	2292
6108	0	1031
6109	0	1287
6110	0	645
6111	0	405
6112	0	2673
6113	0	2481
6114	0	1287
6115	0	1836
6116	0	1692
6117	0	2292
6118	0	2292
6119	0	2577
6120	0	2577
6121	0	1764
6122	0	1287
6123	0	2196
6124	0	2577
6125	0	2577
6126	0	1908
6127	0	2052
6128	0	1383
6129	0	1527
6130	0	2052
6131	0	1908
6132	0	2052
6133	0	1527
6134	0	1143
6135	0	1836
6136	0	903
6137	0	839
6138	0	903
6139	0	1692
6140	0	1692
6141	0	1527
6142	0	1620
6143	0	1692
6144	0	999
6145	0	807
6146	0	717
6147	0	903
6148	0	1031
6149	0	621
6150	0	1527
6151	0	333
6152	0	999
6153	0	1143
6154	0	1908
6155	0	1908
6156	0	1431
6157	0	1980
6158	0	2292
6159	0	645
6160	0	2961
6161	0	2961
6162	0	2961
6163	0	2196
6164	0	2673
6165	0	2865
6166	0	2865
6167	0	2052
6168	0	1980
6169	2	2961
6170	0	1764
6171	0	1431
6172	0	2292
6173	0	2292
6174	0	2124
6175	0	2052
6176	0	1764
6177	0	2292
6178	0	2124
6179	0	2292
6180	0	2292
6181	0	1287
6182	0	2052
6183	0	2052
6184	0	2052
6185	0	1527
6186	0	1908
6187	0	1431
6188	0	1527
6189	0	749
6190	0	1031
6191	0	1031
6192	0	903
6193	0	749
6194	0	1527
6195	0	1287
6196	0	0
6197	0	903
6198	0	405
6199	0	1287
6200	0	1908
6201	0	32
6202	0	573
6203	0	1908
6204	0	2292
6205	0	999
6206	0	2052
6207	0	2292
6208	0	2292
6209	0	1764
6210	0	1431
6211	0	1908
6212	0	1764
6213	0	1527
6214	0	2124
6215	0	2052
6216	0	2052
6217	0	1836
6218	0	903
6219	0	2124
6220	0	2052
6221	0	1287
6222	0	1287
6223	0	1764
6224	0	1908
6225	0	2052
6226	0	1031
6227	0	1764
6228	0	2292
6229	0	1287
6230	0	1143
6231	0	1143
6232	0	573
6233	0	341
6234	0	517
6235	0	1764
6236	0	1620
6237	0	1287
6238	0	645
6239	0	1836
6240	0	2865
6241	0	1063
6242	0	373
6243	0	113
6244	0	293
6245	0	485
6246	0	2865
6247	0	325
6248	2	2865
6249	0	1063
6250	2	373
6251	2	113
6252	0	32
6253	0	22
6254	2	2865
6255	0	1335
6256	0	1908
6257	2	1063
6258	0	1620
6259	0	999
6269	0	2673
6270	0	2481
6271	0	775
6272	0	2673
6273	2	2865
6274	0	3422
6275	2	2577
6276	2	2385
6277	0	3182
6278	0	3422
6279	0	3422
6280	0	3662
6281	0	2865
6282	0	3182
6283	0	3182
6284	0	3182
6285	0	3422
6286	0	3422
6287	2	3422
6288	2	3662
6289	2	2865
6290	0	2673
6292	0	2577
6293	2	3422
6294	2	3422
6295	0	2292
6296	0	2052
6297	0	1031
6298	2	2673
6299	2	3182
6300	0	333
6301	0	517
6302	0	2052
6303	0	1908
6304	0	2052
6305	0	1031
6306	0	2292
6307	0	2292
6308	0	1031
6309	0	1620
6310	0	2196
6311	0	2673
6312	0	2577
6313	0	1143
6314	0	1431
6315	0	1908
6316	0	1287
6317	0	1620
6318	0	2577
6319	0	2865
6320	0	2577
6321	0	285
6322	0	2196
6323	0	2196
6324	0	1620
6325	0	2052
6326	0	3182
6327	0	2865
6328	0	2577
6329	0	2577
6330	0	2577
6331	0	1620
6332	0	2052
6333	0	2292
6334	0	2385
6335	0	2196
6336	0	2865
6337	0	2673
6338	0	2577
6339	0	2577
6340	0	2865
6341	0	1980
6342	0	2673
6343	0	2385
6344	0	3422
6345	0	2673
6346	0	2961
6347	0	2865
6348	2	2865
6349	2	1980
6350	2	2673
6351	0	32
6352	2	3422
6353	2	2673
6354	0	1287
6355	0	1287
6356	0	1143
6357	0	285
6358	0	1692
6359	0	775
6360	0	1980
6361	0	717
6362	0	533
6363	0	485
6364	0	1620
6365	0	1764
6366	0	47
6367	0	1479
6368	0	1620
6369	0	1620
6380	0	3182
6381	0	2673
6382	0	3182
6383	0	1980
6384	2	3422
6385	0	2577
6386	2	3422
6387	2	3182
6388	2	3182
6389	2	2673
6390	2	3182
6391	0	839
6392	0	1764
6393	0	2124
6394	0	2052
6395	0	2052
6396	0	1527
6397	0	1031
6398	0	1908
6399	0	1031
6400	0	1287
6401	0	285
6402	0	1287
6403	0	1143
6404	0	341
6405	0	389
6406	0	1479
6407	0	1287
6408	0	1479
6409	0	573
6419	0	1431
6420	0	1287
6421	0	1620
6422	0	2292
6423	2	1836
6424	2	1836
6425	2	1836
6426	0	1836
6427	0	1836
6428	0	1692
6429	0	1383
6430	0	1620
6431	0	1239
6432	0	693
6433	0	693
6434	0	621
6435	0	669
6436	0	437
6437	0	669
6438	0	533
6439	0	775
6440	0	871
6441	0	775
6442	0	1287
6443	0	1143
6444	0	437
6445	0	1143
6446	0	177
6447	0	903
6448	0	573
6449	0	967
6450	0	2196
6451	0	2052
6452	0	717
6453	0	871
6454	0	241
6455	0	1143
6456	0	437
6457	0	903
6458	0	717
6459	0	1836
6460	0	2865
6461	0	2196
6462	0	2481
6463	0	2292
6464	0	2577
6465	0	2577
6466	0	2961
6467	0	3182
6468	0	3422
6469	0	2481
6470	0	2196
6471	0	1620
6472	0	2577
6473	0	1836
6474	2	2961
6475	2	3182
6476	2	3422
6477	0	1031
6478	0	2052
6479	0	1764
6480	0	2292
6481	0	2124
6482	0	2577
6483	0	285
6484	0	1431
6485	0	1431
6486	0	2052
6487	0	1764
6488	0	1431
6489	0	1287
6490	0	1287
6491	0	1143
6492	0	1143
6493	0	1431
6494	0	1287
6495	0	1287
6496	0	2865
6497	0	2865
6498	0	2865
6499	0	2292
6500	0	3182
6501	0	1908
6502	0	3422
6503	0	3182
6504	0	3182
6505	0	2481
6506	0	2577
6507	0	1908
6508	2	3182
6509	2	1908
6510	2	3422
6511	0	1764
6512	2	3182
6513	2	2481
6514	0	1836
6515	0	1692
6516	0	1836
6517	0	1836
6518	0	1836
6519	0	999
6520	0	903
6521	0	129
6522	0	903
6523	0	597
6524	0	1836
6525	0	1692
6526	0	1908
6527	0	1908
6528	0	1031
6529	0	1908
6530	0	1479
6531	0	2673
6532	0	3182
6533	0	2577
6534	0	1908
6535	0	2292
6536	0	2292
6537	0	2577
6538	0	2577
6539	0	2052
6540	0	2577
6541	0	1692
6542	0	1764
6543	0	2292
6544	0	2292
6545	0	2292
6546	0	2292
6547	0	1764
6548	0	2577
6549	0	2292
6550	0	1764
6551	0	1836
6552	0	2577
6553	0	2292
6554	0	2292
6555	0	2124
6556	0	2292
6557	0	2292
6558	0	2292
6559	0	1287
6560	0	1479
6561	0	141
6562	0	1287
6563	0	1287
6564	0	1620
6565	0	871
6566	0	2577
6567	0	1287
6568	0	1479
6569	0	2865
6570	0	1143
6571	0	1479
6572	0	3182
6573	0	2196
6574	0	3182
6575	0	2865
6576	0	3182
6577	0	3422
6578	0	3182
6579	0	2673
6580	0	3422
6581	0	269
6582	2	3182
6583	0	201
6584	0	999
6585	2	3422
6586	0	2577
6587	0	2577
6588	2	3422
6589	0	533
6590	0	1836
6591	0	1620
6592	0	389
6593	0	2385
6594	0	2961
6595	0	2196
6596	0	2577
6597	0	2577
6598	0	2961
6599	0	3182
6600	2	389
6601	0	1836
6602	0	2865
6603	0	2865
6604	0	2865
6605	0	2865
6606	0	2577
6607	0	2577
6608	0	2196
6609	0	2052
6610	0	2577
6611	0	2481
6612	0	2577
6613	0	2577
6614	0	2577
6615	0	2577
6616	0	2577
6617	0	2052
6618	0	2196
6619	0	2865
6620	0	2865
6621	0	1620
6622	0	2865
6623	0	1980
6624	0	2865
6625	0	2865
6626	0	2673
6627	0	2865
6628	0	2865
6629	0	967
6630	0	2961
6631	0	1095
6632	0	2865
6633	0	1836
6634	0	2865
6635	0	2865
6636	0	2865
6637	0	2865
6638	0	3182
6640	0	645
6641	0	775
6642	0	28
6643	0	28
6644	0	26
6645	0	26
6646	2	3182
6648	0	22
6649	0	903
6650	0	1692
6651	0	1431
6652	0	1479
6653	2	26
6654	0	1287
6655	0	717
6656	0	1620
6657	2	903
6658	2	1692
6659	0	903
6660	0	775
6661	0	533
6662	0	597
6663	0	1287
6664	0	3422
6665	0	2865
6666	0	2292
6667	0	1572
6668	0	3182
6669	0	3422
6670	0	3422
6671	0	1431
6672	0	3422
6673	2	2865
6674	0	3182
6675	0	1191
6676	0	3182
6677	0	2961
6678	0	2865
6679	2	1431
6680	2	3422
6681	0	2052
6682	0	2865
6683	0	621
6684	0	3182
6685	0	3182
6686	0	3182
6687	0	1620
6688	0	1479
6689	0	1479
6690	0	1620
6691	0	22
6692	0	1287
6693	2	3182
6694	0	1836
6695	0	1620
6696	0	903
6697	0	1908
6698	0	2124
6699	0	2124
6700	0	2481
6701	0	3542
6702	0	3422
6703	0	1063
6704	0	2124
6705	0	693
6706	0	2292
6707	0	517
6708	2	2481
6709	2	3542
6710	2	3422
6711	2	1063
6712	0	1287
6713	2	693
6714	0	1287
6715	2	517
6716	0	903
6717	0	2052
6718	0	2292
6719	0	2292
6720	0	2052
6721	0	2124
6722	0	2052
6723	0	1908
6724	0	2196
6725	0	2865
6726	0	2292
6727	0	2577
6728	0	2292
6729	0	1620
6730	0	1908
6731	0	1143
6732	0	1287
6733	0	1431
6734	0	1143
6735	0	1431
6736	0	2052
6737	0	2052
6738	0	2292
6739	0	1431
6740	0	2577
6741	0	2052
6742	0	2673
6743	0	3182
6744	0	3182
6745	0	2865
6746	0	2865
6747	0	2481
6748	0	2865
6760	0	1287
6761	0	717
6762	0	1143
6763	0	967
6764	0	967
6765	0	437
6766	0	1980
6767	0	2577
6768	0	2052
6769	0	2961
6770	0	2385
6771	0	2961
6772	0	3182
6773	0	3422
6774	0	3422
6775	2	2577
6776	0	1287
6777	0	1479
6778	0	1479
6779	0	1479
6780	0	1287
6782	2	3422
6783	0	2124
6784	0	1908
6785	0	2673
6786	0	2865
6787	0	3182
6788	0	3182
6789	2	3422
6790	0	3182
6791	0	2673
6792	0	2865
6793	0	2052
6794	0	2577
6795	0	2577
6796	0	2577
6797	0	2196
6798	2	3182
6799	0	2124
6800	0	2292
6801	0	1431
6802	0	2577
6803	0	2124
6804	0	2292
6805	0	2292
6806	0	2292
6807	0	2292
6808	0	2292
6809	0	1143
6810	0	1031
6811	0	1143
6812	0	1287
6813	0	389
6814	0	2292
6815	0	2292
6816	0	2292
6817	0	2292
6818	0	1620
6819	0	1620
6820	0	1335
6821	0	501
6822	0	3422
6823	0	2961
6824	0	2865
6825	0	2865
6826	0	1479
6827	0	2865
6828	0	3182
6829	0	3422
6830	2	3422
6831	0	903
6832	0	1764
6833	2	2865
6834	0	967
6835	0	2577
6836	0	2577
6837	2	3422
6838	0	2292
6839	0	2124
6840	0	2673
6841	0	1620
6842	0	2865
6843	0	2865
6844	0	2865
6845	0	2577
6846	0	2292
6847	0	2292
6848	0	2292
6849	0	1287
6859	0	2865
6860	0	3182
6861	0	2673
6862	0	3182
6863	0	3422
6864	0	3422
6865	0	2673
6866	0	2481
6867	0	2865
6868	0	2577
6869	0	2577
6870	0	2577
6872	2	3422
6873	2	2673
6874	0	2292
6875	0	2292
6876	0	2292
6877	0	2292
6878	0	2292
6879	2	3422
6880	0	2292
6881	0	1431
6882	0	2577
6883	0	2577
6884	0	2292
6885	0	2292
6886	0	2292
6887	0	1764
6888	0	1287
6889	0	341
6890	0	807
6891	0	903
6892	0	389
6893	0	573
6894	0	1143
6895	0	1287
6896	0	717
6897	0	807
6898	0	1479
6899	0	1239
6900	0	903
6901	0	293
6902	0	2673
6903	0	3182
6904	0	3182
6905	0	2673
6906	0	3182
6907	0	3662
6908	0	3662
6909	0	3662
6910	0	3662
6911	0	3182
6912	0	3182
6913	2	2673
6914	2	3182
6915	2	3662
6916	2	3662
6917	2	3662
6918	2	3662
6919	0	2052
6920	0	2052
6921	0	1527
6922	0	2052
6923	0	2124
6924	0	1287
6925	0	1143
6926	0	1287
6927	0	1287
6928	0	1287
6929	0	1287
6930	0	1287
6931	0	1143
6932	0	1287
6933	0	113
6934	0	157
6935	0	1620
6936	0	2865
6937	0	2865
6938	0	2865
6939	0	2961
6940	0	3182
6941	0	1620
6942	0	1836
6943	0	1980
6944	0	1764
6945	0	1431
6946	0	645
6947	0	2481
6948	2	3182
6960	0	3182
6961	0	2577
6962	0	3422
6963	2	3182
6964	0	2865
6965	2	2865
6966	0	317
6967	0	317
6968	2	3182
6969	0	2052
6970	2	3422
6971	0	2124
6972	0	2124
6973	0	2052
6974	0	2052
6975	0	2292
6976	0	2196
6977	0	2577
6978	0	2292
6979	0	1908
6980	0	2292
6981	0	1287
6982	0	2052
6983	0	2052
6984	0	1908
6985	0	2124
6986	0	2292
6987	0	2124
6988	0	2292
6989	0	1143
6990	0	1287
6991	0	1287
6992	0	1287
6993	0	1287
6994	0	1287
6995	0	2577
6996	0	2577
6997	0	2124
6998	0	2865
6999	0	1836
7000	0	3182
7001	0	3182
7002	0	2673
7003	0	3422
7004	0	2481
7005	0	2865
7006	0	2196
7007	0	1479
7008	0	2865
7009	2	3182
7010	0	2124
7012	0	2292
7013	2	2865
7014	2	2196
7015	0	2052
7016	0	2292
7017	0	2292
7018	0	2292
7019	2	3422
7020	0	2292
7021	0	2124
7022	0	2124
7023	0	2292
7024	0	2292
7025	0	2124
7026	0	2292
7027	0	1908
7028	0	1764
7029	0	1764
7030	0	1908
7031	0	645
7032	0	2124
7033	0	2052
7034	0	2052
7035	0	1908
7036	0	1431
7037	0	2292
7038	0	2577
7039	0	1287
7040	0	1479
7041	0	55
7042	0	1287
7043	0	1287
7044	0	1287
7045	0	621
7046	0	1287
7047	0	2577
7048	0	2865
7049	0	1620
7050	0	2124
7051	0	2292
7052	0	1620
7053	0	903
7054	2	1287
7055	0	1479
7056	0	1287
7057	0	1908
7058	0	2577
7070	0	2577
7071	0	2196
7072	0	2961
7073	0	2961
7074	0	2673
7075	0	2673
7076	0	2481
7077	0	2052
7078	0	2052
7079	0	1620
7089	0	3182
7090	0	3182
7091	0	2673
7092	0	2865
7093	0	2865
7094	2	3182
7095	0	2481
7096	2	3422
7097	2	3182
7098	2	3182
7099	0	2292
7100	0	2292
7101	0	1764
7102	0	2292
7103	0	2292
7104	0	2577
7105	0	2124
7106	0	2124
7107	0	2292
7108	0	2292
7109	0	573
7110	0	1287
7111	0	217
7112	0	1287
7113	0	1287
7114	0	1287
7115	0	1479
7116	0	1095
7117	0	1479
7118	0	2292
7119	0	2865
7120	0	2292
7121	0	2673
7122	0	3182
7123	0	3422
7124	0	3422
7125	0	3422
7126	0	3422
7127	0	3182
7128	0	2865
7129	0	2673
7130	0	2865
7132	2	3422
7133	2	3422
7134	2	3422
7135	0	2292
7136	0	1692
7137	0	2292
7138	2	2865
7149	0	2577
7150	0	2865
7151	0	2481
7152	0	2292
7153	0	2292
7154	0	2292
7155	0	2292
7156	0	2292
7157	0	2292
7158	0	2292
7159	0	2292
7160	0	2292
7161	0	717
7162	0	2292
7163	0	2292
7164	0	2292
7165	0	2673
7166	0	1980
7167	0	2577
7168	0	2577
7169	0	1287
7170	0	1479
7171	0	1479
7172	0	1479
7173	2	2673
7174	0	573
7175	0	55
7176	0	871
7177	0	1143
7178	0	645
7179	0	1335
7180	0	2481
7181	0	501
7182	0	405
7183	0	1980
7184	0	1620
7185	0	485
7186	0	201
7187	0	2673
7188	0	3422
7189	0	3422
7190	0	3422
7191	0	1836
7192	0	3662
7193	0	3662
7194	0	3422
7195	0	3662
7196	2	3422
7197	2	3422
7198	0	2865
7199	0	2865
7200	0	2673
7202	0	2577
7203	0	2577
7204	0	2292
7205	0	2577
7206	0	2292
7207	0	2292
7208	0	2292
7209	2	3662
7210	0	2124
7211	0	2124
7212	0	2292
7213	0	2292
7214	0	2292
7215	0	2292
7216	0	1764
7217	0	2292
7218	0	2292
7219	0	2577
7220	0	2577
7221	0	1620
7222	0	2577
7223	0	2577
7224	0	2577
7225	0	1287
7226	0	1479
7227	0	1479
7228	0	1479
7229	0	1479
7230	0	405
7231	0	1620
7232	0	2577
7233	0	1479
7234	0	1620
7235	0	1764
7236	0	1908
7237	0	1908
7238	0	2292
7239	0	2124
7240	0	2673
7241	0	2124
7242	0	3422
7243	0	3422
7244	0	3662
7245	0	3662
7246	0	2865
7247	0	3963
7248	0	3963
7249	0	3662
7250	0	3422
7251	0	3182
7252	2	3662
7253	2	3662
7254	0	1620
7255	2	3963
7256	2	3963
7257	2	3662
7258	2	3422
7259	0	2124
7260	0	2292
7261	0	1620
7262	0	1620
7263	0	2292
7264	0	2292
7265	0	2124
7266	0	2124
7267	0	1764
7268	0	2292
7269	0	1143
7270	0	717
7271	0	93
7272	0	1431
7273	0	2292
7274	0	2292
7275	0	2124
7276	0	2577
7277	0	1479
7278	0	999
7279	0	177
7280	0	3182
7281	0	2673
7282	0	2865
7283	0	2865
7284	0	2865
7285	0	2865
7286	0	3422
7287	0	3182
7288	0	3662
7289	0	3422
7290	0	2673
7291	0	3182
7292	0	3182
7293	0	3182
7294	0	2865
7295	0	2865
7296	0	3182
7297	0	3182
7298	0	3182
7299	0	3422
7300	0	3182
7301	0	999
7302	0	2481
7303	0	2385
7304	0	2292
7305	0	2961
7306	0	3182
7307	0	3182
7308	0	3182
7309	0	1980
7310	0	1620
7311	0	1908
7312	0	1764
7313	0	1908
7314	0	1764
7315	0	1764
7316	0	1764
7317	0	1764
7318	0	1908
7319	0	1908
7320	0	2124
7321	0	749
7322	0	2385
7323	0	309
7324	0	2124
7325	0	4251
7326	0	4251
7327	0	4251
7328	0	4251
7329	2	749
7330	0	3662
7331	2	309
7332	2	2124
7333	2	4251
7334	2	4251
7335	2	4251
7336	2	4251
7337	0	2577
7338	0	2292
7339	0	2124
7340	0	1287
7341	0	1908
7342	0	2052
7343	0	2052
7344	0	2052
7345	0	1527
7346	0	2052
7347	0	2124
7348	0	2292
7349	0	2673
7350	0	2577
7351	0	1431
7352	0	2292
7353	0	2292
7354	0	2124
7355	0	2052
7356	0	2292
7357	0	2481
7358	0	967
7359	0	967
7360	0	1287
7361	0	1287
7362	0	1479
7363	0	1479
7364	0	1479
7365	0	1980
7366	0	1239
7367	0	2577
7368	0	1620
7369	0	1620
7370	0	1479
7371	0	1287
7372	0	1479
7373	0	2577
7374	0	2577
7375	0	3182
7376	0	2961
7377	0	3422
7378	0	3422
7379	0	3662
7380	0	3662
7381	0	2124
7382	0	3422
7383	0	3422
7384	0	3422
7385	0	3182
7386	0	3182
7387	0	3182
7388	0	3182
7389	0	807
7390	0	1431
7391	0	1239
7392	0	1620
7393	0	201
7394	0	2673
7395	0	2865
7396	0	2196
7397	0	2865
7398	0	1908
7399	0	3182
7400	0	3422
7401	0	2124
7402	0	3662
7403	0	3422
7404	0	2577
7405	0	1191
7406	0	1095
7407	0	1287
7408	2	3422
7409	2	2124
7410	2	3662
7412	2	2577
7413	0	967
7414	0	999
7415	2	1287
7416	0	1692
7417	0	1764
7418	0	1287
7419	2	3422
7420	0	775
7421	0	573
7422	0	967
7423	0	1095
7424	0	325
7425	0	1095
7426	0	1980
7427	0	1095
7428	0	1620
7429	0	1095
7430	0	2196
7431	0	2865
7432	0	1908
7433	2	1095
7434	0	2865
7435	0	2865
7436	0	3182
7437	0	3422
7438	0	3422
7439	2	2865
7450	0	1287
7451	0	1287
7452	0	2292
7453	0	2292
7454	0	2124
7455	0	2052
7456	0	2577
7457	0	1287
7458	0	1479
7459	0	2865
7460	0	3182
7461	0	2052
7462	0	2673
7463	0	2577
7464	0	2577
7465	0	645
7466	0	2052
7467	0	3182
7468	0	2865
7469	0	2196
7470	0	2865
7471	0	2481
7472	0	2577
7473	0	2577
7474	0	2865
7475	0	2865
7476	0	2865
7477	0	2577
7478	0	2577
7479	0	2577
7480	0	2577
7481	0	573
7482	0	2577
7483	0	2577
7484	0	2577
7485	0	2577
7486	0	2577
7487	0	2577
7488	0	2577
7489	0	2577
7490	0	2577
7491	0	2481
7492	0	2577
7493	0	2577
7494	0	2577
7495	0	2577
7496	0	2577
7497	0	2577
7498	0	2577
7499	0	2577
7500	0	2577
7501	0	807
7502	0	2577
7503	0	2577
7504	0	2577
7505	0	2481
7506	0	2481
7507	0	2577
7508	0	2577
7509	0	1479
7510	0	1479
7511	0	1287
7512	0	1479
7513	0	1287
7514	0	1479
7515	0	1620
7516	0	1620
7517	0	1620
7518	0	2961
7519	0	3422
7520	0	3422
7521	0	2385
7522	0	3662
7523	0	3963
7524	0	3963
7525	0	3963
7526	0	3182
7527	2	3422
7528	2	3422
7529	0	2961
7530	2	3662
7532	2	3963
7533	2	3963
7534	2	3182
7535	0	2292
7536	0	2292
7537	0	2292
7538	0	2292
7539	2	3963
7540	0	2292
7541	0	1287
7542	0	2124
7543	0	2292
7544	0	2292
7545	0	1764
7546	0	1692
7547	0	1764
7548	0	1764
7549	0	1692
7550	0	1620
7551	0	1620
7552	0	2052
7553	0	1764
7554	0	2052
7555	0	1620
7556	0	1620
7557	0	1764
7558	0	2961
7559	0	389
7560	0	2124
7561	0	999
7562	0	3422
7563	0	3422
7564	0	2577
7565	0	3422
7566	0	3662
7567	0	3422
7568	0	3182
7569	2	999
7570	0	2577
7572	0	2577
7573	2	3422
7574	0	2292
7575	0	2292
7576	0	2292
7577	0	2292
7578	0	2052
7579	2	3422
7580	0	1764
7581	0	1063
7582	0	2292
7583	0	2292
7584	0	2292
7585	0	1692
7586	0	871
7587	0	2292
7588	0	2292
7589	0	2577
7590	0	2865
7591	0	2673
7592	0	2577
7593	0	2577
7594	0	2865
7595	0	2292
7596	0	1980
7597	0	1980
7598	0	2196
7599	0	1620
7600	0	1692
7601	0	717
7602	0	2196
7603	0	2196
7604	0	1620
7605	0	1620
7606	0	1620
7607	0	241
7608	0	1431
7609	0	1287
7610	0	1764
7611	0	1764
7612	0	2961
7613	0	3422
7614	0	3422
7615	0	3422
7616	0	2052
7617	0	3182
7618	0	3422
7619	0	3422
7620	0	3422
7622	2	3422
7623	2	3422
7624	0	2196
7625	0	2865
7626	2	3422
7627	2	3422
7628	2	3422
7629	2	3422
7630	0	2292
7631	0	1431
7632	0	2292
7633	0	2292
7634	0	2292
7635	0	2292
7636	0	2292
7637	0	2124
7638	0	2292
7639	0	2124
7640	0	2577
7641	0	2124
7642	0	2292
7643	0	2292
7644	0	1908
7645	0	2292
7646	0	2292
7647	0	2292
7648	0	2292
7649	0	2292
7650	0	2292
7651	0	1764
7652	0	1764
7653	0	1764
7654	0	1764
7655	0	1764
7656	0	1764
7657	0	775
7658	0	1764
7659	0	1287
7660	0	1287
7661	0	1479
7662	0	1620
7663	0	1620
7664	0	669
7665	0	2385
7666	0	2673
7667	0	1692
7668	0	3422
7669	0	3182
7670	0	3422
7671	0	3182
7672	0	3662
7673	0	3662
7674	2	2673
7675	0	2865
7676	2	3422
7677	0	2673
7678	2	3422
7679	2	3182
7680	0	2292
7681	0	1764
7682	0	2292
7683	0	1143
7684	0	1287
7685	0	1287
7686	0	1287
7687	0	1287
7688	0	1143
7689	0	421
7690	0	1908
7691	0	775
7692	0	2577
7693	0	2577
7694	0	2865
7695	0	2961
7696	0	2865
7697	0	3182
7698	0	3422
7699	0	3182
7700	0	3182
7701	0	2673
7702	0	2673
7703	2	2961
7704	0	2292
7705	0	1287
7706	2	3422
7707	2	3182
7708	2	3182
7709	0	0
7710	0	1836
7711	0	1287
7712	0	2052
7713	0	2052
7714	0	2052
7715	0	2052
7716	0	2052
7717	0	2052
7718	0	1836
7719	0	903
7720	0	967
7721	0	113
7722	0	85
7723	0	1836
7724	0	1836
7725	0	1836
7726	0	1692
7727	0	1383
7728	0	999
7729	0	1620
7730	0	1620
7731	0	1908
7732	0	1836
7733	0	1836
7734	0	1620
7735	0	1063
7736	0	1620
7737	0	1836
7738	0	1620
7739	0	1836
7740	0	1836
7741	0	1383
7742	0	1836
7743	0	1836
7744	0	2292
7745	0	2124
7746	0	2052
7747	0	2124
7748	0	2052
7749	0	1031
7750	0	1692
7751	0	967
7752	0	2292
7753	0	2292
7754	0	2124
7755	0	2124
7756	0	2292
7757	0	573
7758	0	1431
7759	0	1287
7760	0	645
7761	0	2052
7762	0	2577
7763	0	2577
7764	0	2577
7765	0	967
7766	0	1620
7767	0	1620
7768	0	1239
7769	0	1095
7770	0	2865
7771	0	2052
7772	2	2577
7773	0	645
7774	0	533
7775	0	2292
7776	0	2961
7777	0	2481
7778	0	3182
7779	0	2865
7780	0	2865
7781	0	1620
7782	0	3182
7783	0	3422
7784	0	3182
7785	0	2865
7786	0	3182
7787	0	3182
7788	0	2865
7789	0	2865
7790	0	3182
7791	0	2673
7792	0	2865
7793	0	2865
7794	2	3182
7795	0	2865
7796	0	2673
7797	0	2577
7798	0	2577
7799	0	2577
7800	0	2577
7801	0	967
7802	0	2577
7803	0	2673
7804	0	2865
7805	0	2865
7806	0	2865
7807	0	2577
7808	0	2577
7809	0	1479
7810	0	1620
7811	0	1620
7812	0	1620
7813	0	1620
7814	0	2196
7815	0	2196
7816	0	2865
7817	0	2865
7818	0	1764
7819	0	3422
7820	0	3662
7821	2	1620
7822	0	3422
7823	2	2196
7824	0	2961
7825	0	2865
7826	0	2865
7827	0	3182
7828	2	3662
7829	0	2052
7830	2	3422
7831	0	1764
7832	2	2961
7833	2	2865
7834	0	2052
7835	0	2052
7836	0	2124
7837	0	2052
7838	0	2292
7839	0	2292
7840	0	2292
7841	0	1287
7842	0	2292
7843	0	2292
7844	0	2292
7845	0	2292
7846	0	2292
7847	0	2292
7848	0	2124
7849	0	2124
7850	0	2577
7851	0	1764
7852	0	2292
7853	0	2292
7854	0	1764
7855	0	2124
7856	0	2292
7857	0	2292
7858	0	2292
7859	0	1143
7860	0	1287
7861	0	1287
7862	0	1287
7863	0	1287
7864	0	1287
7865	0	317
7866	0	1431
7867	0	1287
7868	0	2577
7869	0	2481
7870	0	3182
7871	0	2577
7872	0	1908
7873	0	1908
7874	0	1908
7875	0	1908
7876	0	1908
7877	0	225
7878	2	3182
7879	0	2673
7880	0	2673
7881	0	3182
7882	0	3422
7883	0	3662
7884	0	3662
7885	2	225
7886	0	3422
7887	0	3182
7888	2	2673
7889	0	2865
7890	0	2865
7891	0	2673
7892	2	3662
7893	0	2577
7894	0	2481
7895	2	3182
7896	0	2577
7897	0	2292
7898	0	2292
7899	0	2292
7900	0	2292
7901	0	1692
7902	0	2292
7903	0	2577
7904	0	2577
7905	0	2577
7906	0	2577
7907	0	2577
7908	0	2577
7909	0	2577
7910	0	2577
7911	0	1239
7912	0	2577
7913	0	2577
7914	0	2577
7915	0	2577
7916	0	2577
7917	0	2577
7918	0	2577
7919	0	2577
7920	0	3182
7921	0	2481
7922	0	2865
7923	0	2865
7924	0	2673
7925	0	2673
7926	0	2673
7927	0	2673
7928	0	2577
7929	0	217
7930	0	807
7932	0	1287
7933	0	1620
7934	0	1287
7935	0	1287
7936	0	1479
7937	0	533
7938	0	2481
7939	2	2865
7940	0	3422
7941	0	1620
7942	0	3662
7943	0	3662
7944	0	3662
7945	0	3963
7946	0	3963
7947	0	3662
7948	2	3422
7949	0	3182
7950	2	3662
7952	2	3662
7953	2	3963
7954	2	3963
7955	2	3662
7956	0	2124
7957	0	2124
7958	0	1908
7959	2	3662
7960	0	2124
7961	0	871
7962	0	2124
7963	0	2124
7964	0	1431
7965	0	1908
7966	0	1908
7967	0	1431
7968	0	1764
7969	0	1764
7970	0	1479
7971	0	645
7972	0	1287
7973	0	1479
7974	0	1620
7975	0	1287
7976	0	1620
7977	0	2052
7978	0	2865
7979	0	2961
7980	0	2673
7981	0	1980
7982	0	1764
7983	0	1908
7984	0	1908
7985	0	1908
7986	0	1764
7987	0	1620
7988	0	1431
7989	2	1980
7990	0	1287
7991	0	1335
7992	0	3182
7993	0	3182
7994	0	3182
7995	0	3182
7996	0	3422
7997	0	3422
7998	0	3182
8010	0	2481
8011	0	1620
8012	0	2865
8013	0	3182
8014	0	2865
8015	0	1764
8016	0	3182
8017	0	2961
8018	0	2865
8019	0	1980
8020	0	2865
8021	0	2052
8022	0	2577
8023	0	2577
8024	2	3182
8025	2	2961
8026	2	2865
8027	0	2052
8028	0	2052
8029	0	2052
8030	0	2052
8031	0	1527
8032	0	1836
8033	0	1692
8034	0	1692
8035	0	1692
8036	0	1620
8037	0	1620
8038	0	1620
8039	0	1620
8040	0	1527
8041	0	999
8042	0	1431
8043	0	1620
8044	0	1620
8045	0	1620
8046	0	1620
8047	0	1620
8048	0	1620
8049	0	775
8050	0	903
8051	0	903
8052	0	903
8053	0	903
8054	0	999
8055	0	903
8056	0	903
8057	0	1908
8058	0	1143
8059	0	2292
8060	0	1287
8061	0	1287
8062	0	2961
8063	0	1620
8064	0	1620
8065	0	2196
8066	0	2865
8067	0	3182
8068	0	2865
8069	0	2865
8070	0	2865
8071	0	2196
8072	0	2673
8073	0	2865
8074	0	2865
8075	0	2865
8076	2	2865
8077	0	2292
8078	0	2292
8079	0	2292
8080	0	2292
8081	0	1287
8082	0	2292
8083	0	2292
8084	0	2292
8085	0	2292
8086	0	2292
8087	0	2577
8088	0	2577
8089	0	1063
8090	0	1431
8091	0	22
8092	0	1287
8093	0	1287
8094	0	1431
8095	0	2577
8096	0	2577
8097	0	2196
8098	0	2865
8099	0	3182
8100	0	2673
8101	0	2481
8102	0	2196
8103	0	3182
8104	0	3182
8105	0	2865
8106	0	2865
8107	0	2865
8108	0	2865
8109	0	2481
8120	0	2292
8121	0	2481
8122	0	3182
8123	0	2961
8124	0	2865
8125	0	2865
8126	0	2292
8127	0	2673
8128	0	2292
8129	0	2961
8130	0	3182
8131	0	2961
8132	0	2961
8133	0	2865
8134	0	1836
8135	0	1764
8136	0	1335
8137	0	1764
8138	2	3182
8139	0	1620
8140	0	1620
8141	0	269
8142	0	2673
8143	0	1980
8144	0	1431
8145	0	2124
8146	0	3963
8147	0	1908
8148	0	2124
8149	2	269
8150	0	3422
8151	0	3182
8152	0	2673
8153	2	2124
8154	2	3963
8155	0	2124
8156	0	1908
8157	0	1908
8158	2	3422
8159	2	3182
8160	2	2673
8161	0	373
8162	0	645
8163	0	1479
8164	0	1620
8165	0	1908
8166	0	2124
8167	0	1764
8168	0	1620
8169	0	1836
8170	0	645
8171	0	1908
8172	0	2124
8173	0	1692
8174	0	1908
8175	0	2292
8176	0	2292
8177	0	2292
8178	0	2124
8179	2	1908
8180	2	2124
8181	2	1692
8182	0	1479
8183	2	2292
8184	2	2292
8185	2	2292
8186	2	2124
8187	0	1031
8188	0	1143
8189	0	1031
8190	0	1692
8191	0	2124
8192	0	2052
8193	0	1908
8194	0	903
8195	0	1031
8196	0	1287
8197	0	1287
8198	0	1620
8199	0	2577
8200	0	2577
8201	0	1764
8202	0	1431
8203	0	1431
8204	0	1620
8205	0	533
8206	0	1908
8207	0	2577
8208	0	2577
8209	0	2292
8210	0	2292
8211	0	2481
8212	0	2865
8213	0	2865
8214	0	3182
8215	0	2961
8216	0	2865
8217	0	2577
8218	0	2577
8219	2	2481
8220	0	2292
8221	0	1287
8222	0	2292
8223	0	2292
8224	0	2292
8225	0	2292
8226	0	2292
8227	0	2124
8228	0	2124
8229	0	1620
8230	0	2052
8232	0	1908
8233	0	1836
8234	0	1836
8235	0	2052
8236	0	2052
8237	0	2052
8238	0	2052
8239	2	2292
8240	0	1031
8241	0	1143
8242	0	1143
8243	0	1143
8244	0	1143
8245	0	1143
8246	0	1143
8247	0	1287
8248	0	1143
8249	0	1431
8250	0	1287
8251	0	1431
8252	0	903
8253	0	1335
8254	0	2385
8255	0	3422
8256	0	3422
8257	0	3422
8258	0	1908
8259	0	3422
8260	0	2865
8261	0	3182
8262	0	2673
8263	0	3422
8264	0	3182
8265	2	3422
8266	0	1620
8267	2	3422
8268	2	2865
8269	0	1287
8270	0	1287
8271	0	285
8272	0	2292
8273	0	2292
8274	0	2292
8275	0	2577
8276	0	2577
8277	0	2577
8278	0	2865
8279	0	2865
8280	0	2865
8281	0	2481
8282	0	2577
8283	0	2292
8284	0	2292
8285	0	2292
8286	0	2292
8287	0	2292
8288	0	2292
8289	0	2292
8290	0	1764
8291	0	325
8292	0	2292
8293	0	2292
8294	0	2292
8295	0	2577
8296	0	2577
8297	0	2577
8298	0	2577
8299	0	1479
8300	0	1764
8301	0	357
8302	0	1620
8303	0	1479
8304	0	1479
8305	0	1479
8306	0	1479
8307	0	1287
8308	0	1239
8309	0	1335
8310	0	3422
8311	0	3182
8312	0	2577
8313	0	3662
8314	0	3422
8315	0	3662
8316	0	3422
8317	0	3422
8318	2	3422
8319	0	3182
8320	0	1836
8322	0	1620
8323	2	3662
8324	2	3422
8325	2	3422
8326	0	1431
8327	2	3182
8328	0	1620
8329	2	3662
8330	0	1764
8331	0	2196
8332	0	2577
8333	0	2292
8334	0	1692
8335	0	2124
8336	0	2292
8337	0	2577
8338	0	2292
8339	0	1908
8340	0	2292
8341	0	1692
8342	0	2124
8343	0	2292
8344	0	2292
8345	0	1764
8346	0	2292
8347	0	2292
8348	0	2292
8349	0	2292
8350	0	1287
8351	0	2052
8352	0	2577
8353	0	2292
8354	0	2292
8355	0	2292
8356	0	2292
8357	0	2292
8358	0	2292
8369	0	1431
8370	0	1287
8371	0	1287
8372	0	1620
8373	0	1620
8374	0	1620
8375	0	1620
8376	0	1620
8377	0	1620
8378	0	1620
8379	0	807
8380	0	3422
8381	0	1908
8382	0	1908
8383	0	1908
8384	0	1908
8385	0	1908
8386	0	1908
8387	0	193
8388	2	3422
8389	0	1908
8390	0	1908
8391	0	1287
8392	0	1908
8393	2	1908
8394	0	3422
8395	0	3662
8396	0	2769
8397	2	1908
8398	2	1908
8399	2	1287
8400	0	2292
8401	0	1692
8402	2	3422
8403	0	2124
8404	0	2124
8405	0	2292
8406	0	2292
8407	0	2124
8408	0	2052
8409	0	2052
8410	0	2292
8411	0	1692
8412	0	2124
8413	0	2292
8414	0	2292
8415	0	2292
8416	0	2292
8417	0	2292
8418	0	2292
8419	0	1908
8420	0	2577
8421	0	1980
8422	0	2577
8423	0	2577
8424	0	2577
8425	0	2577
8426	0	2577
8427	0	2292
8428	0	2292
8429	0	1620
8430	0	1620
8431	0	1479
8432	0	1620
8433	0	1620
8434	0	1620
8435	0	1620
8436	0	1620
8437	0	1620
8438	0	1836
8449	0	241
8450	2	3422
8452	0	1620
8453	2	3662
8454	0	1431
8455	0	285
8456	0	2292
8457	0	2292
8458	0	2865
8459	2	3422
8460	0	2577
8461	0	2481
8462	0	2865
8463	0	2196
8464	0	3422
8465	0	3182
8466	0	2865
8467	0	2865
8468	0	2577
8469	0	2481
8480	0	1692
8481	0	2124
8482	0	2292
8483	0	2292
8484	0	2292
8485	0	1431
8486	0	2292
8487	0	2577
8488	0	1692
8489	0	1908
8490	0	2577
8491	0	2196
8492	0	2577
8493	0	2577
8494	0	2292
8495	0	2292
8496	0	1764
8497	0	1287
8498	0	285
8499	0	1479
8500	0	1287
8501	0	217
8502	0	1479
8503	0	1479
8504	0	1287
8505	0	1479
8506	0	2385
8507	0	3422
8508	0	3422
8509	0	3182
8510	0	2865
8511	0	3182
8512	0	2865
8513	0	2577
8514	2	2385
8515	2	3422
8516	2	3422
8517	2	3182
8518	0	1287
8519	2	3182
8520	0	1287
8521	0	157
8522	0	1287
8523	0	2052
8524	0	2052
8525	0	169
8526	0	1287
8527	0	2124
8528	0	1620
8529	0	807
8540	0	2865
8541	0	2052
8542	0	2961
8543	0	2577
8544	0	2577
8545	0	2577
8546	0	2577
8547	2	3182
8548	0	2292
8549	0	2292
8550	0	1908
8551	0	1143
8552	0	2292
8553	0	2292
8554	0	2292
8555	0	2292
8556	0	2292
8557	0	2292
8558	0	2292
8559	0	47
8560	0	1836
8561	0	141
8562	0	1836
8563	0	1836
8564	0	1479
8565	0	1143
8566	0	1143
8567	0	2124
8568	0	2124
8569	0	2292
8570	0	2292
8571	0	1836
8572	0	1620
8573	0	1980
8574	0	1620
8575	0	1479
8576	0	1479
8577	0	1479
8578	0	2196
8579	0	1836
8580	0	2673
8581	0	2385
8582	0	2577
8583	0	3422
8584	0	3662
8585	0	3662
8586	0	3422
8587	0	3422
8588	0	3422
8589	0	3182
8590	2	2577
8592	2	3662
8593	2	3662
8594	2	3422
8595	2	3422
8596	2	3422
8597	0	1692
8598	0	1908
8599	2	3422
8600	0	2052
8601	0	1063
8602	0	2292
8603	0	2124
8604	0	2124
8605	0	2292
8606	0	2292
8607	0	2292
8608	0	2292
8609	0	775
8610	0	2577
8611	0	2196
8612	0	2481
8613	0	2577
8614	0	2292
8615	0	2292
8616	0	2292
8617	0	1692
8618	0	2673
8619	0	2577
8620	0	2577
8621	0	1620
8622	0	2577
8623	0	2292
8624	0	2124
8625	0	2124
8626	0	2292
8627	0	2292
8628	0	2292
8629	0	1287
8630	0	1287
8631	0	1063
8632	0	1287
8633	0	1143
8634	0	1143
8635	0	437
8636	0	1692
8637	0	871
8638	0	2292
8639	0	2292
8640	0	2052
8641	0	1527
8642	0	1143
8643	0	1143
8644	0	1031
8645	0	1031
8646	0	1143
8647	0	807
8648	0	1620
8649	0	2577
8650	0	2577
8651	0	2124
8652	0	2292
8653	0	2292
8654	0	2292
8655	0	2292
8656	0	2865
8657	0	2865
8658	0	2865
8659	0	1980
8660	0	2673
8661	0	453
8662	0	2865
8663	0	2961
8664	0	3182
8665	0	3182
8666	0	3182
8667	0	3182
8668	0	2865
8679	0	1572
8680	2	3422
8682	0	1431
8683	0	1431
8684	0	1431
8685	0	1431
8686	0	1431
8687	0	1431
8688	0	2865
8689	2	3182
8690	0	807
8691	0	2481
8692	0	2577
8693	0	2577
8694	0	2577
8695	0	2577
8696	0	2577
8697	0	2577
8698	0	2865
8699	0	3182
8700	0	3182
8701	0	2961
8702	0	3182
8703	0	3182
8704	2	2577
8705	0	2673
8706	0	2865
8707	0	2865
8708	0	2865
8709	0	2865
8710	0	3182
8711	0	1095
8712	0	3182
8713	0	2961
8714	0	3182
8715	0	2961
8716	0	3182
8717	0	2961
8718	0	3182
8719	0	1572
8720	0	1692
8721	0	1908
8722	0	2124
8723	0	1764
8724	2	3182
8725	0	2052
8726	0	1836
8727	0	1836
8728	0	1908
8729	0	3182
8730	0	3422
8731	0	3182
8732	0	3662
8733	0	3422
8734	0	3422
8735	0	3422
8736	0	3662
8737	0	3963
8738	0	3182
8739	0	3422
8740	2	3662
8742	2	3422
8743	2	3422
8744	0	2577
8745	2	3963
8746	0	1908
8747	2	3422
8748	0	2292
8749	2	3422
8760	0	2577
8761	0	1764
8762	0	2292
8763	0	2292
8764	0	2292
8765	0	1287
8766	0	2124
8767	0	1620
8768	0	2124
8769	0	2124
8770	0	2196
8771	0	2196
8772	0	2196
8773	0	1764
8774	0	1479
8775	2	1620
8776	2	2124
8777	0	1287
8778	0	1287
8779	0	1287
8780	0	1431
8781	0	717
8782	0	1479
8783	0	1836
8784	0	2196
8785	0	1431
8786	0	2196
8787	0	2865
8788	0	2961
8789	0	3182
8790	0	3182
8791	0	2961
8792	0	3182
8793	0	2865
8794	0	2865
8795	0	2865
8796	0	2673
8797	0	2865
8798	0	2577
8799	0	2577
8800	0	2577
8801	0	2196
8802	0	2577
8803	2	2865
8804	0	2577
8805	0	2577
8806	0	2577
8807	0	2577
8808	0	2292
8809	0	2292
8810	0	2577
8811	0	2481
8812	0	2577
8813	0	2577
8814	0	2577
8815	0	2292
8816	0	2292
8817	0	2577
8818	0	2577
8819	0	2577
8820	0	2577
8821	0	1980
8822	0	2577
8823	0	2577
8824	0	2577
8825	0	2577
8826	0	2577
8827	0	2577
8828	0	2577
8829	0	1287
8830	0	1479
8831	0	1479
8832	0	1479
8833	0	1479
8834	0	1479
8835	0	1479
8836	0	2052
8837	0	1479
8838	0	3182
8839	0	3422
8840	0	3422
8841	0	1908
8842	0	3662
8843	0	3963
8844	0	3963
8845	0	3963
8846	0	3963
8847	2	3422
8848	2	3422
8849	0	2865
8850	2	3662
8852	2	3963
8853	2	3963
8854	2	3963
8855	0	2292
8856	0	2292
8857	0	2292
8858	0	2292
8859	2	3963
8860	0	1143
8861	0	1287
8862	0	1287
8863	0	485
8864	0	1764
8865	0	2124
8867	0	2292
8868	0	1692
8869	0	2577
8870	0	2865
8871	0	2385
8872	0	3422
8873	0	3422
8874	0	3182
8875	0	3182
8876	0	2865
8877	0	2865
8878	0	2865
8879	0	2577
8880	2	3422
8882	2	3182
8883	0	2292
8884	0	2292
8885	0	2292
8886	0	2292
8887	0	2292
8888	0	2292
8889	2	3422
8890	0	1143
8891	0	2124
8892	0	2292
8893	0	2292
8894	0	2292
8895	0	2292
8896	0	2292
8897	0	1143
8898	0	1908
8899	0	1620
8900	0	1620
8901	0	125
8902	0	1431
8903	0	1431
8904	0	1431
8905	0	1431
8906	0	1620
8907	0	1620
8908	0	1764
8909	0	1191
8910	0	2865
8911	0	3182
8912	0	3422
8913	0	3422
8914	0	3422
8915	0	3422
8916	0	3662
8917	0	3422
8918	2	2865
8919	0	2865
8920	0	2865
8921	0	2196
8922	2	3422
8923	2	3422
8924	2	3662
8925	0	2052
8926	0	1287
8927	0	1143
8928	0	1764
8929	0	2052
8930	0	1620
8931	0	1692
8932	0	2292
8933	0	2292
8934	0	2292
8935	0	1479
8936	0	2481
8937	0	2865
8938	0	2577
8939	0	2865
8940	0	2865
8941	0	2052
8942	0	2577
8943	0	1479
8944	0	2865
8945	0	2865
8946	0	2865
8947	0	2577
8948	0	2577
8949	0	2577
8950	0	2577
8951	0	2481
8952	0	2865
8953	0	2865
8954	0	1980
8955	0	2577
8956	0	2577
8957	0	2577
8958	0	2577
8959	0	2577
8960	0	1980
8961	0	967
8962	0	2124
8963	0	2292
8964	0	2577
8965	0	2577
8966	0	485
8967	0	2577
8968	0	2577
8969	0	1692
8970	0	1143
8971	0	1287
8972	0	1479
8973	0	1287
8974	0	1479
8975	0	1287
8976	0	1287
8977	0	1287
8978	0	1143
8979	0	1620
8980	0	1980
8981	0	1908
8982	0	3422
8983	0	3662
8984	0	3662
8985	0	3422
8986	0	1287
8987	0	1908
8988	2	1980
8989	0	1287
8990	2	3422
8991	0	1572
8992	2	3662
8993	0	1620
8994	0	871
8995	0	2052
8996	0	2961
8997	0	2052
8998	0	3182
8999	0	2865
9000	0	3182
9001	0	2481
9002	0	2961
9003	0	2865
9004	0	3182
9005	0	3182
9006	0	3422
9007	0	3182
9008	0	3182
9009	0	2865
9010	0	2481
9011	0	2961
9012	0	2673
9013	0	2673
9014	0	2865
9015	0	2865
9016	2	3182
9017	0	2865
9018	0	2673
9019	0	2865
9020	0	2673
9021	0	1836
9022	0	2961
9023	0	2865
9024	0	2865
9025	0	2865
9026	0	1836
9027	0	1836
9028	0	1620
9029	0	1095
9030	0	1191
9031	0	453
9032	0	1980
9033	0	1764
9034	0	1620
9035	0	1908
9036	0	1908
9037	0	1908
9038	0	1063
9039	2	453
9040	0	3182
9041	0	2577
9042	0	3662
9043	0	3662
9044	0	3542
9045	0	3963
9046	0	3963
9047	0	4251
9048	2	3182
9049	0	3182
9050	0	2481
9052	2	3542
9053	2	3963
9054	2	3963
9055	2	4251
9056	0	2292
9057	0	2292
9058	0	2292
9059	2	3662
9060	0	2481
9061	0	1620
9062	0	2577
9063	0	2577
9064	0	2292
9065	0	999
9066	0	1063
9067	0	999
9068	0	1063
9069	0	47
9070	0	105
9071	0	1335
9072	0	1479
9073	0	1479
9074	0	201
9075	0	2577
9076	0	3422
9077	0	3662
9078	0	3662
9079	0	3963
9080	0	3062
9081	0	3062
9082	0	1692
9083	0	1692
9084	0	1980
9085	2	3662
9086	2	3662
9087	2	3963
9088	2	3062
9089	2	3062
9090	0	1287
9091	0	967
9092	0	1620
9093	0	2865
9094	0	1692
9095	0	2292
9096	0	1143
9097	0	1287
9098	0	871
9099	0	1692
9100	0	2052
9101	0	1908
9102	0	2052
9103	0	2052
9104	0	2052
9105	0	2052
9106	0	2292
9107	0	2052
9108	0	2052
9109	0	2292
9110	0	1287
9111	0	1143
9112	0	2292
9113	0	2292
9114	0	2577
9115	0	2577
9116	0	2577
9117	0	2865
9118	0	2292
9119	0	2865
9120	0	2577
9121	0	1980
9122	0	2865
9123	0	2865
9124	0	2865
9125	0	2865
9126	0	1836
9127	0	2196
9128	0	2865
9129	0	1143
9130	0	903
9131	0	1431
9132	0	1431
9133	0	1431
9134	0	2196
9135	0	2577
9136	0	3182
9137	0	1764
9138	0	3422
9139	0	3662
9140	0	3182
9141	0	1980
9142	0	2865
9143	2	2577
9144	0	2865
9145	0	2673
9146	0	2196
9147	0	2865
9148	0	2865
9149	0	2865
9150	0	2865
9151	0	1431
9152	0	1287
9153	0	1431
9154	0	1239
9155	0	1431
9156	2	2865
9157	0	1620
9158	0	1836
9159	0	1479
9160	0	2481
9161	0	1620
9162	0	2292
9163	0	2577
9164	0	2577
9165	0	2577
9166	0	2577
9167	0	2577
9168	0	2481
9169	0	2577
9170	0	2196
9171	0	2673
9172	0	2292
9173	0	2865
9174	0	2865
9175	0	2865
9176	0	2961
9177	0	3182
9178	0	3182
9179	0	3182
9180	0	3182
9181	0	597
9182	0	2865
9183	0	3182
9184	0	3182
9185	0	3182
9186	0	1980
9187	0	3182
9188	0	3182
9189	0	1980
9190	0	2292
9191	0	1908
9192	0	2124
9193	0	2124
9194	0	1908
9195	0	1980
9196	0	1980
9197	0	2124
9198	2	2292
9199	0	2865
9200	0	2865
9201	0	1836
9202	0	1836
9203	0	1980
9204	0	2577
9205	2	2124
9206	0	2577
9207	0	2577
9208	0	2577
9209	0	2577
9210	0	2865
9211	0	2961
9212	0	3182
9213	0	3182
9214	0	2865
9215	0	2865
9216	0	2292
9217	0	3182
9218	0	3182
9219	0	3182
9220	0	2385
9221	0	2577
9222	0	3422
9223	0	3422
9224	0	807
9225	0	1692
9226	0	1692
9227	0	1063
9228	0	1692
9229	0	1692
9230	0	1692
9231	0	871
9232	2	807
9233	2	1692
9234	0	1095
9235	0	1095
9236	2	1692
9237	2	1692
9238	2	1692
9239	0	2577
9240	0	2865
9241	0	1692
9242	0	2577
9243	0	2292
9244	0	2292
9245	0	2292
9246	0	2292
9247	0	1287
9248	0	1287
9249	0	1479
9250	0	1479
9251	0	1431
9252	0	1620
9253	0	1620
9254	0	1620
9255	0	2481
9256	0	3422
9257	0	3182
9258	0	3963
9259	0	3963
9260	0	3662
9261	0	3822
9262	0	4251
9263	0	3062
9264	0	3963
9265	0	3662
9266	2	3963
9267	2	3963
9268	2	3662
9269	2	3822
9270	2	4251
9271	2	3062
9272	2	3963
9273	2	3662
9274	0	1031
9275	0	807
9276	0	1764
9277	0	2052
9278	0	1908
9279	0	2052
9280	0	2052
9281	0	1908
9282	0	1143
9283	0	1031
9284	0	1836
9285	0	1836
9286	0	2052
9287	0	2292
9288	0	2292
9289	0	2292
9290	0	2292
9291	0	1908
9292	0	2052
9293	0	2052
9294	0	2052
9295	0	2292
9296	0	2124
9297	0	2577
9298	0	2577
9299	0	2577
9300	0	2481
9301	0	967
9302	0	2577
9303	0	2577
9304	0	2481
9305	0	2196
9306	0	2577
9307	0	2577
9308	0	2481
9309	0	2481
9310	0	1620
9311	0	1479
9312	0	1620
9313	0	1620
9314	0	1620
9315	0	1620
9316	0	967
9317	0	1620
9318	0	807
9319	0	1143
9320	0	2124
9321	0	1431
9322	0	2292
9323	0	2292
9324	0	2292
9325	0	2292
9326	0	1287
9327	0	1431
9328	0	2577
9329	0	2577
9330	0	2577
9331	0	2481
9332	0	2577
9333	0	2292
9334	0	1431
9335	0	2124
9336	0	2292
9337	0	2292
9338	0	2292
9339	0	2292
9340	0	2577
9341	0	1239
9342	0	1287
9343	0	2481
9344	0	2577
9345	0	2577
9346	0	2673
9347	0	2673
9348	0	2865
9349	0	1620
9350	0	1572
9351	0	2052
9352	0	2865
9353	0	2865
9354	0	2865
9355	0	2865
9356	0	2865
9357	0	1095
9358	2	1572
9359	0	2124
9360	0	2577
9362	0	2292
9363	0	2292
9364	0	2577
9365	0	645
9366	0	2052
9367	0	1908
9368	0	2052
9369	2	2865
9370	0	2292
9371	0	2196
9372	0	2577
9373	0	2577
9374	0	2865
9375	0	2865
9376	0	2865
9377	0	2196
9378	0	2865
9379	0	2865
9380	0	2865
9381	0	1620
9382	0	2865
9383	0	2673
9384	0	2865
9385	0	2865
9386	0	2865
9387	0	2865
9388	0	2865
9389	0	1431
9390	0	1980
9391	0	1764
9392	0	1980
9393	0	1980
9394	0	1836
9395	0	1836
9396	0	1239
9397	0	669
9398	0	3182
9399	0	2385
9400	0	3662
9401	0	2769
9402	0	3542
9403	0	3963
9404	0	3182
9405	0	3963
9406	0	4251
9407	2	2385
9408	2	3662
9409	0	3422
9410	0	1908
9412	2	3182
9413	2	3963
9414	2	4251
9415	0	1836
9416	0	2961
9417	2	3422
9418	0	2577
9419	2	3963
9420	0	3182
9421	0	2052
9422	0	2577
9423	0	2577
9424	0	2865
9425	0	2961
9426	0	2865
9427	0	2865
9428	0	2577
9429	0	2577
9430	0	2865
9431	0	2673
9432	0	2865
9433	0	2865
9434	0	2865
9435	0	2292
9436	0	2865
9437	0	2865
9438	0	2865
9439	0	2865
9440	0	2865
9442	0	2865
9443	0	2865
9444	0	2292
9445	0	3182
9446	0	2865
9447	0	2865
9448	0	2292
9449	0	1620
9450	0	1620
9451	0	1335
9452	0	1620
9453	0	1764
9454	0	1764
9455	0	1764
9456	2	2292
9457	0	1620
9458	0	2124
9459	0	2124
9460	0	2292
9461	0	935
9462	0	3963
9463	0	2124
9464	0	3662
9465	0	3182
9466	0	3422
9467	0	3542
9468	2	2292
9469	0	3662
9470	2	3963
9471	0	3182
9472	2	3662
9473	0	1764
9474	2	3422
9475	2	3542
9476	0	1287
9477	0	217
9478	0	1143
9479	2	3182
9480	0	2052
9481	2	1764
9482	0	1431
9483	0	2124
9484	0	2292
9485	0	2124
9486	0	693
9487	0	2124
9488	0	2124
9489	0	2052
9490	0	2052
9491	0	1908
9492	0	2292
9493	0	2124
9494	0	1908
9495	0	2196
9496	0	2292
9497	0	2292
9498	0	2292
9499	0	1287
9500	0	1143
9502	0	1431
9503	0	2124
9504	0	2292
9505	0	2292
9506	0	2292
9507	0	1287
9508	0	1479
9509	0	1620
9510	0	1836
9511	0	1764
9512	0	1836
9513	0	2481
9514	0	2196
9515	0	2292
9516	0	2577
9517	0	2865
9518	0	3182
9519	0	3422
9520	2	1836
9521	0	2385
9522	0	2292
9523	0	2577
9524	0	2292
9525	2	2865
9526	0	2052
9527	0	1620
9528	0	2124
9529	0	1620
9530	0	1908
9531	0	2124
9532	0	2292
9533	0	2292
9534	0	871
9535	0	2292
9536	0	2124
9537	0	1287
9538	0	1143
9539	0	1431
9540	0	1431
9541	0	177
9542	0	1143
9543	0	1620
9544	0	1620
9545	0	2052
9546	0	2292
9547	0	2673
9548	0	3182
9549	0	3422
9550	0	2673
9551	0	2673
9552	0	2865
9553	0	2865
9554	0	2292
9555	2	2673
9556	0	2865
9557	0	2865
9558	0	2865
9559	2	2673
9560	0	2577
9561	0	1980
9562	0	1908
9563	0	2577
9564	0	2865
9565	0	2673
9566	2	2865
9567	0	2673
9568	0	2577
9569	0	2577
9570	0	2196
9571	0	2196
9572	0	2577
9573	0	2577
9574	0	967
9575	0	2577
9576	0	2577
9577	0	2577
9578	0	2577
9579	0	2865
9580	0	2577
9581	0	2196
9582	0	1287
9583	0	2673
9584	0	2865
9585	0	2577
9586	0	2577
9587	0	2577
9588	0	2577
9589	0	485
9590	0	967
9591	2	2673
9592	0	1836
9593	0	1620
9594	0	1620
9595	0	1620
9596	0	1620
9597	0	807
9598	0	1431
9599	0	2961
9600	0	1836
9601	0	999
9602	0	2577
9603	0	3182
9604	0	3662
9605	0	2292
9606	0	3182
9607	0	3542
9608	2	1836
9609	0	3182
9610	0	2865
9611	0	2865
9612	2	3662
9613	0	3182
9614	2	3182
9615	2	3542
9616	0	2577
9617	0	2292
9618	2	2865
9619	2	2865
9620	0	2292
9621	0	1287
9622	0	2292
9623	0	1908
9624	0	2292
9625	0	2292
9626	0	2292
9627	0	1287
9628	0	1287
9629	0	1287
9630	0	1287
9631	0	1908
9632	0	1143
9633	0	2124
9634	0	2292
9635	0	2292
9636	0	22
9637	0	2196
9638	0	1572
9639	0	2865
9640	0	3182
9641	0	2196
9642	0	2865
9643	0	2865
9644	0	2865
9645	0	2577
9646	0	2865
9647	2	2865
9648	0	2865
9649	0	2865
9650	0	2865
9651	0	1620
9652	0	2577
9653	0	2577
9654	0	1836
9655	0	2577
9656	0	2673
9657	0	2577
9658	0	2577
9659	0	1287
9670	0	2673
9671	0	2385
9672	0	3182
9673	0	3182
9674	0	2673
9675	0	2577
9676	2	1980
9677	2	2124
9678	2	2673
9679	0	1287
9680	0	1620
9681	0	373
9682	0	1980
9683	0	2673
9684	0	2481
9685	0	2577
9686	0	2577
9687	0	2292
9688	0	2577
9689	0	2865
9690	0	3182
9691	0	3182
9692	0	2673
9693	0	2865
9694	0	2673
9695	0	2577
9696	0	2577
9697	0	2577
9698	2	3182
9699	0	2292
9700	0	2292
9701	0	1620
9702	0	2577
9703	0	2577
9704	0	2577
9705	0	2124
9706	0	2577
9707	0	2577
9708	0	2124
9709	0	1764
9710	0	2865
9711	0	1980
9712	0	2673
9713	0	2577
9714	0	2673
9715	0	2577
9716	0	2577
9717	0	2673
9718	0	2673
9719	0	1479
9720	0	1620
9721	0	485
9722	0	1479
9723	0	1095
9724	0	2865
9725	0	2673
9726	0	2865
9727	0	1620
9728	0	1764
9729	0	1908
9730	0	1431
9731	0	1143
9732	0	2865
9733	0	3662
9734	0	3422
9735	0	1764
9736	0	1908
9737	0	1908
9738	0	693
9739	0	3963
9740	0	3963
9741	0	2124
9742	0	3662
9743	0	3422
9744	0	3662
9745	0	871
9746	2	693
9747	2	3963
9748	2	3963
9749	0	2196
9750	2	3662
9752	0	2865
9753	0	1620
9754	0	1980
9755	0	1620
9756	0	93
9757	0	2196
9758	0	3182
9759	2	3422
9760	0	2865
9761	0	1836
9762	0	2577
9763	0	3182
9764	0	3422
9765	0	3662
9766	0	3422
9767	0	3422
9768	0	3182
9769	0	2865
9770	0	1980
9771	0	1980
9772	2	3422
9773	2	3662
9774	0	2673
9775	0	2865
9776	0	2865
9777	0	2865
9778	0	2865
9779	0	1431
9780	0	1572
9781	0	453
9782	0	1431
9783	0	485
9784	0	1620
9785	0	2673
9786	0	1620
9787	0	1431
9788	0	1191
9789	0	775
9790	0	1287
9791	0	573
9792	0	1980
9793	0	3182
9794	0	3182
9795	0	3182
9796	0	3422
9797	0	2865
9798	0	3662
9799	0	3963
9800	0	935
9801	0	1031
9802	0	645
9803	0	1692
9804	0	389
9805	0	1572
9806	0	1191
9807	2	3963
9808	0	549
9809	0	121
9810	0	2577
9811	0	1287
9812	0	3422
9813	0	3422
9814	0	1063
9815	0	3542
9816	0	2865
9817	0	3542
9818	0	2769
9819	0	2769
9820	0	2769
9821	0	2292
9822	0	3182
9823	0	1383
9824	0	2865
9825	0	2673
9826	2	2769
9827	0	999
9828	2	2769
9829	0	2673
9830	0	2961
9831	0	2961
9832	0	3422
9833	0	3422
9834	0	3662
9835	0	3422
9836	0	3182
9837	0	3182
9838	2	2961
9839	0	3182
9840	0	3182
9841	0	1980
9842	2	3662
9843	2	3422
9844	2	3182
9845	0	2481
9846	0	1287
9847	2	3182
9848	0	1287
9849	0	1143
9850	0	1143
9851	0	1031
9852	0	1143
9853	0	1287
9854	0	1143
9855	0	2292
9856	0	1143
9857	0	1287
9858	0	1620
9859	0	1620
9860	0	1836
9861	0	1479
9862	0	1980
9863	0	1620
9864	0	1620
9865	0	1836
9866	0	1479
9867	0	903
9868	0	533
9869	0	645
9870	0	2481
9871	0	1287
9872	0	2673
9873	0	2577
9874	0	2196
9875	0	1836
9876	0	1620
9877	0	1836
9878	0	1980
9879	0	1143
9890	0	485
9891	0	22
9892	0	1287
9893	0	1287
9894	0	1431
9895	0	389
9896	0	2196
9897	0	2865
9898	0	3182
9899	0	2865
9900	0	2577
9901	0	2961
9902	0	3422
9903	0	3422
9904	0	3662
9905	0	3662
9906	0	3422
9907	0	3422
9908	0	2481
9909	0	3182
9910	0	3182
9912	0	2865
9913	2	3662
9914	2	3422
9915	2	3422
9916	0	2577
9917	0	2865
9918	2	3182
9919	2	3422
9920	0	2577
9921	0	2481
9922	0	2196
9923	0	2577
9924	0	2577
9925	0	1980
9926	0	2577
9927	0	2577
9928	0	2577
9929	0	2577
9930	0	1908
9931	0	2052
9932	0	2577
9933	0	2577
9934	0	1620
9935	0	2865
9936	0	2196
9937	0	1287
9938	0	1479
9939	0	1620
9940	0	1620
9941	0	807
9942	0	1287
9943	0	1620
9944	0	999
9945	0	485
9946	0	485
9947	0	597
9948	0	807
9949	0	3182
9950	0	3662
9951	0	3182
9952	0	2292
9953	0	1908
9954	0	967
9955	0	1908
9956	0	2292
9957	0	2481
9958	2	3662
9959	2	3182
9960	0	1836
9961	0	999
9962	0	2124
9963	2	1908
9964	2	2292
9965	0	3182
9966	0	3422
9967	0	3182
9968	0	2865
9969	0	2196
9970	0	3182
9971	0	2673
9972	0	2865
9973	2	3182
9974	2	3422
9975	2	3182
9976	0	2292
9977	0	2292
9978	2	3182
9979	0	2292
9980	0	2577
9981	0	1287
9982	0	2292
9983	0	2292
9984	0	2292
9985	0	2124
9986	0	2124
9987	0	2124
9988	0	2292
9989	0	2292
9990	0	2481
9991	0	2196
9992	0	2577
9993	0	2292
9994	0	2292
9995	0	157
9996	0	1620
9997	0	2196
9998	0	2577
9999	0	1479
10000	0	1287
10001	0	141
10002	0	967
10003	0	2577
10004	0	2865
10005	0	2961
10006	0	2673
10007	0	2865
10008	0	2865
10009	0	2865
10010	0	871
10011	0	2673
10012	0	2865
10013	0	2865
10014	0	2673
10015	0	2865
10016	0	2865
10017	0	1980
10018	0	2577
10019	0	2865
10020	0	2865
10021	0	967
10022	0	2577
10023	0	2865
10024	0	2577
10025	0	177
10026	0	22
10027	0	201
10028	0	2673
10029	0	1479
10030	0	1431
10031	0	967
10032	0	177
10033	0	2196
10034	0	2577
10035	0	2292
10036	0	2292
10037	0	1692
10038	2	1431
10039	0	1572
10040	0	201
10041	0	1908
10042	0	3422
10043	0	3182
10044	0	3182
10045	0	3182
10046	0	2865
10047	0	3422
10048	0	3422
10049	2	1908
10050	0	2865
10051	0	2481
10052	2	3182
10053	2	3182
10054	0	2577
10055	0	2577
10056	0	2577
10057	0	2577
10058	0	2124
10059	0	645
10060	0	1431
10061	0	717
10062	0	1431
10063	0	645
10064	0	2673
10065	0	2865
10066	0	967
10067	0	967
10068	0	1431
10069	0	1431
10070	0	1572
10071	0	1095
10072	0	1431
10073	0	1836
10074	0	807
10075	0	1095
10076	0	1287
10077	0	967
10078	2	1572
10079	0	1620
10080	0	1287
10081	0	573
10082	0	1764
10083	0	1908
10084	0	1764
10085	0	1908
10086	0	1908
10087	0	2865
10088	0	3422
10089	0	3662
10090	0	2124
10091	0	1143
10092	0	2292
10093	0	2292
10094	0	2124
10095	0	2124
10096	2	3422
10097	2	3662
10098	0	1764
10100	0	1063
10101	0	1287
10102	2	2124
10103	2	2124
10104	0	3182
10105	0	3182
10106	0	1764
10107	0	3422
10108	2	1063
10109	0	1287
10110	0	1431
10111	0	967
10112	2	3182
10113	0	1431
10114	0	1431
10115	2	3422
10116	0	1287
10117	0	775
10118	0	573
10119	2	967
10120	0	1692
10121	0	1143
10122	0	373
10123	0	1692
10124	0	2052
10125	0	2052
10126	0	1836
10127	0	2124
10128	0	1908
10129	0	2052
10130	0	2052
10131	0	1836
10132	0	2481
10133	0	2577
10134	0	2577
10135	0	2577
10136	0	2577
10137	0	2577
10138	0	2124
10139	0	2577
10140	0	2865
10141	0	2481
10142	0	2865
10143	0	2865
10144	0	2865
10145	0	2673
10146	0	2673
10147	0	2865
10148	0	2865
10149	0	2865
10150	0	2865
10151	0	2673
10152	0	2865
10153	0	1479
10154	0	1479
10155	0	1620
10156	0	1620
10157	0	1620
10158	0	1479
10170	2	293
10171	0	1620
10172	0	3182
10173	2	2292
10174	2	2481
10175	0	2865
10176	0	2577
10177	0	2865
10178	0	2673
10179	0	2292
10180	0	2865
10181	0	1980
10182	0	2124
10183	0	2292
10184	0	1692
10185	0	1764
10186	0	2292
10187	0	2577
10188	0	2577
10189	0	2292
10190	0	2577
10191	0	2196
10192	0	2577
10193	0	2577
10194	0	2673
10195	0	2577
10196	0	2577
10197	0	2577
10198	0	2577
10209	0	3182
10210	0	2673
10211	0	2865
10212	0	3422
10213	0	3662
10214	0	2673
10215	0	3662
10216	0	3662
10217	0	3662
10218	0	3422
10230	0	967
10231	0	357
10232	0	2124
10233	0	1836
10234	0	1620
10235	0	1095
10236	0	1836
10237	0	1620
10238	0	903
10239	0	1431
0	0	2865
1	0	1764
2	0	3422
3	0	2673
4	0	3182
5	0	3182
6	0	2481
7	2	1431
8	2	2865
9	0	1620
10	2	3422
11	0	2052
12	0	1620
13	2	3182
14	0	1620
15	0	2292
16	0	2052
17	0	2052
18	0	2052
19	0	2052
20	0	2124
21	0	2124
22	0	1287
23	0	1287
24	0	1143
25	0	1143
26	0	1143
27	0	1143
28	0	1143
29	0	1143
30	0	1287
31	0	1287
32	0	2052
33	0	2052
34	0	2865
35	0	807
36	0	3182
37	0	3182
38	0	3182
39	0	3182
40	0	3182
41	0	2961
42	0	3182
43	0	2865
44	0	2961
45	0	2961
46	0	2865
47	0	2865
48	0	2577
49	0	2481
50	0	2577
51	0	1479
52	0	2577
53	0	2577
54	0	2577
55	0	2577
56	0	2577
57	0	2577
58	0	2577
59	0	1287
60	0	807
61	0	807
62	0	485
63	0	485
64	0	967
65	0	405
66	0	1287
67	0	485
68	0	645
69	0	485
70	0	2481
71	0	573
72	0	2292
73	0	2577
74	0	2292
75	0	2577
76	0	2292
77	0	437
78	0	1031
79	0	1143
80	0	1143
81	0	1479
82	0	2577
83	0	2865
84	0	2865
85	0	2292
86	0	2865
87	0	3182
88	0	3182
89	0	3182
90	0	3422
91	0	3182
92	0	3182
93	0	3182
94	0	3422
95	0	3422
96	0	2577
97	0	3422
98	0	3422
99	0	3422
100	0	3422
101	0	1287
102	0	3422
103	0	3422
104	0	3422
105	0	2292
106	0	3182
107	0	3182
108	0	3182
109	0	2577
110	2	3422
111	0	3182
112	0	3422
113	0	3422
114	0	2577
115	0	3422
116	0	3422
117	0	1764
118	0	1764
119	0	1764
120	2	3422
121	0	903
122	0	1572
123	0	1692
124	2	3422
125	0	597
126	0	2577
127	0	2865
128	0	2961
129	0	2865
130	2	1572
131	2	1692
132	0	2865
133	2	597
134	0	2577
135	0	2577
136	0	2577
137	0	2577
138	0	2577
139	0	1980
140	0	2577
141	0	573
142	0	2292
143	0	2292
144	0	2124
145	0	2481
146	0	2481
147	0	1479
148	0	2196
149	0	1620
150	0	1692
151	0	871
152	0	2481
153	0	2865
154	0	2865
155	0	2865
156	0	2673
157	0	2865
158	0	2865
159	0	1239
160	0	1620
161	0	903
162	0	1431
163	0	1431
164	0	1620
165	0	1620
166	0	2196
167	0	2865
168	0	2385
169	0	2673
170	2	1431
171	2	1431
172	0	2673
173	0	2577
174	0	2577
175	0	2577
176	0	2481
177	0	2577
178	0	1479
179	0	1479
180	0	1287
181	0	717
182	0	2577
183	0	2865
184	0	1095
185	0	2961
186	0	1836
187	0	1980
188	0	1572
189	0	1980
190	0	1980
191	0	1764
192	0	1764
193	2	2961
194	0	2865
195	0	2865
196	0	3182
197	0	3182
198	2	1980
199	0	1764
200	0	1908
201	0	1836
202	2	2865
203	0	3182
204	0	2865
205	0	2865
206	0	2673
207	2	1764
208	0	1239
209	0	3182
210	0	3182
211	0	2961
212	0	2865
213	0	2865
214	0	2481
215	0	645
216	0	1620
217	2	3182
218	0	1620
219	0	1479
220	0	1479
221	0	1287
222	0	645
223	0	2577
224	0	1431
225	0	2961
226	0	1620
227	0	3182
228	0	3422
229	0	2385
230	0	3182
231	0	3542
232	0	2865
233	0	3182
234	0	3422
235	2	3182
236	2	3422
237	0	2865
238	0	3182
239	0	3182
240	0	2865
241	2	3182
242	0	2865
243	0	2052
244	0	2577
245	0	2577
246	2	3182
247	0	2292
248	2	2865
249	0	1764
250	0	2292
251	0	1287
252	0	2292
253	2	2577
254	0	2292
255	0	2292
256	0	2292
257	0	2292
258	2	2292
259	0	1287
260	0	1287
261	0	285
262	0	1143
263	0	1143
264	0	1287
265	0	717
266	0	1031
267	0	1143
268	0	1287
269	0	55
270	0	3182
271	0	389
272	0	3422
273	0	3182
274	0	1620
275	0	2577
276	0	1764
277	0	2292
278	2	3182
279	0	2577
280	2	3422
281	0	2196
282	0	2196
283	0	2577
284	0	2052
285	0	2577
286	0	2577
287	0	2577
288	0	1836
289	0	2292
290	0	2577
291	0	2481
292	0	2577
293	0	2865
294	0	2577
295	0	2577
296	0	1287
297	0	669
298	0	807
299	0	645
309	0	2577
310	0	967
311	0	1620
312	0	325
313	0	1836
314	0	2865
315	0	2865
316	0	2865
317	0	2865
318	2	967
319	0	2481
320	0	1479
321	0	645
322	0	1479
323	0	1620
324	0	1620
325	0	1836
326	0	1572
327	0	621
328	0	2865
329	0	2196
330	0	3422
331	0	2961
332	0	3182
333	0	2865
334	0	2865
335	0	2865
336	0	2577
337	0	2865
338	0	2865
339	0	3182
340	0	3182
341	0	1764
342	0	3182
343	0	3422
344	0	3422
345	0	3422
346	0	3422
347	0	3422
349	0	3422
350	2	3182
351	0	2385
352	0	3182
353	0	3182
354	0	3182
355	0	3422
356	0	3182
357	0	2385
358	0	3182
359	0	1908
360	0	1572
361	0	903
362	0	1908
363	0	1908
364	0	1908
365	0	3422
366	0	3422
367	0	3422
369	0	3182
370	2	1908
371	0	3182
372	0	3422
373	0	3182
374	2	3422
375	0	3182
376	0	3422
377	0	3182
378	0	1692
379	0	1572
380	0	1572
381	0	453
382	0	1692
383	0	1692
384	0	1692
385	0	3422
386	2	1692
387	0	3182
388	2	1572
389	2	453
390	0	1479
391	0	1620
392	2	1692
393	0	2577
394	0	2577
395	0	2577
396	0	2577
397	0	2577
398	0	2292
399	0	2196
400	0	2865
401	0	1479
402	0	2865
403	0	2865
404	0	2865
405	0	2865
406	0	2961
407	0	2673
408	0	3182
409	0	3182
410	0	2865
411	0	2196
412	0	3182
413	0	3182
414	0	3182
415	0	3182
416	0	3422
417	0	3422
418	0	3182
419	0	1980
420	0	1764
421	0	1572
422	0	1764
423	0	1572
424	0	1191
425	0	1692
426	0	2577
427	0	3422
428	0	3182
429	0	3182
430	0	3182
431	0	1836
432	0	2865
433	2	1692
434	2	2577
435	0	2865
436	0	2865
437	0	3182
438	0	3182
439	0	2385
440	0	3182
441	0	1191
442	0	1620
443	0	1620
444	0	1764
445	0	177
446	0	2961
447	0	1572
448	0	3182
449	0	1980
450	0	3182
451	0	2961
452	0	3182
453	2	177
454	0	2577
455	0	2865
456	0	3182
457	0	3422
458	0	3182
459	0	3182
460	0	3422
461	0	2124
462	0	2865
463	0	3182
464	0	3182
465	0	3182
466	0	3422
467	0	3422
468	2	3422
469	0	3422
470	0	3182
471	0	2385
472	0	3182
473	0	3422
474	0	3422
475	0	3422
476	0	3422
477	0	3422
478	0	3422
479	0	1692
480	0	1692
481	0	453
482	2	3422
483	0	1980
484	0	3182
485	0	3422
486	0	3422
487	0	3422
488	2	1692
489	0	1908
490	0	3182
491	0	1764
492	2	3182
493	0	2961
494	0	2961
495	0	2196
496	0	3182
497	0	3182
498	0	3422
499	0	3422
500	0	3422
501	0	1908
502	0	3422
503	0	3422
504	0	3422
505	0	3182
506	2	3422
507	0	3182
508	2	3422
509	0	2865
510	0	2865
512	0	2865
513	2	3182
514	0	2577
515	0	2577
516	0	2481
517	0	2577
518	2	2865
519	2	3422
520	0	2292
521	0	1692
522	0	2577
523	0	2577
524	0	1692
525	0	1479
526	0	1479
527	0	1479
528	0	1287
529	0	871
530	0	1287
531	0	1095
532	0	1479
533	0	1431
534	0	1431
535	0	1431
536	0	1287
537	0	1431
538	0	2292
539	0	2292
540	0	2292
541	0	1431
542	0	2292
543	0	2292
544	0	2292
545	0	2292
546	0	2577
547	0	2865
548	0	2865
549	0	2865
550	0	2673
551	0	2673
552	0	2865
553	0	2865
554	0	2196
555	0	2865
556	0	3182
557	0	3182
558	0	3182
559	0	3182
560	0	3182
561	0	2385
562	0	1572
563	0	2385
564	0	3182
565	0	3422
566	0	3422
567	0	3422
568	0	3422
569	0	3422
570	0	1908
571	0	1479
572	0	1764
573	2	3422
574	0	2385
575	2	3422
576	2	3422
577	0	2865
578	2	1908
579	0	2865
580	0	2865
581	0	1620
582	0	2865
583	0	2865
584	0	2865
585	0	2865
586	0	2196
587	0	2865
588	0	2961
589	0	3182
590	0	3182
591	0	2961
592	0	3182
593	0	3182
594	0	3182
595	0	3182
596	0	3182
597	0	3182
598	0	3182
599	0	3182
600	0	3182
601	0	1191
602	0	3182
603	0	3182
604	0	3182
605	0	3182
606	0	3182
607	0	3422
608	0	3422
609	0	1431
610	0	1908
611	0	1692
612	0	1692
613	0	1692
614	0	1692
615	0	1692
616	0	1692
617	0	2124
618	2	1908
619	2	1692
620	0	1479
621	0	1191
622	0	1692
623	0	2577
624	0	2124
625	0	2577
626	0	3662
627	0	2961
628	0	2961
629	0	3422
630	0	3182
631	0	3182
632	0	3422
633	0	3422
634	2	3662
635	0	2385
636	0	3182
637	2	3422
638	2	3182
639	0	2865
640	2	3422
642	0	2673
643	0	2577
644	0	2865
645	0	2865
646	0	2865
647	0	2865
648	0	2865
649	2	3422
650	0	2673
651	0	2673
652	0	2865
653	0	2577
654	0	2577
655	0	2577
656	0	2577
657	0	2577
658	0	2481
659	0	2865
660	0	2865
661	0	1980
662	0	2865
663	0	2865
664	0	967
665	0	1431
666	0	1431
667	0	1431
668	2	2865
669	0	1287
670	0	1287
671	0	1095
672	0	1287
673	2	1431
674	0	1287
675	0	1431
676	0	1764
677	0	2124
678	0	2292
679	0	2292
680	0	2292
681	0	1063
682	0	2292
683	0	2673
684	0	3182
685	0	3422
686	0	3422
687	0	3182
688	0	2961
689	0	1620
690	0	3422
691	0	2673
692	0	3182
693	2	3422
694	0	3182
695	0	2961
696	0	3182
697	0	3182
698	2	3422
699	0	1980
700	0	1980
701	0	1908
702	0	1980
703	0	1980
704	0	1980
705	0	69
706	0	1980
707	0	1980
708	0	1908
709	0	2865
710	0	3662
711	0	3542
712	0	3963
713	0	3963
714	0	3963
715	0	3963
716	0	2481
717	0	3822
718	0	3963
719	2	3542
720	2	3963
722	2	3963
723	2	3963
724	0	1479
725	2	3822
726	2	3963
727	0	2481
728	0	1287
729	2	3963
730	0	1143
731	0	967
732	0	1143
733	0	2292
734	0	2577
735	0	2577
736	0	2577
737	0	2292
738	0	2292
739	0	2124
740	0	2052
741	0	1431
742	0	2292
743	0	2292
744	0	2292
745	0	2577
746	0	2577
747	0	2481
748	0	2577
749	0	2052
750	0	2961
751	0	807
752	0	2865
753	0	2865
754	0	2865
755	0	2196
756	0	2865
757	0	2865
758	0	3182
759	0	1431
760	0	1908
761	0	1191
762	0	1764
763	0	1620
764	0	1620
765	0	1620
766	0	1620
767	0	1431
768	0	2124
769	0	2385
770	0	3422
771	0	2961
772	0	1572
773	0	1620
774	0	1479
775	0	1479
776	0	967
777	0	1479
778	2	3422
779	0	2577
780	0	2865
781	0	1980
782	0	2577
783	0	2577
784	0	2577
785	0	1980
786	0	2673
787	0	2577
788	0	2673
789	0	2865
790	0	2577
791	0	2673
792	0	2673
793	0	2865
794	0	2865
795	0	2865
796	0	2865
797	0	2865
798	0	2865
799	2	2673
800	2	2673
801	0	1692
802	0	2292
803	0	2577
804	0	2577
805	0	2577
806	0	2577
807	0	2196
808	0	2577
809	0	2577
810	0	2577
811	0	1980
812	0	2577
813	0	2577
814	0	2577
815	0	1287
816	0	1479
817	0	1287
818	0	2577
819	0	1479
820	0	1287
821	0	217
822	0	1095
823	0	1287
824	0	1572
825	0	1692
826	0	3422
827	0	1764
828	0	1908
849	0	2577
850	2	3422
852	2	3182
853	0	2292
854	0	2124
855	0	2292
856	0	2292
857	0	2292
858	0	2292
859	2	3182
860	0	2292
861	0	1764
862	0	2292
863	0	2577
864	0	2577
865	0	2577
866	0	2577
867	0	2577
868	0	2577
869	0	2577
870	0	2577
871	0	1479
872	0	2577
873	0	1431
874	0	2577
875	0	2577
876	0	2577
877	0	2577
878	0	2577
879	0	1287
880	0	1620
881	0	1431
882	0	669
883	0	1620
884	0	1479
885	0	1479
886	0	1980
887	0	2865
888	0	1620
889	0	1572
890	0	3422
891	0	3182
892	0	1908
893	0	1908
894	0	1908
895	0	1908
896	0	1764
897	0	2124
898	2	3422
899	0	3182
900	0	2961
901	2	1908
902	0	2961
903	0	3182
904	0	3422
905	0	3422
906	0	3422
907	0	3182
908	0	2673
909	0	2865
910	0	2865
911	0	2673
912	2	3422
913	2	3422
914	2	3422
915	0	2292
916	0	2292
917	0	2577
918	0	2577
919	0	2196
920	0	2577
921	0	1620
922	0	2577
923	0	2577
924	0	2577
925	0	2577
926	0	2292
927	0	2292
928	0	2577
929	0	645
930	0	1479
931	0	141
932	0	1479
933	0	1287
934	0	1620
935	0	2577
936	0	2577
937	0	2577
938	0	1479
939	0	807
940	0	1479
941	0	1431
942	0	669
943	0	3182
944	0	3182
945	0	2673
946	0	2865
947	0	807
948	0	3422
949	0	3422
950	0	3422
951	0	2292
952	0	3422
953	0	3422
954	0	3182
955	0	3182
956	2	3422
957	2	3422
958	2	3422
959	0	1479
960	2	3422
962	2	3182
963	0	1287
964	0	1287
965	0	1287
966	0	1287
967	0	1287
968	0	1479
969	2	3422
970	0	157
971	0	1620
972	0	2673
973	0	3182
974	0	3182
975	0	3422
976	0	3422
977	0	3422
978	0	3182
979	0	3422
980	0	1980
982	0	2673
983	0	2577
984	2	3422
985	2	3422
986	0	2292
987	0	2292
988	0	1143
989	2	3182
990	0	1287
991	0	1287
992	0	2292
993	0	1143
994	0	1143
995	0	1143
996	0	1143
997	0	1479
998	0	2577
999	0	2577
1000	0	2865
1001	0	2052
1002	0	2865
1003	0	3182
1004	0	3182
1005	0	3422
1006	0	3422
1007	0	2865
1008	0	2673
1009	0	2577
1010	0	2577
1011	0	2052
1012	0	2577
1013	2	3422
1014	2	3422
1015	0	2292
1016	0	2124
1017	0	967
1018	2	2577
1019	0	1143
1020	0	1143
1021	0	1031
1022	0	1143
1023	0	1143
1024	0	2052
1025	0	1031
1026	0	1287
1027	0	1143
1028	0	1287
1029	0	1479
1030	0	1620
1031	0	61
1032	0	1764
1033	0	1479
1034	0	1335
1035	0	1095
1036	0	1095
1037	0	1095
1038	0	3182
1039	0	2865
1040	0	3422
1041	0	3182
1042	0	3422
1043	0	3422
1044	0	3422
1045	0	2865
1046	2	3182
1047	2	2865
1048	0	2196
1049	2	3182
1050	2	3422
1052	2	3422
1053	0	1908
1054	0	1031
1055	0	1143
1056	0	1143
1057	0	775
1058	0	1031
1059	2	3422
1060	0	1031
1061	0	301
1062	0	1031
1063	0	1431
1064	0	1431
1065	0	1836
1066	0	2577
1067	0	2577
1068	0	533
1069	0	2577
1070	0	2865
1071	0	2673
1072	0	2865
1073	0	2865
1074	0	2865
1075	0	2577
1076	0	2292
1077	0	2673
1078	0	2577
1079	0	2292
1080	0	2292
1082	0	1836
1083	0	0
1084	0	1836
1085	0	2052
1086	0	2052
1087	0	1908
1088	0	1620
1089	2	2865
1090	0	1031
1091	0	1031
1092	0	903
1093	0	903
1094	0	1431
1095	0	1527
1096	0	2052
1097	0	2052
1098	0	2052
1099	0	2577
1100	0	2865
1101	0	2481
1102	0	2961
1103	0	2865
1104	0	2577
1105	0	1764
1106	0	1431
1107	0	2292
1108	0	2292
1109	0	2292
1110	0	2292
1111	0	1764
1112	0	2292
1113	0	2292
1114	0	2292
1115	0	2577
1116	0	2577
1117	0	2292
1118	0	2292
1119	0	1287
1120	0	1287
1121	0	32
1122	0	1143
1123	2	2577
1124	0	1143
1125	0	1143
1126	0	1764
1127	0	1908
1128	0	1287
1129	0	2196
1130	0	1620
1131	0	2481
1132	0	1287
1133	0	1479
1134	0	2577
1135	0	2577
1136	0	2577
1137	0	2196
1138	0	2577
1139	0	2865
1140	0	2673
1141	0	2196
1142	0	2865
1143	0	2865
1144	0	2577
1145	0	2196
1146	0	2292
1147	0	2292
1148	0	2292
1149	0	2292
1150	0	2292
1151	0	1908
1152	0	2292
1153	0	2292
1154	0	2292
1155	0	2292
1156	0	2292
1157	0	2577
1158	0	2577
1159	0	1431
1160	0	1287
1161	0	437
1162	0	1479
1163	0	1287
1164	0	1287
1165	0	2577
1166	2	2577
1167	0	2577
1168	0	2673
1169	0	2961
1170	0	3422
1171	0	3182
1172	0	3422
1173	0	3422
1174	0	3182
1175	0	3182
1176	0	2865
1177	0	2865
1178	2	3422
1179	0	2577
1180	0	2577
1181	0	2196
1182	2	3182
1183	0	2292
1184	2	2865
1185	0	2292
1186	0	2292
1187	0	2292
1188	0	2292
1189	0	1287
1200	0	1287
1201	0	717
1202	0	1287
1203	0	1287
1204	0	1287
1205	0	1287
1206	0	1479
1207	0	1063
1208	0	2865
1209	0	2961
1210	0	3422
1211	0	3182
1212	0	2124
1213	0	1908
1214	2	1479
1215	0	405
1216	0	1980
1217	2	2961
1218	2	3422
1219	2	3182
1220	0	1287
1221	0	1836
1222	0	2865
1223	2	405
1224	0	2577
1225	0	2673
1226	0	2292
1227	0	2292
1228	0	2292
1229	0	2292
1230	0	2577
1231	0	2124
1232	0	2292
1233	0	2292
1234	0	2124
1235	0	2052
1236	0	2052
1237	0	2052
1238	0	2052
1239	0	2052
1240	0	1908
1241	0	1383
1242	0	2052
1243	0	1764
1244	0	1908
1245	0	2052
1246	0	2052
1247	0	2052
1248	0	2052
1249	0	1764
1250	0	2577
1251	0	2196
1252	0	2577
1253	0	2577
1254	0	2577
1255	0	2577
1256	0	2577
1257	0	1908
1258	0	2577
1259	0	2577
1260	0	2577
1261	0	1980
1262	0	2673
1263	0	2865
1264	0	2865
1265	0	2196
1266	0	2961
1267	0	2865
1268	0	2865
1269	0	1431
1270	0	1620
1271	0	1764
1272	0	1620
1273	0	669
1274	0	3182
1275	0	3182
1276	0	3182
1277	0	201
1278	0	1908
1279	0	2124
1280	0	1908
1281	0	325
1282	0	2124
1283	0	1908
1284	0	1063
1285	0	225
1286	0	2769
1287	2	2124
1288	0	3662
1289	0	3662
1290	0	2865
1291	0	3542
1292	0	3662
1293	0	3963
1294	0	3963
1295	0	3963
1296	2	3662
1297	2	3662
1298	0	2865
1299	2	3542
1300	2	3662
1302	2	3963
1303	2	3963
1304	0	2052
1305	0	2052
1306	0	2052
1307	0	2052
1308	0	2292
1309	2	3963
1320	0	1287
1321	0	437
1322	0	1287
1323	0	1287
1324	0	1287
1325	0	1836
1326	0	2577
1327	0	2577
1328	0	1620
1329	0	3182
1330	0	1908
1331	0	1431
1332	0	1692
1333	0	3662
1334	0	3182
1335	0	3182
1336	0	2961
1337	0	2865
1338	0	3182
1339	0	3422
1340	0	3422
1342	0	3182
1343	2	3182
1344	0	2865
1345	2	2865
1346	2	3182
1347	2	3422
1348	2	3422
1349	2	3662
1350	2	3182
1351	0	1031
1352	0	2052
1353	0	1527
1354	0	1836
1355	0	1836
1356	0	1836
1357	0	1431
1358	0	807
1359	0	693
1360	0	903
1361	0	453
1362	0	1143
1363	0	1143
1364	0	1143
1365	0	1287
1366	0	141
1367	0	1764
1368	0	2292
1369	0	2292
1370	0	2052
1371	0	1620
1372	0	2292
1373	0	2577
1374	0	2577
1375	0	2052
1376	0	2577
1377	0	2577
1378	0	2292
1379	0	2292
1380	0	2292
1381	0	1431
1382	0	2052
1383	0	2124
1384	0	2292
1385	0	2292
1386	0	2292
1387	0	2124
1388	0	1908
1389	0	1287
1390	0	1620
1391	0	1287
1392	0	1620
1393	0	1620
1394	0	1620
1395	0	1431
1396	0	903
1397	0	807
1398	0	2865
1399	0	3182
1400	0	3182
1401	0	2052
1402	0	2673
1403	0	3182
1404	0	2673
1405	0	2865
1406	0	3182
1407	0	2673
1408	0	2865
1409	0	2577
1410	0	2865
1411	0	2673
1412	0	2865
1413	0	2865
1414	0	2577
1415	0	2577
1416	0	1764
1417	0	1836
1418	2	2865
1419	0	2292
1420	0	2292
1421	0	1764
1422	0	2292
1423	0	2292
1424	0	1431
1425	0	1479
1426	0	1620
1427	0	1620
1428	0	2577
1429	0	2577
1430	0	2577
1431	0	2481
1432	0	1980
1433	0	1620
1434	0	1620
1435	0	1980
1436	0	2385
1437	0	3182
1438	0	2196
1439	0	2865
1440	0	2577
1441	0	2196
1442	0	2961
1443	0	3422
1444	0	3422
1445	0	3182
1446	0	3182
1447	0	2865
1448	2	2577
1449	0	2577
1450	2	2961
1452	0	2292
1453	0	2292
1454	0	2292
1455	0	2292
1456	0	2292
1457	0	2292
1458	0	2292
1459	2	3422
1460	0	1431
1461	0	217
1462	0	1431
1463	0	1431
1464	0	1287
1465	0	1031
1466	2	2292
1467	0	1143
1468	0	1287
1469	0	1287
1470	0	1287
1471	0	1287
1472	0	1980
1473	0	1095
1474	0	2673
1475	0	2577
1476	0	2865
1477	0	3182
1478	0	3422
1479	0	3422
1480	0	3422
1481	0	2961
1482	0	1980
1483	0	1620
1484	0	1479
1485	0	1287
1486	2	3422
1487	2	3422
1488	2	3422
1489	0	1143
1490	2	1980
1491	0	1908
1492	0	2577
1493	0	2865
1494	0	2865
1495	0	2865
1496	0	2577
1497	0	1692
1498	0	2865
1499	0	2577
1510	0	2865
1511	0	1980
1512	0	2577
1513	0	1764
1514	0	2124
1515	0	2124
1516	0	2124
1517	0	2124
1518	0	2292
1519	0	2292
1520	0	2577
1521	0	871
1522	0	2865
1523	0	2865
1524	0	2865
1525	0	2577
1526	0	2577
1527	0	2481
1528	0	2577
1529	0	1620
1530	0	1479
1531	0	1287
1532	0	1479
1533	0	1479
1534	0	1479
1535	0	1479
1536	0	1479
1537	0	1287
1538	0	1620
1539	0	1980
1540	0	2385
1541	0	2124
1542	0	3422
1543	0	3422
1544	0	3662
1545	0	3662
1546	0	3422
1547	0	3422
1548	2	2385
1549	0	2673
1550	2	3422
1552	2	3662
1553	2	3662
1554	2	3422
1555	0	2124
1556	0	1527
1557	0	2052
1558	0	2292
1559	2	3422
1560	0	2292
1561	0	1764
1562	0	2052
1563	0	2124
1564	0	1908
1565	0	1908
1566	0	2292
1567	0	2292
1568	0	2292
1569	0	2292
1570	0	2292
1571	0	2124
1572	0	1287
1573	0	1431
1574	0	1287
1575	0	1287
1576	0	1287
1577	0	1287
1578	0	1764
1579	0	2292
1580	0	1287
1581	0	405
1582	0	2481
1583	0	2961
1584	0	3182
1585	0	1764
1586	0	1239
1587	0	1479
1588	0	1287
1589	0	1620
1590	0	1431
1591	0	1287
1592	0	1431
1593	0	1431
1594	0	2481
1595	0	2865
1596	0	3182
1597	0	3182
1598	0	3422
1599	0	3182
1600	0	3422
1601	0	2865
1602	0	3182
1603	0	3182
1604	0	2865
1605	2	3182
1606	2	3422
1607	2	3182
1608	2	3422
1609	0	2124
1610	2	3182
1611	0	1764
1612	0	2052
1613	0	2052
1614	0	2052
1615	0	2052
1616	0	2052
1617	0	2052
1618	0	1908
1619	0	1908
1620	0	1908
1621	0	1527
1622	0	2052
1623	0	2052
1624	0	2052
1625	0	1527
1626	0	2052
1627	0	2052
1628	0	2052
1629	0	1143
1630	0	1143
1631	0	389
1632	0	1143
1633	0	1143
1634	0	1287
1635	0	1143
1636	0	1143
1637	0	2124
1638	0	2292
1639	0	2865
1640	0	2577
1641	0	1095
1642	0	1836
1643	0	2673
1644	0	3182
1645	0	3422
1646	0	3182
1647	2	2865
1648	0	2577
1649	0	2292
1650	0	2577
1651	2	2673
1652	0	2292
1653	2	3422
1654	0	2292
1655	0	2292
1656	0	2124
1657	0	2052
1658	0	2052
1659	0	2052
1660	0	2052
1661	0	1620
1662	0	2052
1663	0	1908
1664	0	2292
1665	0	2292
1666	0	2124
1667	0	2124
1668	0	2292
1669	0	1143
1670	0	1031
1671	0	967
1672	0	1287
1673	0	1287
1674	0	1143
1675	0	1031
1676	0	1143
1677	0	1431
1678	0	2481
1679	0	2673
1680	0	3182
1681	0	2481
1682	0	1836
1683	0	1620
1684	0	1836
1685	0	1836
1686	0	1836
1687	2	2673
1688	0	1620
1689	0	967
1690	0	2577
1691	0	1836
1692	0	3182
1693	2	1836
1694	0	2865
1695	0	2673
1696	0	2865
1697	0	2292
1698	0	3182
1699	0	2481
1700	0	2481
1701	0	2052
1702	0	2961
1703	0	2673
1704	0	2865
1705	0	2196
1706	2	3182
1707	0	1287
1708	0	1287
1709	0	1287
1710	0	2577
1711	0	2196
1712	2	2865
1713	2	2196
1714	0	2292
1715	0	2292
1716	0	2577
1717	2	1287
1718	0	2577
1719	2	2196
1720	0	2052
1721	0	1287
1722	0	1836
1723	0	1836
1724	0	1836
1725	0	1031
1726	0	903
1727	0	1527
1728	0	775
1729	0	775
1730	0	903
1731	0	261
1732	0	1527
1733	0	1692
1734	0	2052
1735	0	2292
1736	0	1143
1737	0	2292
1738	0	1287
1739	0	2673
1740	0	2865
1741	0	1980
1742	0	2577
1743	0	2292
1744	0	2292
1745	0	2577
1746	0	2577
1747	0	2865
1748	0	2577
1749	0	1908
1750	0	2577
1751	0	1431
1752	0	2292
1753	0	2124
1754	0	2052
1755	0	2124
1756	0	2124
1757	0	2124
1758	0	2292
1759	0	2292
1760	0	2577
1761	0	1764
1762	0	2577
1763	0	2577
1764	0	2577
1765	0	2577
1766	0	2124
1767	0	2124
1768	0	2292
1769	0	1143
1770	0	967
1771	0	1287
1772	0	1287
1773	0	1287
1774	0	1692
1775	0	2577
1776	0	2577
1777	0	2577
1778	0	2865
1779	0	3182
1780	0	3422
1781	0	2577
1782	0	3662
1783	0	3662
1784	0	3422
1785	0	2961
1786	0	2865
1787	2	3182
1788	0	2673
1789	0	2577
1790	2	3662
1792	0	2577
1793	0	2577
1794	0	2577
1795	0	2577
1796	0	2577
1797	0	2577
1798	0	2292
1799	2	3662
1800	0	2577
1801	0	1764
1802	0	2577
1803	0	2577
1804	0	2577
1805	0	2577
1806	0	2196
1807	0	2577
1808	0	2577
1809	0	1908
1810	0	2577
1811	0	1287
1812	0	2673
1813	0	2673
1814	0	2577
1815	0	2865
1816	0	2865
1817	0	2673
1818	2	2577
1819	0	2196
1829	0	1479
1830	0	1620
1831	0	373
1832	0	1479
1833	0	1620
1834	0	1479
1835	0	1479
1836	0	1287
1837	0	2961
1838	0	3422
1839	0	3422
1840	0	3662
1841	0	3182
1842	0	3422
1843	0	3662
1844	0	3662
1845	2	2961
1846	2	3422
1847	2	3422
1848	2	3662
1849	2	3182
1850	2	3422
1852	2	3662
1853	0	2052
1854	0	1143
1855	0	1620
1856	0	1031
1857	0	1620
1858	0	1620
1859	2	3662
1860	0	1620
1861	0	1143
1862	0	1527
1863	0	1143
1864	0	1287
1865	0	2865
1866	0	2673
1867	0	2865
1868	0	2577
1869	0	2865
1870	0	2577
1871	0	2481
1872	0	2865
1873	0	3182
1874	0	2865
1875	0	2577
1876	0	2577
1877	0	1287
1878	0	2577
1879	0	2292
1880	0	2292
1881	0	1620
1882	0	2292
1883	0	1287
1884	0	1287
1885	0	1287
1886	0	1287
1887	0	1287
1888	0	1620
1889	0	1692
1899	0	2865
1900	0	2865
1901	0	1836
1902	0	3182
1903	0	3422
1904	0	3422
1905	2	3182
1906	2	3182
1907	0	2577
1908	2	2865
1909	0	2292
1910	0	2292
1912	2	3422
1913	0	2052
1914	0	1908
1915	0	1836
1916	0	1836
1917	0	1692
1918	0	1836
1919	2	3422
1920	0	1143
1921	0	903
1922	0	1143
1923	0	1143
1924	0	1143
1925	0	903
1926	0	903
1927	0	2052
1928	0	2052
1929	0	2292
1930	0	2577
1931	0	2052
1932	0	2865
1933	0	2865
1934	0	2673
1935	0	2865
1936	0	2673
1937	0	2577
1938	0	2292
1939	0	2292
1940	0	2292
1941	0	1692
1942	0	2292
1943	0	2292
1944	0	2292
1945	0	1908
1946	0	2292
1947	0	2292
1948	0	1764
1949	0	1031
1950	0	1620
1951	0	1287
1952	0	1287
1953	0	1431
1954	0	1287
1955	0	1287
1956	0	1620
1957	0	1143
1958	0	2577
1959	0	2577
1960	0	2865
1961	0	2481
1962	0	2961
1963	0	3422
1964	0	3422
1965	0	3422
1966	0	2481
1967	0	3182
1968	0	2673
1969	0	2865
1970	2	2961
1972	2	3422
1973	2	3422
1974	0	1031
1975	0	1031
1976	0	437
1977	0	1143
1978	0	1620
1979	2	3422
1980	0	2052
1981	0	1527
1982	0	1764
1983	0	1287
1984	0	2865
1985	0	1143
1986	0	2577
1987	0	2052
1988	0	2577
1989	0	2577
1990	0	2577
1991	0	2481
1992	0	2865
1993	0	2865
1994	0	2865
1995	0	2052
1996	0	2052
1997	0	1980
1998	0	1764
1999	0	2292
2000	0	2577
2001	0	1431
2002	0	1143
2003	0	1764
2004	0	2577
2005	0	2673
2006	0	2865
2007	0	2961
2008	0	2673
2009	0	1620
2010	0	1287
2011	0	903
2012	0	807
2013	0	293
2014	0	1620
2015	2	2961
2016	0	967
2017	0	1908
2018	0	2052
2019	0	2385
2020	0	3182
2021	2	293
2022	0	1479
2023	0	2385
2024	0	1836
2025	0	3182
2026	0	2865
2027	2	2385
2028	2	3182
2029	0	2577
2030	0	2292
2031	0	2196
2032	0	2577
2033	2	3182
2034	0	2577
2035	0	2292
2036	0	2292
2037	0	1764
2038	0	2292
2039	0	2292
2040	0	2292
2041	0	2124
2042	0	2292
2043	0	2292
2044	0	2292
2045	0	2292
2046	0	2577
2047	0	2577
2048	0	2577
2049	0	2577
2050	0	2577
2051	0	1980
2053	0	2577
2054	0	2292
2055	0	2292
2056	0	2577
2057	0	2577
2058	0	2577
2059	0	1620
2060	0	32
2061	0	645
2062	0	1431
2063	0	1287
2064	0	1431
2065	0	2577
2066	0	2577
2067	0	2577
2068	0	2673
2069	0	3182
2070	0	2577
2071	0	2196
2072	0	22
2073	0	3182
2074	0	2865
2075	0	2865
2076	0	2196
2077	0	2673
2078	2	2577
2079	0	2577
2080	0	93
2081	0	2385
2082	0	3182
2083	0	2865
2084	0	2673
2085	0	2865
2086	0	2865
2087	0	2865
2088	0	1620
2089	0	1764
2090	0	1908
2091	0	1764
2092	0	549
2093	0	717
2094	0	717
2095	0	645
2096	0	1620
2097	0	1764
2098	0	1692
2099	0	1908
2100	0	645
2101	0	225
2102	0	485
2103	0	485
2104	0	1620
2105	0	437
2106	0	1143
2107	0	1908
2108	0	1335
2109	0	2124
2110	0	1692
2111	0	749
2112	0	4251
2113	0	3182
2114	0	3963
2115	2	1908
2116	0	2292
2117	0	3422
2118	2	1692
2119	0	1764
2120	2	4251
2121	2	3182
2122	2	3963
2123	0	1620
2124	0	717
2125	2	3422
2126	0	807
2127	2	1764
2128	0	3182
2129	0	1479
2140	0	2865
2141	0	2385
2142	0	2385
2143	0	3182
2144	0	3422
2145	0	2673
2146	0	3182
2147	0	2481
2148	0	2577
2149	0	2196
2150	0	1980
2152	2	3422
2153	0	2292
2154	2	3182
2155	0	1908
2156	0	2292
2157	0	2292
2158	0	1692
2159	2	3182
2160	0	717
2161	0	717
2162	0	1143
2163	0	1287
2164	0	871
2165	0	1764
2166	0	2292
2167	0	2577
2168	0	533
2169	0	1287
2180	0	2292
2181	0	1431
2182	0	2292
2183	0	2292
2184	0	2292
2185	0	2292
2186	0	2292
2187	0	1527
2188	0	2052
2189	0	389
2190	0	573
2191	0	325
2192	0	573
2193	0	573
2194	0	1143
2195	0	317
2196	0	1287
2197	0	717
2198	0	1620
2199	0	2292
2200	0	1527
2201	0	1527
2202	0	1287
2203	0	1287
2204	0	1572
2205	0	2124
2206	0	999
2207	0	2577
2208	0	2865
2209	0	3182
2210	0	3422
2211	0	2673
2212	2	1572
2213	0	3422
2214	2	999
2215	0	1335
2216	2	2865
2217	2	3182
2218	2	3422
2219	2	2673
2220	0	1908
2222	0	1383
2223	0	1143
2224	0	1692
2225	0	1908
2226	0	2052
2227	0	1527
2228	0	1836
2229	2	3422
2230	0	1527
2231	0	1692
2232	0	2577
2233	0	2673
2234	0	2577
2235	0	2292
2236	0	2577
2237	0	2292
2238	0	2124
2239	0	2577
2240	0	2577
2241	0	1620
2242	0	1908
2243	0	2292
2244	0	2292
2245	0	2292
2246	0	1908
2247	0	2124
2248	0	2124
2249	0	1431
2250	0	1431
2251	0	1479
2252	0	1143
2253	0	1143
2254	0	1143
2255	0	1143
2256	0	317
2257	0	717
2258	0	2481
2259	0	3182
2260	0	3182
2261	0	2865
2262	0	3422
2263	0	3422
2264	0	2124
2265	0	2124
2266	0	693
2267	0	2577
2268	2	3182
2269	0	2865
2270	2	3422
2271	0	2481
2272	0	2577
2273	0	2577
2274	2	693
2275	0	1143
2276	0	55
2277	0	1287
2278	0	2292
2279	0	2292
2280	0	2292
2281	0	1908
2282	0	2292
2283	0	1143
2284	0	93
2285	0	1143
2286	0	2196
2287	0	2292
2288	0	2292
2289	0	2292
2290	0	1908
2291	0	2196
2292	0	2865
2293	0	3182
2294	0	2961
2295	0	2865
2296	0	2577
2297	0	2124
2298	0	2292
2299	0	2481
2300	0	2577
2301	0	1287
2302	0	2481
2303	0	2577
2304	0	2481
2305	0	2577
2306	0	2481
2307	0	2673
2308	0	2865
2309	0	1287
2310	0	717
2311	0	1431
2312	0	1620
2313	0	1431
2314	0	201
2315	0	2481
2316	0	2865
2317	0	2673
2318	0	1764
2319	0	1908
2320	0	967
2321	0	1383
2322	0	3963
2323	0	3963
2324	0	3422
2325	0	3422
2326	0	3182
2327	0	3422
2328	0	2865
2329	0	1908
2330	2	3963
2332	0	967
2333	2	3422
2334	2	3182
2335	0	871
2336	0	141
2337	0	1287
2338	0	1431
2339	2	3963
2340	0	967
2341	0	485
2342	0	807
2343	0	749
2344	0	1431
2345	2	1287
2346	0	775
2347	0	775
2348	0	1431
2349	0	871
2350	0	1095
2351	0	1191
2352	0	1287
2353	0	1692
2354	0	903
2355	0	3182
2356	0	1980
2357	0	2385
2358	0	2385
2359	0	2481
2360	0	3182
2361	0	2385
2362	0	3422
2363	0	3422
2364	0	3182
2365	0	2961
2366	0	2481
2367	0	3182
2368	2	3182
2369	2	2385
2370	2	3422
2372	0	2292
2373	0	2292
2374	0	871
2375	0	1479
2376	0	1908
2377	0	1143
2378	0	1431
2379	2	3422
2380	0	1431
2381	0	193
2382	0	1431
2383	0	1620
2384	0	1836
2385	0	1836
2386	0	1620
2387	0	2196
2388	0	1620
2389	0	1836
2390	0	1287
2391	0	1431
2392	0	1239
2393	2	1836
2394	0	2673
2395	0	2385
2397	0	1095
2398	0	1095
2399	0	2481
2400	0	3182
2401	0	597
2402	0	1479
2403	0	1239
2404	0	1479
2405	0	1479
2406	0	645
2407	0	1431
2408	2	3182
2409	0	1692
2410	0	1764
2411	0	2052
2412	0	2865
2413	0	3182
2414	0	2961
2415	0	2481
2416	0	3182
2417	0	2865
2418	0	2196
2419	2	2052
2420	2	2865
2422	0	1527
2423	0	1527
2424	0	1764
2425	0	1764
2426	0	839
2427	0	573
2428	0	1031
2429	2	3182
2430	0	1031
2431	0	201
2432	0	1143
2433	0	839
2434	0	597
2435	0	903
2436	0	1143
2437	0	1143
2438	0	1031
2439	0	1063
2440	0	1095
2441	0	217
2442	0	1980
2443	0	1836
2444	0	2052
2445	0	1836
2446	0	1287
2447	0	533
2448	2	1095
2449	0	2577
2450	0	2865
2451	0	2673
2452	0	2865
2453	0	2865
2454	0	2865
2455	0	1620
2456	0	1063
2457	0	1143
2458	2	2865
2459	0	389
2460	0	999
2461	0	217
2462	0	1431
2463	0	1836
2464	0	2292
2465	0	2577
2466	0	2577
2467	0	2292
2468	0	2577
2469	0	2481
2470	0	2292
2471	0	2673
2472	0	2673
2473	0	2577
2474	0	2292
2475	0	2292
2476	0	1764
2477	0	2292
2478	0	2292
2479	0	2292
2480	0	1908
2481	0	645
2482	0	2292
2483	0	2124
2484	0	1764
2485	0	1836
2486	0	1836
2487	0	1764
2488	0	1764
2489	0	807
2490	0	1479
2491	0	1620
2492	0	2052
2493	0	2196
2494	0	2052
2495	0	2292
2496	0	2292
2497	0	2292
2498	2	1479
2499	0	2052
2500	0	1980
2501	0	1095
2502	0	2052
2503	2	2292
2504	0	1836
2505	0	2052
2506	0	2052
2507	0	1620
2508	0	1063
2509	0	871
2510	0	485
2511	0	807
2512	0	645
2513	0	573
2514	0	717
2515	0	717
2516	0	573
2517	0	999
2518	2	485
2519	2	807
2520	0	285
2521	0	533
2522	0	1143
2523	0	1239
2524	0	1095
2525	0	1479
2526	0	1764
2527	0	1287
2528	0	1063
2529	0	1287
2530	0	1431
2531	0	807
2532	0	775
2533	2	1479
2534	0	1620
2535	0	1764
2536	0	1335
2537	0	1335
2538	0	1908
2539	0	2385
2540	0	2865
2541	0	1572
2542	0	1836
2543	2	1764
2544	0	1620
2545	0	1836
2546	0	1620
2547	0	1764
2548	2	2865
2549	0	1479
2550	0	1620
2551	0	2052
2552	0	2961
2553	2	1836
2554	0	2865
2555	0	3182
2556	0	2865
2557	0	1287
2558	0	1620
2559	0	1836
2560	0	645
2561	0	999
2562	0	1431
2563	2	3182
2564	0	807
2565	0	1143
2566	0	1287
2567	2	1836
2568	0	1431
2569	0	1620
2570	0	1287
2571	0	1479
2572	0	1287
2573	0	1479
2574	0	2865
2575	0	2865
2576	0	2292
2577	0	2577
2578	0	1287
2579	0	1479
2580	0	1620
2581	0	1287
2582	0	1836
2583	2	2865
2584	0	1431
2585	0	1287
2586	0	1287
2587	0	871
2588	0	871
2589	0	903
2590	0	1620
2591	0	903
2592	0	1431
2593	0	1431
2594	0	1287
2595	0	2196
2596	0	1287
2597	0	1836
2598	0	1620
2599	0	485
2600	0	1431
2601	0	453
2602	0	1335
2603	0	1479
2604	0	1431
2605	0	2052
2606	0	807
2607	0	1980
2608	2	1431
2609	2	453
2610	0	1764
2611	0	1620
2612	0	2292
2613	0	3182
2614	0	3422
2615	0	1572
2616	0	2481
2617	0	2292
2618	0	2577
2619	0	2865
2620	2	2292
2621	0	2673
2622	0	2865
2623	0	2481
2624	0	2865
2625	0	1836
2626	0	2292
2627	0	2865
2628	0	2052
2629	0	1764
2630	0	2577
2631	0	1620
2632	0	2577
2633	0	1287
2634	0	1479
2635	0	1479
2636	2	2052
2637	0	775
2638	0	1287
2639	0	1287
2640	0	1479
2641	0	1479
2642	0	2673
2643	0	3182
2644	0	3182
2645	0	2481
2646	0	2865
2647	0	1980
2648	0	3182
2649	0	3422
2650	0	2865
2651	0	1572
2652	0	2961
2653	2	2481
2654	2	2865
2655	0	2292
2656	0	2292
2657	0	2196
2658	0	1431
2659	0	389
2660	0	1287
2661	0	32
2662	0	1143
2663	0	1143
2664	0	1143
2665	0	2292
2666	0	2292
2667	0	2481
2668	0	1620
2669	0	1764
2670	0	1908
2671	0	1572
2672	0	1692
2673	0	3422
2674	0	3182
2675	0	2865
2676	0	2865
2677	0	2961
2678	0	3422
2679	0	3422
2680	2	1692
2682	2	3182
2683	0	2292
2684	2	2865
2685	0	2052
2686	2	3422
2687	2	3422
2688	0	1191
2689	2	3422
2690	0	1383
2691	0	1527
2692	0	1620
2693	0	1620
2694	0	1620
2695	0	1620
2696	0	775
2697	0	903
2698	0	903
2699	0	903
2710	0	2292
2711	0	1764
2712	0	1031
2713	0	1431
2714	0	1908
2715	0	1764
2716	0	1764
2717	0	1620
2718	0	1764
2719	0	1764
2720	0	1764
2721	0	1143
2722	0	1287
2723	0	2052
2724	0	2196
2725	0	2481
2726	0	2292
2727	0	2865
2728	2	1764
2729	0	573
2739	0	1620
2740	2	1287
2741	0	1692
2742	0	1908
2743	0	1908
2744	0	2052
2745	0	2052
2746	0	1908
2747	0	2124
2748	0	1287
2749	0	2577
2750	0	2124
2751	0	2124
2752	0	2292
2753	0	2124
2754	0	2052
2755	0	2052
2756	0	2052
2757	0	2292
2758	0	2292
2769	0	1287
2770	0	1143
2771	0	1031
2772	0	1143
2773	0	1431
2774	0	1143
2775	0	1143
2776	0	1620
2777	0	1620
2778	0	1287
2779	0	1620
2780	0	1836
2781	0	999
2782	0	1620
2783	0	1620
2784	0	1572
2785	0	1836
2786	0	807
2787	0	1980
2788	0	1980
2789	0	1239
2790	0	2385
2791	0	1335
2792	0	1692
2793	2	1836
2794	0	1620
2795	0	1143
2796	0	1836
2797	2	1239
2798	0	1620
2799	2	1335
2800	2	1692
2801	0	253
2802	0	1143
2803	2	1143
2804	2	1836
2805	0	1287
2806	0	1143
2807	0	1287
2808	0	999
2819	0	2124
2820	0	2292
2821	0	1287
2822	0	2292
2823	0	2292
2824	0	2124
2825	0	2124
2826	0	1908
2827	0	2292
2828	0	1908
2829	0	1287
2830	0	1431
2831	0	967
2832	0	1431
2833	0	1287
2834	0	1287
2835	0	1287
2836	0	1287
2837	0	1143
2838	0	1431
2839	0	807
2840	0	1095
2841	0	621
2842	0	2673
2843	0	2865
2844	0	2577
2845	0	2577
2846	0	2577
2847	0	2292
2848	0	2673
2849	0	2865
2850	0	2961
2851	0	2052
2852	0	2196
2853	0	2292
2854	0	2292
2855	0	2292
2856	0	1908
2857	0	2292
2858	2	2961
2859	0	1143
2860	0	1287
2861	0	573
2862	0	1143
2863	0	389
2864	0	405
2865	0	693
2866	0	1031
2867	0	1764
2868	0	2292
2869	0	2865
2870	0	3182
2871	0	2673
2872	0	1287
2873	0	357
2874	0	967
2875	0	1335
2876	0	1620
2877	0	1620
2878	2	3182
2879	0	1031
2880	0	1287
2881	0	717
2882	0	1620
2883	2	1335
2884	0	2865
2885	0	2052
2886	0	2577
2887	0	1287
2888	0	2865
2889	0	2865
2890	0	1479
2891	0	1620
2892	0	2577
2893	0	2292
2894	0	2577
2895	0	1287
2896	0	2292
2897	0	2865
2898	0	2577
2899	0	1620
2900	0	903
2901	0	1095
2902	0	1479
2903	0	105
2904	0	105
2905	0	1620
2906	0	2865
2907	0	967
2908	0	1620
2909	0	3182
2910	0	1764
2911	0	3182
2912	0	2961
2913	0	3182
2914	2	2865
2915	0	22
2916	2	1620
2917	2	3182
2918	0	2577
2919	2	3182
2920	2	2961
2921	0	1287
2922	0	2124
2923	0	2052
2924	0	2196
2925	0	1980
2926	2	2577
2927	0	2124
2928	0	1287
2929	0	967
2930	0	717
2931	0	903
2932	0	1143
2933	0	341
2934	0	693
2936	0	341
2937	0	871
2938	0	1031
2939	0	1836
2940	0	1143
2941	0	573
2942	0	717
2943	0	2577
2944	0	2577
2945	0	2961
2946	0	2481
2947	0	2292
2948	0	2292
2949	0	2961
2950	0	1335
2951	0	3182
2952	0	3182
2953	0	2865
2954	0	2865
2955	0	2865
2956	0	2196
2957	0	2865
2958	0	1836
2959	0	3422
2960	0	3182
2961	0	2385
2962	0	3182
2963	0	2865
2964	0	2865
2965	0	2961
2966	0	2961
2967	0	3182
2968	0	2385
2969	0	3182
2970	0	2961
2971	0	2961
2972	0	2481
2973	2	2961
2974	2	2961
2975	0	2865
2976	0	2865
2977	0	2865
2978	2	2961
2979	2	2961
2980	2	2481
2981	0	1908
2982	0	2052
2983	0	2292
2984	0	2292
2985	0	2292
2986	0	1908
2987	0	1836
2988	0	2292
2989	0	2124
2990	0	645
2991	0	2124
2992	0	2292
2993	0	2124
2994	0	1620
2995	0	645
2996	0	871
2997	0	1908
2998	0	2577
2999	0	2865
3000	0	2577
3001	0	2481
3002	0	2481
3003	0	1239
3004	0	1143
3005	0	3182
3006	0	3182
3007	0	2865
3008	0	2865
3009	0	2673
3010	0	2577
3011	0	2196
3012	0	2673
3013	2	3182
3014	2	3182
3015	0	2577
3016	0	1908
3017	0	1980
3018	0	2052
3019	0	2196
3020	2	2673
3021	0	1063
3022	0	2124
3023	0	1908
3024	0	2124
3025	0	1764
3026	0	1764
3027	0	1908
3028	0	1527
3029	0	0
3030	0	1287
3031	0	1143
3032	0	1287
3033	0	1287
3034	0	1764
3035	0	1031
3036	0	1527
3037	0	1431
3038	0	1287
3039	0	967
3040	0	1287
3041	0	1431
3042	0	2052
3043	0	1620
3044	0	903
3045	0	1287
3046	0	1764
3047	0	1287
3048	0	1620
3049	0	1479
3050	0	1620
3051	0	1479
3052	0	1287
3053	0	999
3054	0	999
3055	0	1287
3056	0	999
3057	0	999
3058	0	1095
3059	0	749
3060	2	1287
3061	0	1095
3062	0	1620
3063	0	1431
3064	0	1143
3065	0	1980
3066	0	717
3067	0	1764
3068	0	1980
3069	0	1620
3070	0	1620
3071	0	1335
3072	0	1620
3073	0	1431
3074	0	1836
3075	0	1980
3076	0	1764
3077	0	1980
3078	0	1980
3079	0	2124
3080	0	2385
3081	0	1908
3082	0	1980
3083	0	453
3084	0	2124
3085	0	903
3086	0	3182
3087	0	1572
3088	2	2385
3089	0	1764
3090	0	1980
3091	0	1572
3092	0	1908
3093	2	903
3094	2	3182
3095	2	1572
3096	0	1287
3097	0	2865
3098	2	1980
3099	0	2865
3100	0	2865
3101	0	1239
3102	0	2577
3103	0	2292
3104	0	2052
3105	0	1908
3106	0	1764
3107	0	1692
3108	0	1908
3109	0	1031
3110	0	2577
3111	0	2124
3112	0	2292
3113	0	1764
3114	0	2292
3115	0	1908
3116	0	1431
3117	0	2292
3118	0	2577
3119	0	2292
3120	0	2577
3121	0	1620
3122	0	2577
3123	0	2196
3124	0	2673
3125	0	2961
3126	0	2865
3127	0	2577
3128	0	2577
3129	0	1143
3130	0	1764
3131	0	1431
3132	0	2385
3133	0	2292
3134	0	2865
3135	0	2865
3136	0	2865
3137	0	2577
3138	0	1836
3139	0	1908
3140	0	2865
3141	0	2673
3142	0	3182
3143	0	3182
3144	0	3182
3145	0	2961
3146	0	2052
3147	0	3422
3148	2	2865
3149	2	2673
3150	2	3182
3152	2	3182
3153	2	2961
3154	0	1287
3155	2	3422
3156	0	903
3157	0	1527
3158	0	1836
3159	2	3182
3160	0	405
3161	0	573
3162	0	453
3164	0	1031
3165	0	1908
3166	0	1836
3167	0	1191
3168	0	775
3169	0	1143
3170	0	1287
3171	0	2481
3172	0	1620
3173	0	2124
3174	0	1692
3175	0	2124
3176	0	2052
3177	0	2292
3178	0	2577
3179	0	2577
3180	0	2577
3181	0	1479
3182	0	2577
3183	0	533
3184	0	2577
3185	0	2577
3186	0	1692
3187	0	2577
3188	0	2292
3189	0	2292
3190	0	2292
3191	0	1287
3192	0	2865
3193	0	2577
3194	0	1836
3195	0	1908
3196	0	2292
3197	0	2292
3198	0	2292
3199	0	1287
3200	0	437
3201	0	871
3202	0	871
3203	0	1620
3204	0	85
3205	0	1836
3206	0	1620
3207	0	2577
3208	0	2673
3209	0	3182
3210	0	2292
3211	0	2052
3212	0	3182
3213	0	2124
3214	0	3422
3215	0	2865
3216	0	3182
3217	0	2961
3218	2	2292
3219	0	1620
3220	0	2052
3221	0	1980
3222	2	3422
3223	0	1620
3224	0	2196
3225	0	2196
3226	0	1479
3227	0	871
3228	0	1287
3229	0	1479
3230	0	47
3231	0	871
3232	0	1143
3233	2	2196
3234	0	871
3235	0	717
3236	0	807
3237	0	2673
3238	0	2865
3239	0	2673
3240	0	1764
3241	0	2481
3242	0	2865
3243	0	2865
3244	0	3182
3245	0	3422
3246	0	2481
3247	0	2865
3248	0	2961
3249	0	3182
3250	0	3182
3251	0	2673
3252	0	2865
3253	2	3422
3254	2	2481
3255	2	2865
3256	2	2961
3257	0	2052
3258	2	3182
3259	0	2052
3260	2	2865
3261	0	1143
3262	0	1287
3263	0	903
3264	0	1031
3265	0	1287
3266	0	1031
3267	0	1143
3268	0	1287
3269	0	573
3270	0	1287
3271	0	2481
3272	0	2196
3273	0	2865
3274	0	2961
3275	0	3182
3276	0	2385
3277	0	3182
3278	0	3422
3279	0	2865
3280	0	2865
3281	0	1980
3282	0	2577
3283	0	2577
3284	0	1692
3285	2	3182
3286	2	3422
3287	2	2865
3288	2	2865
3289	0	573
3290	0	1527
3291	0	1431
3292	0	1527
3293	0	1031
3294	0	2052
3295	0	1287
3296	0	1620
3297	0	1620
3298	0	1527
3299	0	1527
3300	0	717
3301	0	1031
3302	0	2124
3303	0	2124
3304	0	1908
3305	0	1764
3306	0	1692
3307	0	2577
3308	0	2196
3309	0	2865
3310	0	1431
3311	0	2673
3312	0	2577
3313	0	2577
3314	0	2481
3315	0	2865
3316	0	2577
3317	0	2577
3318	0	2577
3319	0	2865
3320	0	2865
3322	0	2577
3323	2	2865
3324	2	2577
3325	0	2052
3326	0	2052
3327	0	2052
3328	0	2052
3329	0	225
3330	0	717
3331	0	285
3332	0	573
3333	0	693
3334	0	573
3335	0	573
3336	0	903
3337	0	2052
3338	0	1980
3339	0	2865
3340	0	1479
3341	0	1980
3342	0	1620
3343	0	1620
3344	0	1479
3345	0	2577
3346	0	2124
3347	0	2577
3348	0	2577
3349	2	1980
3350	0	1287
3351	0	2481
3352	0	2865
3353	0	1431
3354	0	2673
3355	0	2865
3356	0	2577
3357	0	1692
3358	0	2292
3359	0	2577
3360	0	2577
3361	0	285
3362	0	2292
3363	0	2577
3364	0	2577
3365	0	1287
3366	0	1479
3367	0	1479
3368	0	1479
3369	0	193
3370	0	2196
3371	0	2673
3372	0	2865
3373	0	2196
3374	0	2673
3375	0	3182
3376	0	3422
3377	0	3422
3378	0	3182
3379	0	3422
3380	0	3182
3381	0	2196
3382	0	2673
3383	0	1620
3384	0	2673
3385	0	2673
3386	0	1620
3387	2	3422
3388	0	1980
3389	0	2577
3399	0	1287
3400	0	1479
3401	0	437
3402	0	1287
3403	0	1287
3404	0	1143
3405	0	1287
3406	0	1287
3407	0	1287
3408	0	1836
3409	0	1980
3410	0	1908
3411	0	1287
3412	0	2124
3413	0	1908
3414	0	645
3415	0	1980
3416	0	1908
3417	2	1980
3418	2	1908
3419	0	1620
3420	0	1836
3421	2	1908
3422	2	645
3423	2	1980
3424	2	1908
3425	0	2577
3426	0	2292
3427	0	2292
3428	0	2577
3429	0	2577
3430	0	645
3431	0	1692
3432	0	1836
3433	0	1692
3434	0	1836
3435	0	1836
3436	0	2052
3437	0	2292
3438	0	2124
3439	0	2577
3440	0	2196
3441	0	1908
3442	0	2292
3443	0	1620
3444	0	2292
3445	0	2292
3446	0	2292
3447	0	2577
3448	0	2577
3449	0	1287
3450	0	1479
3451	0	1479
3452	0	1620
3453	0	1620
3454	0	1479
3455	0	1479
3456	0	807
3457	0	2577
3458	0	2865
3459	0	3182
3460	0	3422
3461	0	2196
3462	0	3422
3463	0	3662
3464	0	3662
3465	0	3422
3466	0	2961
3467	0	3182
3468	2	3422
3469	0	2577
3470	2	3422
3472	2	3662
3473	2	3422
3474	0	2052
3475	2	3182
3476	0	2052
3477	0	1908
3478	0	1836
3490	0	903
3491	0	903
3492	0	999
3493	0	333
3494	0	1431
3495	0	1620
3496	0	1527
3497	0	1527
3498	0	2292
3499	0	2292
3500	0	2577
3501	0	1620
3502	0	2577
3503	0	2577
3504	0	2292
3505	0	2292
3506	0	2292
3507	0	2292
3508	0	2292
3509	0	2292
3510	0	2577
3511	0	2124
3512	0	2292
3513	0	2292
3514	0	1908
3515	0	2292
3516	0	1908
3517	0	1908
3518	0	1908
3519	0	2292
3520	0	2292
3521	0	871
3522	0	1908
3523	0	2577
3524	0	2577
3525	0	2577
3526	0	1620
3527	0	533
3528	0	2865
3539	0	2673
3540	0	2577
3541	0	1980
3542	0	2577
3543	0	2865
3544	2	3182
3545	0	2577
3546	0	2577
3547	0	2577
3548	0	2577
3549	0	1287
3550	0	1287
3551	0	1143
3552	0	871
3553	0	285
3554	0	807
3555	0	285
3557	0	1764
3558	0	1287
3559	0	1620
3560	0	2196
3561	0	1980
3562	0	3422
3563	0	3422
3564	0	3662
3565	0	3662
3566	0	3422
3567	0	3422
3568	0	3422
3569	0	3662
3570	0	2865
3571	0	2673
3572	0	3182
3573	0	3182
3574	0	3182
3575	0	2865
3577	0	2865
3578	2	2865
3579	2	2673
3580	0	2577
3581	0	2196
3582	0	2577
3583	0	2577
3584	0	2577
3585	0	2577
3586	0	2577
3587	0	1692
3588	0	2577
3589	0	2577
3590	0	2577
3591	0	2052
3592	0	2577
3593	0	2577
3594	0	2577
3595	0	2577
3596	0	2577
3597	0	2577
3598	0	2577
3599	0	1287
3600	0	1287
3601	0	645
3602	0	1287
3603	0	1095
3604	0	967
3605	0	2577
3606	0	2292
3607	0	1287
3608	0	1620
3610	0	967
3611	0	1287
3612	0	1764
3613	0	1764
3614	0	1620
3615	0	1620
3616	0	1764
3618	0	2865
3619	0	3422
3620	0	3422
3621	0	2865
3622	2	1620
3623	0	3182
3624	0	3662
3625	0	3662
3626	0	2577
3627	0	3422
3628	0	3182
3629	0	3182
3630	0	2673
3631	0	3182
3632	0	3422
3633	0	3182
3634	0	3182
3635	0	3422
3636	0	3182
3637	0	3182
3638	0	2961
3639	0	3182
3649	0	1620
3650	2	2961
3651	0	999
3652	0	1287
3653	0	1287
3654	0	1692
3655	0	2673
3656	0	2865
3657	0	2865
3658	0	2673
3659	0	1836
3660	0	1908
3661	0	1572
3662	0	2673
3663	2	2673
3664	0	2673
3665	0	2673
3666	0	1836
3667	0	2865
3668	2	1908
3669	0	3182
3670	0	2577
3671	0	1980
3672	0	3182
3673	0	2865
3674	0	2673
3675	0	2865
3676	0	2865
3677	0	2865
3678	2	2577
3679	0	999
3680	0	967
3681	0	749
3682	0	807
3683	0	807
3684	0	1431
3685	0	1620
3686	0	1431
3687	0	1431
3688	0	1572
3689	0	2196
3690	0	3182
3691	0	2577
3692	2	1431
3693	0	3182
3694	0	2865
3695	0	2577
3696	0	2577
3697	0	1287
3698	2	3182
3699	2	2577
3700	0	1287
3701	0	517
3702	0	1143
3703	0	2292
3704	0	2577
3705	0	2577
3706	0	2961
3707	0	2961
3708	0	2865
3709	0	1980
3710	0	1335
3711	0	2124
3712	0	3182
3713	0	3182
3714	0	2961
3715	0	2961
3716	0	3182
3717	0	3182
3718	0	3422
3719	0	3422
3720	0	2865
3721	0	2124
3722	0	3182
3723	2	2961
3724	0	2865
3725	0	2865
3726	0	2865
3727	0	2865
3728	0	2865
3729	0	2961
3730	0	3182
3731	0	1764
3732	0	3182
3733	0	3182
3734	0	2865
3735	0	2961
3736	0	2865
3737	0	3182
3738	0	3182
3739	0	1620
3740	0	549
3741	0	1191
3742	0	1764
3743	0	1764
3744	0	1095
3745	0	1764
3746	0	669
3747	0	2481
3748	0	3182
3749	0	3662
3750	0	3662
3751	0	3422
3752	0	2481
3753	0	4251
3754	0	3662
3755	0	3662
3756	0	3182
3757	0	3422
3758	0	3422
3759	0	3422
3762	0	1764
3763	0	1764
3764	0	201
3765	0	1572
3766	0	3182
3767	0	3182
3768	0	3182
3769	2	4251
3770	0	1764
3771	0	2961
3772	0	2961
3773	0	3422
3774	0	3422
3775	0	3422
3776	0	2673
3777	0	3182
3778	0	3182
3779	0	3422
3780	0	3422
3782	2	3422
3783	2	3422
3784	2	2673
3785	2	3182
3786	2	3182
3787	2	3422
3788	2	3422
3789	2	3422
3790	0	485
3791	0	1620
3792	0	2577
3793	0	2577
3794	0	2292
3795	0	2292
3796	0	2292
3797	0	2124
3798	0	1431
3799	0	967
3800	0	871
3801	0	437
3802	0	871
3803	0	871
3804	0	871
3805	0	1143
3806	0	437
3807	0	807
3808	0	1620
3809	0	2292
3810	0	2385
3811	0	1980
3812	0	3182
3813	0	26
3814	0	201
3815	0	225
3816	0	1572
3817	0	3422
3818	0	3422
3819	0	3422
3820	0	2865
3821	0	2961
3822	0	3422
3823	0	2865
3824	0	2292
3825	2	3422
3826	2	3422
3827	0	3182
3828	2	2865
3829	0	2865
3830	2	3422
3831	0	93
3832	0	1479
3833	0	1620
3834	0	1479
3835	0	1287
3836	0	285
3837	0	2577
3838	0	2577
3839	0	2577
3840	0	2124
3841	0	1836
3842	0	2961
3843	0	3182
3844	0	1980
3845	0	1908
3846	0	1764
3847	0	717
3848	0	1620
3849	0	1479
3850	0	807
3851	0	2673
3852	0	2673
3853	0	2961
3854	0	2961
3855	0	2961
3856	0	2052
3857	0	2865
3858	0	3182
3859	0	3182
3860	0	807
3861	0	807
3862	0	2865
3863	0	2865
3864	0	807
3865	0	2961
3866	0	2865
3867	0	2865
3868	0	1620
3869	0	903
3870	0	249
3871	0	775
3872	0	453
3873	2	2961
3874	0	549
3875	0	201
3876	0	201
3877	0	357
3878	0	1095
3879	2	775
3880	0	389
3881	0	325
3882	0	485
3883	2	201
3884	0	1692
3885	0	2052
3886	0	2124
3887	0	749
3888	0	1095
3889	0	1287
3890	0	1572
3891	0	1063
3892	0	2673
3893	0	1431
3894	0	717
3895	2	749
3896	0	967
3897	0	2961
3898	0	3182
3899	2	1063
3900	0	1620
3901	0	1431
3902	0	3182
3903	0	3182
3904	0	1836
3905	0	2481
3906	0	2673
3907	0	2865
3908	0	2292
3909	0	2865
3910	0	2673
3911	0	1980
3912	0	1620
3913	0	1572
3914	0	2292
3915	0	2865
3916	0	2292
3917	0	2865
3918	0	2865
3919	0	2196
3920	0	807
3921	0	903
3922	2	2292
3923	0	2865
3924	0	2673
3925	0	1431
3926	0	2865
3927	0	1980
3928	0	1620
3929	0	967
3930	0	1095
3931	0	485
3932	0	1479
3933	0	1620
3934	2	2865
3935	0	1287
3936	0	1287
3937	0	1620
3938	0	1620
3939	0	357
3940	0	249
3941	0	597
3943	0	405
3944	0	1620
3945	0	549
3946	0	389
3947	0	1764
3948	2	249
3949	2	597
3950	0	2124
3951	2	405
3952	0	903
3953	0	1031
3954	2	389
3955	0	775
3956	0	2292
3957	0	1764
3958	2	2124
3959	0	693
3960	0	1031
3961	0	1431
3962	0	1287
3963	0	1143
3964	0	1287
3965	0	1692
3966	0	1692
3967	0	2124
3968	0	2577
3969	0	2865
3970	0	2865
3971	0	2673
3972	0	2961
3973	0	3182
3974	0	3182
3975	0	2865
3976	0	967
3977	2	2865
3978	0	2292
3979	0	2292
3980	0	2292
3982	0	2052
3983	2	2865
3984	0	1287
3985	0	2052
3986	0	1431
3987	0	999
3988	0	1908
3989	2	3182
3990	0	1431
3991	0	903
3992	0	1527
3993	0	2052
3994	0	1908
3995	0	2292
3996	0	2577
3997	0	1908
3998	0	2124
3999	0	1143
4000	0	1287
4001	0	807
4002	0	1143
4003	0	1143
4004	0	1143
4005	0	1143
4006	0	1143
4007	0	871
4008	0	2196
4009	0	1287
4010	0	1431
4011	0	1572
4012	0	3182
4013	0	3422
4014	0	3422
4015	0	3422
4016	0	2673
4017	0	3182
4018	0	3182
4019	0	1980
4020	0	3182
4022	2	3422
4023	2	3422
4024	2	2673
4025	2	3182
4026	2	3182
4027	2	1980
4028	2	3182
4030	0	1620
4031	0	1527
4032	0	1095
4033	0	1431
4034	0	1431
4035	0	1431
4036	0	1191
4037	2	3422
4038	0	1431
4039	0	1431
4050	0	999
4051	0	749
4052	0	807
4053	0	999
4054	0	903
4055	0	1620
4056	0	1692
4057	0	1836
4058	0	1836
4059	0	807
4060	0	903
4061	0	573
4062	0	903
4063	0	1031
4064	0	1031
4065	0	775
4066	0	1692
4067	0	1692
4068	0	2292
4069	0	2052
4070	0	2577
4071	0	2124
4072	0	2052
4073	0	2052
4074	0	2292
4075	0	2292
4076	0	2292
4077	0	2292
4078	0	2292
4079	0	2292
4080	0	2292
4081	0	1692
4082	0	2292
4083	0	2292
4084	0	2577
4085	0	2196
4086	0	2196
4087	0	2196
4088	0	2196
4089	0	2292
4100	0	1479
4101	0	999
4102	0	2673
4103	0	2865
4104	0	2865
4105	0	2865
4106	0	2865
4107	0	1479
4108	0	1620
4109	0	1764
4110	0	3422
4111	0	2961
4112	0	2961
4113	2	2865
4114	2	2865
4115	0	1143
4116	0	1479
4117	0	2865
4118	0	3182
4119	0	2865
4120	0	2865
4121	0	1836
4122	0	2865
4123	0	2196
4124	0	2673
4125	0	3422
4126	0	3182
4127	0	2961
4128	0	2865
4129	0	2865
4130	0	2865
4131	0	2292
4132	0	2577
4133	0	2865
4134	0	2865
4135	0	2865
4136	0	2961
4137	0	2865
4138	0	2961
4139	0	1620
4140	0	1764
4141	0	201
4142	0	1620
4143	0	1620
4144	0	669
4145	0	2961
4146	0	3182
4147	0	3182
4148	0	1908
4149	0	3662
4150	0	2124
4151	0	3822
4152	0	3662
4153	0	3542
4154	0	3662
4155	0	3422
4156	0	3182
4157	2	3662
4158	0	2865
4159	2	3822
4160	0	2196
4161	2	3542
4162	2	3662
4163	2	3422
4164	2	3182
4165	0	1287
4166	0	1287
4167	0	1031
4168	0	253
4169	0	645
4170	0	775
4171	0	1143
4172	0	389
4173	0	389
4174	0	389
4175	0	1143
4176	0	1143
4177	0	1143
4178	0	2052
4179	0	2577
4189	0	807
4190	0	1095
4191	0	2673
4192	0	3182
4193	0	3182
4194	0	3422
4195	0	3422
4196	0	3422
4197	0	1692
4198	0	3662
4199	0	3662
4200	0	3422
4201	2	3182
4202	2	3422
4203	2	3422
4204	2	3422
4205	0	533
4206	2	3662
4207	2	3662
4208	2	3422
4209	0	485
4210	0	775
4211	0	967
4212	0	967
4213	0	485
4214	0	2577
4215	0	1143
4216	0	533
4217	0	389
4218	0	485
4219	0	1620
4220	0	1431
4221	0	269
4222	0	1764
4223	0	1431
4224	0	1143
4225	0	967
4226	0	999
4227	0	3182
4228	0	3422
4229	0	2577
4230	0	2124
4231	2	1431
4232	0	1431
4233	0	903
4234	2	999
4235	2	3182
4236	2	3422
4237	2	2577
4238	2	2124
4239	0	717
4240	0	437
4241	0	437
4242	0	871
4243	0	1335
4244	0	775
4245	0	871
4246	0	1620
4247	0	775
4248	0	437
4249	0	903
4250	0	1031
4251	0	775
4252	0	573
4253	0	501
4254	0	999
4255	0	501
4256	0	201
4257	0	645
4258	0	1692
4259	0	1908
4260	0	1692
4261	0	317
4262	0	2052
4263	0	2052
4264	0	517
4265	0	903
4266	0	1143
4267	0	1031
4268	0	1031
4269	0	1620
4270	0	1692
4271	0	1620
4272	0	2052
4273	0	1287
4274	0	1287
4275	0	1479
4276	0	1620
4277	0	3182
4278	0	2961
4279	0	2865
4280	0	2577
4281	0	573
4282	0	1479
4283	0	1620
4284	0	1764
4285	0	3422
4286	0	2961
4287	0	2481
4288	0	2196
4289	0	1143
4290	0	1431
4291	0	325
4292	0	1836
4293	2	3422
4294	0	645
4295	0	1908
4296	0	389
4297	0	1692
4298	0	2577
4299	0	2292
4300	0	1836
4301	0	517
4302	0	1836
4303	0	2292
4304	0	389
4305	0	2865
4306	0	2577
4307	0	1431
4308	0	2292
4309	0	1287
4310	0	1527
4311	0	1692
4312	0	1692
4313	2	2865
4314	0	1908
4315	0	1908
4316	0	1836
4317	0	1143
4318	0	2124
4319	0	2292
4320	0	2292
4321	0	871
4322	0	1431
4323	0	2292
4324	0	2292
4325	0	1431
4326	0	2577
4327	0	2577
4328	0	2577
4329	0	645
4330	0	871
4331	0	1479
4332	0	1479
4333	0	807
4334	0	1479
4335	0	1479
4336	0	871
4337	0	405
4338	0	967
4339	0	2865
4340	0	669
4341	0	1764
4342	0	3422
4343	0	3422
4344	0	2577
4345	0	2124
4346	0	1479
4347	0	2865
4348	0	2196
4349	0	1287
4350	0	2124
4351	0	1335
4352	0	2292
4353	0	2292
4354	0	1620
4355	2	2865
4356	0	1095
4357	0	1191
4358	2	2124
4359	2	1335
4360	0	775
4361	0	573
4362	0	717
4363	0	437
4365	2	1191
4366	0	193
4367	0	645
4368	0	573
4369	0	1287
4370	0	871
4371	0	357
4372	0	807
4373	0	807
4374	0	1908
4375	0	1764
4376	0	1764
4377	0	967
4378	0	1620
4379	0	2124
4380	0	1620
4381	0	2196
4382	0	2196
4383	0	2196
4384	0	2577
4385	0	1692
4386	0	1692
4387	0	2577
4388	0	1692
4389	0	2865
4390	0	2577
4391	0	1692
4392	0	2292
4393	0	2292
4394	0	2292
4395	0	2052
4396	0	2052
4397	0	2052
4398	0	1908
4399	0	1620
4400	0	1287
4401	0	1063
4402	0	1287
4403	0	1143
4404	0	1287
4405	0	1287
4406	0	717
4407	0	2052
4408	0	2865
4409	0	2961
4410	0	3182
4411	0	1908
4412	0	2124
4413	0	3422
4414	0	1692
4415	0	3182
4417	0	2961
4418	2	3182
4419	0	2196
4420	0	2865
4422	2	1692
4423	2	3182
4424	0	1764
4425	0	2292
4426	0	1620
4427	0	2577
4428	0	2577
4429	2	3422
4430	0	1287
4431	0	193
4432	0	169
4433	0	1287
4434	0	967
4435	0	2577
4436	0	2577
4437	0	2577
4438	0	2292
4439	0	2577
4440	0	2124
4441	0	2673
4442	0	3182
4443	0	3182
4444	0	2865
4445	0	2865
4446	0	2865
4447	0	2865
4448	0	2865
4449	0	2865
4450	0	2865
4451	0	2673
4452	0	2865
4453	2	2865
4454	0	2577
4455	2	2865
4456	0	2292
4457	0	2292
4458	0	2292
4459	0	2292
4460	0	2292
4461	0	1692
4462	0	2577
4463	0	2577
4464	0	2052
4465	0	2481
4466	0	2577
4467	0	2577
4468	0	2577
4469	0	1287
4470	0	1479
4471	0	1335
4472	0	999
4473	0	1620
4474	0	1095
4475	0	1095
4476	0	1620
4477	0	807
4478	0	903
4479	0	999
4480	0	1692
4481	0	693
4482	0	1335
4483	0	269
4484	0	1287
4485	0	3422
4486	0	1908
4487	0	3182
4488	0	3422
4489	0	3422
4490	2	1335
4491	2	269
4492	0	2865
4493	2	3422
4494	0	2577
4495	0	2961
4496	2	3422
4497	2	3422
4498	0	2292
4499	0	2292
4500	2	2865
4501	0	839
4502	0	1620
4503	0	1836
4504	0	1836
4505	0	1836
4506	0	1431
4507	0	1836
4508	0	1836
4509	0	1031
4510	0	2292
4511	0	253
4512	0	1031
4513	0	1836
4514	0	1836
4515	0	2052
4516	0	2052
4517	0	1527
4518	2	2292
4519	0	1031
4520	0	1143
4521	0	1287
4522	0	1143
4523	0	1143
4524	0	1527
4525	0	1836
4526	0	1836
4527	0	1031
4528	0	1143
4529	0	1431
4530	0	1479
4531	0	967
4532	0	453
4533	0	26
4534	0	22
4535	0	573
4536	0	807
4537	0	807
4538	0	1836
4539	0	903
4540	0	999
4541	0	999
4542	0	1287
4543	0	1287
4544	0	1287
4545	0	1620
4546	0	1836
4547	0	1239
4548	0	2865
4549	0	3422
4550	0	2124
4551	0	1908
4552	0	2124
4553	0	1908
4554	0	1908
4555	0	1908
4556	0	2385
4557	0	389
4558	0	2673
4559	0	2961
4560	0	2865
4561	0	2673
4562	0	3422
4563	2	1908
4564	0	3422
4565	0	3422
4566	0	3662
4567	0	3422
4568	2	2865
4569	0	2865
4570	0	2865
4571	0	2673
4572	0	2577
4573	0	2481
4574	0	2577
4575	0	2577
4576	0	2481
4577	0	2577
4578	0	2577
4579	2	2673
4580	0	2292
4581	0	1764
4582	0	2577
4583	0	2577
4584	0	1764
4585	0	2292
4586	0	2124
4587	0	2292
4588	0	2292
4589	0	2292
4590	0	2577
4591	0	2196
4592	0	2577
4593	0	2673
4594	0	1143
4595	0	2577
4596	0	2292
4597	0	2577
4598	0	2577
4599	0	1287
4600	0	1287
4601	0	717
4602	0	437
4603	0	485
4604	0	807
4605	0	485
4606	0	437
4607	0	485
4608	0	1620
4609	0	1620
4610	0	1431
4611	0	2481
4612	0	3422
4613	0	2124
4614	0	3182
4615	0	3662
4616	0	3422
4617	2	1620
4618	2	1431
4619	0	3182
4620	0	2961
4621	0	2673
4622	2	3182
4623	2	3662
4624	2	3422
4625	0	1031
4626	0	2292
4627	0	2052
4628	0	2292
4629	0	2292
4630	0	1143
4631	0	717
4632	0	1620
4633	0	1031
4634	0	317
4635	0	1908
4636	0	2577
4637	0	2292
4638	0	2292
4639	0	1908
4640	0	2673
4641	0	2961
4642	0	3182
4643	0	3422
4644	0	3182
4645	0	2196
4646	0	2577
4647	0	1908
4648	0	2577
4649	0	2577
4650	0	1692
4651	0	2196
4652	0	1836
4653	0	1764
4654	0	1764
4655	0	1287
4656	0	2052
4657	0	2052
4658	0	1764
4659	0	1836
4660	0	2481
4661	0	1836
4662	0	2865
4663	0	2673
4664	0	3422
4665	0	3422
4666	0	3422
4667	0	3422
4668	0	3422
4669	0	1908
4670	0	1692
4671	0	1572
4672	0	1764
4673	2	3422
4674	0	717
4675	0	1620
4676	0	1620
4677	0	1620
4678	0	2961
4679	0	3182
4680	0	2481
4681	0	2481
4682	0	2865
4683	0	2865
4684	0	2865
4685	0	1836
4686	2	2961
4687	2	3182
4688	0	2577
4689	0	2673
4690	0	2865
4692	2	2865
4693	0	2052
4694	0	2292
4695	0	2292
4696	0	2292
4697	0	2292
4698	2	2865
4699	2	2865
4700	0	1764
4701	0	775
4702	0	2124
4703	0	2292
4704	0	1620
4705	0	2292
4706	0	2292
4707	0	2052
4708	0	2052
4709	0	2124
4710	0	2124
4711	0	1620
4712	0	1287
4713	0	2052
4714	0	2052
4715	0	2052
4716	0	1143
4717	0	1908
4718	0	2292
4719	0	1287
4720	0	1287
4721	0	1287
4722	0	1287
4723	0	1287
4724	0	1287
4725	0	1479
4726	0	2196
4727	0	2577
4728	0	2673
4729	0	2481
4730	0	2865
4731	0	2961
4732	0	3422
4733	0	3422
4734	0	3422
4735	0	3422
4736	0	3182
4737	0	2673
4738	2	2865
4739	2	2961
4740	2	3422
4742	2	3422
4743	2	3422
4744	0	0
4745	0	1527
4746	0	2052
4747	0	1908
4748	0	2052
4749	2	3422
4750	0	2052
4751	0	1143
4752	0	1836
4753	0	1908
4754	0	2292
4755	0	2124
4756	0	871
4757	0	2292
4758	0	2292
4759	0	1764
4760	0	1287
4761	0	775
4762	0	1431
4763	0	1431
4764	0	1031
4765	0	1620
4766	0	1620
4767	0	1620
4768	0	1479
4769	0	1620
4770	0	2577
4771	0	2481
4772	0	1239
4773	0	2865
4774	0	1836
4775	0	1836
4776	0	3182
4777	0	3182
4778	0	3182
4779	0	2865
4780	0	2577
4781	0	2124
4782	0	2292
4783	0	2865
4784	0	2196
4785	2	3182
4786	2	3182
4787	0	2124
4788	0	2292
4789	0	2292
4790	0	2196
4791	0	2196
4792	0	2577
4793	0	2577
4794	0	2577
4795	0	2577
4796	0	2577
4797	0	2577
4798	0	2577
4799	0	2577
4800	0	1764
4801	0	1620
4802	0	1287
4803	0	2052
4804	0	2052
4805	0	2052
4806	0	1980
4807	0	1431
4808	0	1908
4810	0	15
4812	0	1572
4813	0	1764
4814	0	1620
4815	0	1620
4816	0	1620
4817	0	1620
4819	0	3182
4820	0	1764
4821	0	1908
4822	0	2124
4823	0	2124
4824	0	597
4825	0	1764
4826	0	1908
4827	0	1908
4828	0	2196
4829	0	2124
4849	0	2961
4850	0	2865
4851	0	2196
4852	0	2673
4853	0	2577
4854	0	2577
4855	0	2577
4856	0	2673
4857	0	2865
4858	0	2865
4859	0	2196
4860	0	2577
4861	0	1620
4862	0	2292
4863	0	2292
4864	0	2292
4865	0	2577
4866	0	1980
4867	0	2577
4868	0	2865
4869	0	1479
4870	0	1620
4871	0	1431
4872	0	1143
4873	0	1620
4874	0	903
4875	0	1620
4876	0	2865
4877	0	2196
4878	0	2865
4879	0	2865
4880	0	645
4881	0	2385
4882	0	3422
4883	0	3662
4884	0	3422
4885	0	2577
4886	0	3182
4887	0	3422
4888	0	3422
4889	0	3182
4890	0	3182
4891	0	2385
4892	0	3182
4893	0	2124
4894	0	3422
4895	0	2577
4896	0	3422
4897	0	3422
4898	2	3182
4899	0	2124
4900	0	2385
4901	0	1908
4902	0	1908
4903	0	1908
4904	0	2865
4905	0	3422
4906	0	2865
4907	0	3422
4908	0	3662
4909	0	3963
4910	0	3182
4911	0	4107
4912	0	4251
4913	0	4251
4914	0	3542
4915	0	3963
4916	0	3662
4917	2	3963
4918	2	3182
4919	2	4107
4920	2	4251
4922	2	3542
4923	2	3963
4924	2	3662
4925	0	2292
4926	0	1479
4927	0	2124
4928	0	1287
4930	0	775
4931	0	1620
4932	0	2292
4933	0	2292
4934	0	1287
4935	0	2865
4936	0	1620
4938	0	2196
4939	0	2865
4940	0	3182
4941	0	1431
4942	0	1479
4943	0	3182
4944	0	2865
4945	2	4251
4946	0	2673
4947	2	2865
4948	2	3182
4949	2	1431
4950	0	573
4952	0	2292
4953	0	2292
4954	0	1527
4955	0	2292
4956	0	2124
4957	0	2292
4958	0	1692
4959	2	3182
4960	0	2865
4961	0	1063
4962	0	1287
4963	0	1143
4964	0	1287
4965	0	1287
4966	0	1287
4967	0	485
4968	0	1980
4969	0	2577
4970	0	1431
4971	0	2124
4972	0	2292
4973	0	2292
4974	0	2124
4975	0	2052
4976	0	2052
4977	0	2292
4978	0	2577
4979	0	2577
4980	0	2577
4981	0	485
4982	0	2865
4983	0	2865
4984	0	2865
4985	0	2865
4986	0	3182
4987	0	3182
4988	0	3182
4989	0	3182
4990	0	2577
4991	0	3182
4992	0	3422
4993	0	3422
4994	0	3422
4995	0	3422
4996	0	3422
4997	0	3182
4998	0	3182
4999	0	3182
5000	0	3182
5001	0	1764
5002	0	3182
5003	0	3182
5004	0	3182
5005	0	3422
5006	2	3182
5007	2	3182
5008	2	3182
5009	0	1479
5019	0	2865
5020	0	1095
5021	0	1572
5022	0	1764
5023	0	1908
5024	0	2865
5025	0	1431
5026	0	2124
5027	0	3422
5028	0	3182
5029	0	3182
5030	2	1764
5031	0	2961
5032	0	3182
5033	2	1431
5034	0	1836
5035	2	3422
5036	2	3182
5037	2	3182
5038	0	421
5039	0	1431
5040	0	2052
5041	0	1764
5042	0	1692
5043	0	2052
5044	0	2052
5045	0	2052
5046	0	2052
5047	0	2292
5048	0	2292
5049	0	2292
5050	0	2052
5051	0	2124
5052	0	2292
5053	0	2052
5054	0	2052
5055	0	2052
5056	0	1620
5057	0	2052
5058	0	2124
5059	0	2292
5060	0	1431
5061	0	389
5062	0	2292
5063	0	2292
5064	0	2124
5065	0	1980
5066	0	2292
5067	0	2292
5068	0	1287
5069	0	717
5070	0	1620
5071	0	749
5072	0	999
5073	0	1287
5074	0	1287
5075	0	1287
5076	0	967
5077	0	1980
5078	0	1764
5079	0	2865
5080	0	3422
5081	0	1908
5082	0	3182
5083	0	1620
5084	0	2865
5085	0	2865
5086	0	1479
5087	0	3182
5088	2	3422
5089	0	2577
5090	2	3182
5091	0	1620
5092	0	2865
5093	0	1980
5094	0	2577
5095	2	3182
5096	0	2292
5097	0	1527
5098	0	1908
5099	0	1527
5100	0	1836
5101	0	903
5102	0	1143
5103	0	1143
5104	0	1143
5105	0	1031
5106	0	1287
5107	0	1287
5108	0	717
5109	0	645
5110	0	967
5111	0	2961
5112	0	3182
5113	0	3422
5114	0	3182
5115	0	3422
5116	0	2673
5117	0	3422
5118	0	3662
5119	0	3662
5120	2	3182
5122	0	2673
5123	2	3422
5124	0	2292
5125	0	2577
5126	0	1692
5127	0	2292
5128	0	2292
5129	2	3422
5130	0	485
5131	0	2124
5132	0	2292
5133	0	2292
5134	0	1287
5135	0	1287
5136	0	1287
5137	0	1287
5138	0	1620
5139	0	1836
5140	0	1836
5141	0	1287
5142	0	1836
5143	0	645
5144	0	1479
5145	0	1836
5146	0	3182
5147	0	3182
5148	0	3422
5149	0	3422
5150	0	3422
5151	0	3182
5152	0	3662
5153	0	3662
5154	0	3422
5155	0	3422
5156	0	1980
5157	0	2961
5158	2	3422
5159	0	2052
5160	0	2673
5161	0	1287
5162	2	3422
5163	0	2577
5164	0	2577
5165	0	2865
5166	0	2865
5167	0	2577
5168	0	2292
5169	0	1620
5170	0	105
5171	0	1431
5172	0	2196
5173	0	2865
5174	0	2865
5175	0	2577
5176	0	2577
5177	0	1620
5178	0	2673
5179	0	2865
5180	0	3182
5181	0	2961
5182	0	2961
5183	0	2865
5184	0	2577
5185	0	2292
5186	0	2196
5187	0	2577
5188	2	3182
5189	0	2292
5190	0	2292
5191	0	2124
5192	0	2292
5193	0	2292
5194	0	2124
5195	0	2292
5196	0	2292
5197	0	2292
5198	0	2124
5199	0	1620
5200	0	2124
5201	0	1287
5202	0	1764
5203	0	1287
5204	0	1287
5205	0	1764
5206	0	1764
5208	0	285
5209	0	105
5210	0	871
5211	0	645
5212	0	1095
5213	0	717
5214	0	967
5216	0	4
5217	0	807
5218	0	903
5219	0	1095
5220	0	1335
5221	0	357
5222	0	1764
5223	0	1764
5224	0	1980
5225	0	2124
5226	0	1431
5227	0	2385
5228	0	1908
5229	0	1335
5230	0	2385
5231	0	1764
5232	2	1980
5233	2	2124
5234	0	1620
5235	2	2385
5236	0	2481
5237	2	1335
5238	2	2385
5239	0	2673
5240	0	1836
5241	0	2124
5242	0	1031
5243	0	1908
5244	0	2124
5245	0	1908
5246	0	2124
5247	2	2673
5248	0	2052
5249	0	2124
5250	0	2052
5251	0	1764
5252	0	2052
5253	0	2052
5254	0	2052
5255	0	2052
5256	0	1692
5257	0	903
5258	0	1836
5259	0	999
5260	0	903
5261	0	903
5262	0	1031
5263	0	1287
5264	0	453
5265	0	1287
5266	0	1143
5267	0	1431
5268	0	1620
5269	0	1479
5270	0	1620
5271	0	1620
5272	0	2052
5273	0	3422
5274	0	3422
5275	0	3422
5276	0	3182
5277	0	3422
5278	0	3422
5279	0	3662
5280	0	3662
5281	0	2865
5282	2	3422
5283	2	3422
5284	0	2577
5285	2	3422
5286	2	3422
5287	2	3662
5288	2	3662
5289	0	2052
5290	0	2052
5291	0	1764
5292	0	1764
5293	0	2124
5294	0	1908
5295	0	1908
5296	0	2052
5297	0	2124
5298	0	1908
5299	0	1143
5300	0	1287
5301	0	97
5302	0	1287
5303	0	1287
5304	2	2052
5305	2	2124
5306	2	1908
5307	0	1239
5308	0	1620
5309	0	1620
5310	0	1764
5311	0	2124
5312	0	2577
5313	0	2124
5314	0	1764
5315	0	1836
5316	0	0
5317	0	2052
5318	0	1908
5319	0	1908
5320	0	2052
5321	0	1908
5322	0	1287
5323	0	2052
5324	0	2052
5325	0	2577
5326	0	2292
5327	0	2292
5328	0	2292
5329	2	1908
5330	2	1287
5332	0	1620
5333	0	1431
5334	0	1836
5335	0	1836
5336	0	1287
5337	0	1692
5338	0	1836
5339	2	2052
5340	0	2052
5341	0	1908
5342	0	2052
5343	0	2052
5344	0	2052
5345	0	1143
5346	0	1143
5347	0	1287
5348	2	2052
5349	2	1908
5350	2	2052
5352	0	775
5353	0	775
5354	0	903
5355	0	1287
5356	0	1143
5357	0	1836
5358	0	1836
5359	2	2052
5360	0	1143
5361	0	775
5362	0	871
5363	0	1620
5364	0	1620
5365	0	1620
5366	0	1063
5367	0	1287
5368	0	1143
5369	2	775
5370	2	871
5371	2	1620
5372	0	1431
5373	0	1620
5374	0	1620
5375	0	1692
5376	0	1836
5377	0	2052
5378	0	749
5379	0	999
5389	0	1031
5390	0	1031
5391	0	903
5392	0	1031
5393	0	903
5394	0	903
5395	0	903
5396	0	1287
5397	0	1431
5398	0	1287
5399	0	1836
5400	0	1836
5401	0	201
5402	0	807
5403	0	2865
5404	0	3182
5405	0	2961
5406	0	2865
5407	0	2865
5408	0	2961
5409	0	3182
5410	0	2292
5411	0	2673
5412	2	3182
5413	0	2124
5414	0	2292
5415	0	1908
5416	0	2052
5417	0	2052
5418	0	2052
5419	0	2052
5420	0	2052
5421	0	1431
5422	0	1908
5423	0	2052
5424	0	2124
5425	0	2052
5426	0	1908
5427	0	2052
5428	0	1908
5429	0	1143
5430	0	1143
5431	0	97
5432	0	1143
5433	2	2052
5434	2	1908
5435	2	2052
5436	2	1908
5437	0	1431
5438	0	775
5439	0	903
5440	0	517
5441	0	999
5442	0	1431
5443	0	1431
5444	0	1143
5445	0	1143
5446	0	1143
5447	0	1431
5448	2	517
5449	2	999
5450	0	935
5451	0	717
5452	0	775
5453	0	775
5454	0	839
5455	0	839
5456	0	935
5457	0	1063
5458	0	1143
5459	0	1143
5460	0	1143
5461	0	775
5462	0	1191
5463	0	1431
5464	0	1431
5465	0	1431
5466	0	1431
5467	0	1431
5468	0	1431
5469	0	775
5470	0	903
5471	0	775
5472	0	903
5473	0	903
5474	0	807
5475	0	999
5476	0	999
5477	0	903
5478	0	999
5479	0	1287
5480	0	967
5481	0	1764
5482	0	2292
5483	0	1836
5484	0	1527
5485	0	1527
5486	0	1620
5487	0	1143
5488	0	1908
5499	0	621
5500	0	533
5501	0	277
5502	0	1063
5503	0	871
5504	0	935
5505	0	775
5506	0	935
5507	0	1143
5508	0	1143
5509	0	1431
5510	0	1527
5511	0	1191
5512	0	1431
5513	0	1431
5514	0	1431
5515	0	1431
5516	0	1431
5517	0	1431
5518	0	1431
5519	0	1431
5520	0	1431
5521	0	999
5522	0	1431
5523	0	999
5524	0	1620
5525	0	1620
5526	0	1620
5527	0	1620
5528	0	1620
5529	0	999
5530	0	903
5531	0	839
5532	0	1143
5533	0	1143
5534	0	1031
5535	0	903
5536	0	1031
5537	0	1031
5538	0	1764
5539	0	2481
5540	0	2865
5541	0	2196
5542	0	2865
5543	0	3182
5544	0	3182
5545	0	3182
5546	0	2673
5547	0	405
5548	2	2865
5549	0	2292
5550	0	2292
5552	2	3182
5553	0	1836
5554	0	1836
5555	0	2052
5556	0	1764
5557	0	2052
5558	0	2052
5559	2	3182
5560	0	2052
5561	0	1764
5562	0	1908
5563	0	2052
5564	0	1287
5565	0	1143
5566	0	1143
5567	0	1143
5568	0	1383
5569	0	1836
5580	0	2577
5581	0	1908
5582	0	2292
5583	0	2292
5584	0	2292
5585	0	2124
5586	0	2292
5587	2	2673
5588	0	1764
5589	0	2124
5591	0	1692
5592	0	2292
5593	0	2292
5594	0	2292
5595	0	2292
5596	0	2292
5597	0	2292
5598	0	1908
5599	0	1287
5600	0	1479
5601	0	485
5602	0	1287
5603	0	1287
5604	0	1143
5605	0	1143
5606	0	2052
5607	0	2052
5608	0	2052
5609	0	1620
5619	0	2052
5620	0	2052
5621	0	1908
5622	0	2052
5623	2	2577
5624	0	1836
5625	0	1836
5626	0	1836
5627	0	2052
5628	0	2052
5629	0	2052
5630	0	2052
5631	0	1908
5632	0	2124
5633	0	2292
5634	0	2292
5635	0	2292
5636	0	2292
5637	0	2292
5638	0	2292
5639	0	2577
5640	0	2577
5641	0	999
5642	0	2577
5643	0	2577
5644	0	2577
5645	0	2577
5646	0	2577
5647	0	2577
5648	0	2577
5649	0	1620
5650	0	1764
5651	0	1239
5652	0	1620
5653	0	1620
5654	0	1620
5655	0	1620
5656	0	807
5657	0	2481
5658	0	3182
5659	0	3422
5660	0	3662
5661	0	3542
5662	0	2124
5663	0	2124
5664	0	2481
5665	0	1239
5666	2	3182
5667	2	3422
5668	2	3662
5669	2	3542
5670	2	2124
5671	2	2124
5672	2	2481
5673	0	1431
5674	0	1143
5675	0	645
5676	0	1143
5677	0	1143
5678	0	1287
5690	0	807
5691	0	1836
5692	0	1620
5693	0	1836
5694	0	999
5695	0	807
5696	0	645
5697	0	1095
5698	0	903
5699	0	1239
5700	0	1335
5701	0	1572
5702	0	1980
5703	0	1908
5704	0	1431
5705	0	1287
5706	0	1908
5707	2	1239
5708	0	1908
5709	0	2124
5710	0	2124
5711	0	1692
5712	0	1431
5713	0	2124
5714	0	1908
5715	0	2673
5716	0	1908
5717	0	1908
5718	2	2124
5719	0	1764
5720	0	3182
5721	0	1287
5722	0	1908
5723	2	2673
5724	0	1764
5725	2	1908
5726	0	1836
5727	0	1620
5728	0	2865
5729	0	1620
5730	0	1479
5731	0	1980
5732	0	2196
5733	0	1335
5734	0	1692
5735	0	1692
5736	0	1692
5737	0	1335
5738	0	1335
5739	0	1431
5749	0	1143
5750	0	1143
5751	0	405
5752	0	341
5753	0	621
5754	0	285
5755	0	693
5756	0	1383
5757	0	1383
5758	0	1527
5759	0	1692
5760	0	1383
5761	0	693
5762	0	1287
5763	0	903
5764	0	1527
5765	0	1692
5766	0	1980
5767	0	1980
5768	0	1980
5769	0	1980
5770	0	2385
5771	0	1620
5772	0	1620
5773	0	2196
5774	0	2196
5775	0	2196
5776	0	2196
5777	0	2196
5778	0	2196
5779	0	1980
5780	0	2196
5781	0	1572
5782	0	2481
5783	0	2673
5784	0	2385
5785	0	2385
5786	0	2481
5787	0	2292
5788	0	2196
5789	0	357
5790	0	241
5791	2	2673
5792	0	1063
5793	2	2385
5794	2	2481
5795	2	2292
5796	0	67
5797	0	1143
5798	0	775
5799	0	437
5800	0	349
5801	0	453
5802	0	201
5803	0	1431
5804	0	2124
5805	0	2196
5806	0	2481
5807	0	2292
5808	0	2196
5809	0	1836
5810	0	2196
5811	0	2052
5812	0	2481
5813	0	2481
5814	0	1692
5815	0	1692
5816	0	2052
5817	0	1764
5818	0	2052
5819	2	2052
5820	0	1764
5821	2	2481
5822	0	1620
5823	0	1287
5824	0	2052
5825	0	2196
5826	0	2052
5827	0	2052
5828	0	2196
5849	0	2577
5850	0	2577
5851	0	2673
5852	0	2577
5853	0	2577
5854	0	2577
5855	0	2577
5856	0	1620
5857	0	2292
5858	0	2577
5859	0	2292
5860	0	2577
5861	0	2052
5862	0	2577
5863	0	2577
5864	0	1620
5865	0	2292
5866	0	2052
5867	0	2052
5868	0	2052
5869	0	1980
