SysFN	SubFN	Num_RBs	TBS_Index	MCS_Index	Redund_Ver
5057	15	0	0	0
5058	15	0	0	0
5059	15	0	0	0
5060	15	0	0	0
5061	15	0	0	0
5062	15	0	0	0
5063	15	0	0	0
5124	8	13	8	0
5154	5	17	11	0
5164	6	17	11	0
5174	5	19	13	0
5204	5	18	12	0
5212	10	19	13	0
5217	5	18	12	0
5220	9	19	13	0
5222	5	18	12	0
5227	3	28	20	0
5232	3	24	18	0
5235	3	28	30	2
5237	5	18	12	0
5242	4	19	13	0
5247	3	25	19	0
5252	4	19	13	0
5269	5	18	12	0
5284	4	21	15	0
5291	4	23	17	0
5292	4	23	17	0
5297	4	20	14	0
5300	6	24	18	0
5302	3	23	17	0
5307	6	16	10	0
5308	6	24	30	2
5312	6	14	9	0
5317	6	16	10	0
5322	6	14	9	0
5327	5	18	12	0
5332	6	16	10	0
5337	5	17	11	0
5342	6	16	10	0
5347	4	22	16	0
5352	5	18	12	0
5355	4	22	30	2
5357	6	14	9	0
5362	6	14	9	0
5367	5	19	13	0
5374	6	14	9	0
5377	8	14	9	0
5382	8	14	9	0
5389	4	21	15	0
5398	3	25	19	0
5406	3	25	30	2
5412	9	11	6	0
5417	4	21	15	0
5425	4	21	30	2
5426	6	14	9	0
5444	4	21	15	0
5474	9	11	6	0
5477	9	11	6	0
5479	9	11	6	0
5482	9	11	6	0
5487	3	25	19	0
5492	6	16	10	0
5495	3	25	30	2
5497	6	14	9	0
5502	8	13	8	0
5507	6	16	10	0
5512	4	20	14	0
5517	4	21	15	0
5520	4	20	30	2
5522	6	14	9	0
5527	4	19	13	0
5532	4	21	15	0
5537	6	14	9	0
5540	4	21	30	2
5548	5	12	7	0
5555	4	19	13	0
5576	6	14	9	0
5577	6	14	9	0
5582	6	14	9	0
5587	5	18	12	0
5592	6	14	9	0
5597	6	14	9	0
5602	6	16	10	0
5607	4	23	17	0
5612	3	25	19	0
5624	3	25	19	0
5632	3	25	30	2
5640	16	14	9	0
5648	8	24	18	0
5660	4	21	15	0
5662	4	21	15	0
5667	4	21	15	0
5672	4	22	16	0
5675	4	20	14	0
5677	4	23	17	0
5680	4	22	30	2
5682	8	13	8	0
5685	4	23	30	2
5686	6	16	10	0
5694	4	19	13	0
5698	4	19	13	0
5713	4	19	13	0
5721	4	19	30	2
5724	9	12	7	0
5734	4	19	13	0
5742	10	20	14	0
5751	4	19	13	0
5752	4	19	13	0
5757	4	19	13	0
5758	5	18	12	0
5762	4	19	13	0
5765	6	19	13	0
5767	5	18	12	0
5770	4	19	30	2
5773	6	19	30	2
5775	5	18	30	2
5778	12	10	5	0
5784	5	18	12	0
5787	6	14	9	0
5792	8	14	9	0
5797	4	21	15	0
5802	8	14	9	0
5807	6	14	9	0
5812	9	12	7	0
5817	2	2	1	0
5818	8	12	7	0
5822	4	19	13	0
5827	4	20	14	0
5832	4	19	13	0
5837	5	19	13	0
5840	4	19	30	2
5846	9	11	6	0
5847	9	11	6	0
5852	5	18	12	0
5857	5	17	11	0
5862	4	21	15	0
5867	8	14	9	0
5870	4	21	30	2
5872	8	12	7	0
5877	5	19	13	0
5882	6	16	10	0
5885	5	19	30	2
5887	9	11	6	0
5892	9	11	6	0
5897	6	14	9	0
5907	4	19	13	0
5915	10	20	14	0
5934	5	18	12	0
5937	5	18	12	0
5942	5	19	13	0
5945	5	18	30	2
5947	8	13	8	0
5949	8	13	8	0
5952	5	17	11	0
5957	5	17	11	0
5963	5	17	11	0
5965	5	17	30	2
5974	5	17	11	0
5989	5	16	10	0
6001	6	17	11	0
6009	5	18	12	0
6012	5	18	12	0
6017	5	19	13	0
6022	6	16	10	0
6025	5	19	30	2
6028	4	0	29	0
6032	8	13	8	0
6037	9	11	6	0
6042	6	17	11	0
6047	6	16	10	0
6050	6	17	30	2
6095	5	17	11	0
6108	6	16	10	0
6154	5	17	11	0
6170	8	13	8	0
6172	6	14	9	0
6177	6	14	9	0
6182	6	17	11	0
6187	6	14	9	0
6190	6	17	30	2
6202	8	13	8	0
6207	8	13	8	0
6212	5	18	12	0
6224	6	16	10	0
6264	16	6	3	0
6272	54	8	4	0
6273	30	8	4	0
6281	8	12	7	0
6282	6	14	9	0
6287	6	14	9	0
6292	5	17	11	0
6297	8	13	8	0
6302	5	19	13	0
6384	10	10	5	0
6392	36	11	6	0
6397	5	19	13	0
6400	10	19	13	0
6402	8	13	8	0
6405	5	19	30	2
6409	9	11	6	0
6412	8	12	7	0
6417	6	16	10	0
6419	9	11	6	0
6429	4	0	29	0
6434	10	10	5	0
6442	8	13	8	0
6454	6	16	10	0
6462	8	14	9	0
6470	8	14	30	2
6474	15	8	4	0
6483	8	14	9	0
6488	8	14	9	0
6493	8	13	8	0
6504	10	10	5	0
6517	4	19	13	0
6522	4	19	13	0
6527	5	18	12	0
6532	5	18	12	0
6537	5	17	11	0
6547	8	14	9	0
6552	8	14	9	0
6560	24	10	5	0
6562	8	12	7	0
6567	8	12	7	0
6572	5	18	12	0
6577	8	12	7	0
6582	9	11	6	0
6588	6	14	9	0
6592	8	13	8	0
6598	8	13	8	0
6609	6	16	10	0
6616	5	17	11	0
6617	5	17	11	0
6625	6	14	9	0
6633	18	16	10	0
6635	12	8	4	0
6641	27	10	5	0
6644	9	11	6	0
6645	4	0	29	0
6647	9	11	6	0
6652	8	14	9	0
6657	5	17	11	0
6662	6	14	9	0
6667	4	20	14	0
6669	5	18	12	0
6672	4	21	15	0
6677	4	22	16	0
6682	4	22	16	0
6685	4	20	14	0
6687	5	19	13	0
6692	4	20	14	0
6693	4	20	30	2
6697	6	14	9	0
6701	9	12	7	0
6702	6	16	10	0
6707	4	19	13	0
6712	6	16	10	0
6715	24	16	10	0
6720	12	21	15	0
6722	8	13	8	0
6728	8	12	7	0
6744	6	14	9	0
6752	20	14	9	0
6759	8	12	7	0
6783	4	20	14	0
6794	3	24	18	0
6802	3	24	30	2
6807	8	14	9	0
6812	4	22	16	0
6817	8	14	9	0
6820	4	22	30	2
6822	8	13	8	0
6827	8	12	7	0
6829	5	18	12	0
6832	6	16	10	0
6837	6	14	9	0
6842	6	16	10	0
6847	4	23	17	0
6852	5	17	11	0
6857	4	21	15	0
6862	6	14	9	0
6867	8	12	7	0
6870	4	11	6	0
6872	8	12	7	0
6877	5	18	12	0
6882	6	14	9	0
6887	4	23	17	0
6892	6	14	9	0
6897	9	11	6	0
6902	9	11	6	0
6912	8	14	9	0
6916	8	12	7	0
6918	8	12	7	0
6934	4	22	16	0
6942	4	22	30	2
6947	10	10	5	0
6952	4	22	16	0
6957	5	17	11	0
6969	4	0	29	0
6974	10	10	5	0
6982	4	18	12	0
6990	8	10	5	0
7014	10	10	5	0
7018	10	10	5	0
7022	16	10	5	0
7034	6	14	9	0
7047	6	14	9	0
7052	6	14	9	0
7057	6	16	10	0
7061	9	12	7	0
7066	6	16	10	0
7067	6	16	10	0
7072	4	21	15	0
7077	4	22	16	0
7080	4	21	30	2
7082	6	16	10	0
7085	4	22	30	2
7087	6	16	10	0
7092	6	16	10	0
7097	8	13	8	0
7102	9	11	6	0
7107	6	16	10	0
7112	8	12	7	0
7118	9	11	6	0
7133	8	12	7	0
7138	9	11	6	0
7142	6	11	6	0
7147	4	21	15	0
7267	10	10	5	0
7277	4	21	15	0
7285	8	24	18	0
7287	4	20	14	0
7292	4	20	14	0
7293	8	24	30	2
7297	8	12	7	0
7302	8	14	9	0
7321	4	0	29	0
7322	8	12	7	0
7327	8	12	7	0
7332	4	19	13	0
7339	6	16	10	0
7340	4	19	30	2
7342	9	11	6	0
7347	9	11	6	0
7352	8	13	8	0
7357	8	13	8	0
7362	8	12	7	0
7367	5	17	11	0
7372	8	14	9	0
7377	8	13	8	0
7382	8	14	9	0
7387	5	18	12	0
7392	6	14	9	0
7397	8	13	8	0
7414	4	21	15	0
7422	4	21	30	2
7430	20	12	7	0
7432	4	20	14	0
7447	5	18	12	0
7452	5	18	12	0
7457	4	20	14	0
7462	8	13	8	0
7467	6	16	10	0
7472	2	14	9	0
7477	8	12	7	0
7482	8	12	7	0
7487	5	17	11	0
7584	8	12	7	0
7596	5	17	11	0
7604	5	17	30	2
7624	4	19	13	0
7632	5	20	14	0
7639	10	10	5	0
7648	5	18	12	0
7652	6	17	11	0
7656	8	17	11	0
7657	9	11	6	0
7662	8	12	7	0
7667	9	11	6	0
7672	8	12	7	0
7677	5	18	12	0
7682	8	13	8	0
7697	5	18	12	0
7702	5	17	11	0
7713	6	14	9	0
7724	5	18	12	0
7732	12	19	13	0
7737	9	11	6	0
7742	9	11	6	0
7748	8	12	7	0
7752	8	12	7	0
7757	6	14	9	0
7762	8	13	8	0
7767	6	14	9	0
7775	10	14	9	0
7779	5	11	6	0
7783	8	14	9	0
7793	6	14	9	0
7812	3	23	17	0
7817	3	23	17	0
7822	4	21	15	0
7827	4	22	16	0
7830	4	21	30	2
7832	8	12	7	0
7904	8	14	9	0
7915	5	17	11	0
7923	12	19	13	0
7927	5	17	11	0
7932	5	18	12	0
7937	5	18	12	0
7942	5	18	12	0
8012	5	18	12	0
8017	8	12	7	0
8020	5	18	30	2
8029	6	17	11	0
8032	6	17	11	0
8222	4	0	29	0
8244	4	20	14	0
8260	27	11	6	0
8268	45	11	6	0
8272	9	11	6	0
8277	6	16	10	0
8278	8	14	9	0
8282	4	20	14	0
8287	8	12	7	0
8292	9	12	7	0
8297	5	18	12	0
8302	4	19	13	0
8307	5	17	11	0
8312	5	19	13	0
8328	5	17	11	0
8332	6	17	11	0
8337	5	18	12	0
8345	5	18	30	2
8434	6	14	9	0
8442	18	16	10	0
8450	18	16	30	2
8459	5	18	12	0
8462	5	18	12	0
8467	5	18	30	2
8476	6	16	10	0
8477	6	16	10	0
8482	6	16	10	0
8541	12	8	4	0
8605	3	19	13	0
8608	3	13	8	0
8618	4	20	14	0
8622	4	20	14	0
8627	4	20	14	0
8632	8	14	9	0
8637	5	18	12	0
8652	9	11	6	0
8657	9	11	6	0
8662	4	19	13	0
8670	4	19	30	2
8672	9	11	6	0
8678	8	12	7	0
8682	5	18	12	0
8754	12	10	5	0
8762	27	10	5	0
8767	8	12	7	0
8772	6	14	9	0
8787	5	13	8	0
8792	8	14	9	0
8795	12	14	9	0
8797	8	13	8	0
8802	8	12	7	0
8807	8	12	7	0
8812	8	13	8	0
8817	6	16	10	0
8822	8	13	8	0
8827	8	13	8	0
8832	6	14	9	0
8837	8	13	8	0
8842	8	13	8	0
8892	5	18	12	0
8897	4	20	14	0
8900	5	18	30	2
8902	5	18	12	0
8905	4	20	30	2
8909	6	16	10	0
8912	6	14	9	0
8916	6	16	10	0
8917	5	18	12	0
8922	4	19	13	0
8924	6	16	30	2
8925	5	18	30	2
8930	4	19	30	2
8933	8	12	7	0
8952	9	11	6	0
8957	9	11	6	0
8960	9	11	6	0
9224	4	0	29	0
9225	12	8	4	0
9233	4	6	3	0
9234	15	8	4	0
9254	10	10	5	0
9262	54	8	4	0
9278	9	11	6	0
9282	8	12	7	0
9287	8	13	8	0
9454	12	8	4	0
9462	54	6	3	0
9471	9	11	6	0
9473	9	11	6	0
9510	10	10	5	0
9521	4	0	29	0
9524	10	10	5	0
9541	9	11	6	0
9542	9	11	6	0
9547	8	12	7	0
9552	8	13	8	0
9554	8	13	8	0
9558	9	11	6	0
9574	10	10	5	0
9582	3	6	3	0
9807	6	14	9	0
9810	8	17	11	0
9812	4	19	13	0
9817	6	16	10	0
9822	5	17	11	0
9827	6	14	9	0
9828	8	13	8	0
9832	8	12	7	0
9837	8	13	8	0
9842	8	13	8	0
9847	4	19	13	0
9851	10	10	5	0
9854	8	12	7	0
9857	9	12	7	0
9863	8	14	9	0
9867	5	17	11	0
9872	4	21	15	0
9873	5	17	11	0
9877	5	17	11	0
9882	6	14	9	0
9887	6	14	9	0
9892	9	11	6	0
9897	5	17	11	0
9902	9	11	6	0
9907	8	13	8	0
9912	8	12	7	0
9930	5	18	12	0
9932	5	18	12	0
9938	5	18	12	0
9942	5	18	12	0
10153	6	16	10	0
10161	6	16	30	2
10170	8	14	9	0
10178	8	14	30	2
10184	24	4	2	0
10191	9	12	7	0
10192	8	13	8	0
10203	4	0	29	0
10207	8	13	8	0
10211	8	12	7	0
10216	9	11	6	0
10221	8	12	7	0
10226	9	11	6	0
3	9	11	6	0
6	9	11	6	0
11	9	11	6	0
16	8	12	7	0
21	8	12	7	0
26	9	12	7	0
31	9	11	6	0
226	6	14	9	0
234	20	14	9	0
236	8	12	7	0
241	8	12	7	0
246	9	11	6	0
248	8	12	7	0
252	8	12	7	0
256	5	18	12	0
261	5	18	12	0
266	6	14	9	0
271	8	13	8	0
282	4	0	29	0
286	9	12	7	0
291	4	19	13	0
296	8	12	7	0
299	4	19	30	2
304	4	8	4	0
306	9	11	6	0
311	6	14	9	0
320	9	11	6	0
321	9	11	6	0
326	9	11	6	0
332	9	11	6	0
337	9	11	6	0
341	9	11	6	0
346	9	11	6	0
351	8	13	8	0
356	6	17	11	0
362	6	14	9	0
544	6	14	9	0
546	8	14	9	0
552	10	16	10	0
557	8	13	8	0
562	8	13	8	0
567	8	12	7	0
572	6	14	9	0
577	6	14	9	0
582	6	14	9	0
587	6	16	10	0
592	6	16	10	0
597	6	16	10	0
600	4	11	6	0
602	6	16	10	0
607	8	14	9	0
612	6	16	10	0
617	5	19	13	0
622	6	17	11	0
627	6	14	9	0
632	8	14	9	0
637	9	11	6	0
642	8	14	9	0
647	4	19	13	0
652	8	14	9	0
657	8	12	7	0
662	8	13	8	0
667	8	14	9	0
672	6	14	9	0
854	5	17	11	0
862	15	17	11	0
864	6	16	10	0
867	6	17	11	0
872	5	17	11	0
877	4	19	13	0
882	5	19	13	0
886	5	20	14	0
887	4	23	17	0
892	5	17	11	0
897	6	17	11	0
902	6	14	9	0
907	5	17	11	0
912	5	18	12	0
917	8	14	9	0
920	8	14	9	0
922	6	14	9	0
927	4	19	13	0
932	6	16	10	0
937	5	17	11	0
944	5	18	12	0
945	1	14	9	0
947	5	18	12	0
952	4	19	13	0
957	5	17	11	0
960	4	19	30	2
962	8	12	7	0
967	8	12	7	0
972	6	14	9	0
977	8	14	9	0
982	5	19	13	0
987	6	14	9	0
992	8	13	8	0
997	5	12	7	0
1183	4	22	16	0
1205	8	12	7	0
1215	8	13	8	0
1224	6	14	9	0
1232	2	11	6	0
1237	8	13	8	0
1239	8	12	7	0
1242	6	16	10	0
1247	3	23	17	0
1252	5	18	12	0
1255	3	23	30	2
1257	6	14	9	0
1260	8	16	10	0
1262	6	16	10	0
1269	8	14	9	0
1272	8	14	9	0
1277	6	14	9	0
1282	4	20	14	0
1287	6	14	9	0
1292	4	20	14	0
1307	6	14	9	0
1312	6	16	10	0
1317	8	14	9	0
1503	5	18	12	0
1534	8	13	8	0
1536	9	12	7	0
1547	6	14	9	0
1552	6	14	9	0
1557	4	21	15	0
1562	4	22	16	0
1565	4	21	30	2
1567	5	17	11	0
1570	2	16	10	0
1572	4	21	15	0
1577	4	13	8	0
1582	5	18	12	0
1587	4	23	17	0
1592	6	14	9	0
1597	4	20	14	0
1602	4	20	14	0
1607	6	17	11	0
1612	8	13	8	0
1615	3	12	7	0
1618	8	12	7	0
1622	9	11	6	0
1627	5	17	11	0
1632	5	19	13	0
1637	8	13	8	0
1642	8	12	7	0
1647	5	17	11	0
1652	4	20	14	0
1657	5	14	9	0
1662	8	13	8	0
1667	8	13	8	0
1821	4	0	29	0
1854	5	17	11	0
1867	8	14	9	0
1872	8	13	8	0
1876	6	14	9	0
1877	6	16	10	0
1882	5	18	12	0
1887	6	16	10	0
1892	6	16	10	0
1897	6	16	10	0
1902	6	16	10	0
1907	6	16	10	0
1912	6	16	10	0
1917	5	17	11	0
1922	6	16	10	0
1927	5	17	11	0
1932	3	23	17	0
1937	5	17	11	0
1940	3	23	30	2
1942	6	16	10	0
1947	4	20	14	0
1955	4	20	30	2
2140	8	14	9	0
2164	6	14	9	0
2172	2	12	7	0
2173	8	13	8	0
2177	6	16	10	0
2182	6	16	10	0
2187	6	14	9	0
2192	6	16	10	0
2196	4	20	14	0
2197	4	21	15	0
2202	5	17	11	0
2205	4	21	30	2
2207	8	14	9	0
2212	8	14	9	0
2218	8	13	8	0
2222	6	14	9	0
2227	6	17	11	0
2232	6	14	9	0
2237	6	14	9	0
2242	6	14	9	0
2247	8	13	8	0
2252	8	13	8	0
2257	6	16	10	0
2262	6	16	10	0
2267	6	16	10	0
2275	15	17	11	0
2277	5	17	11	0
2282	5	17	11	0
2287	6	17	11	0
2292	5	17	11	0
2297	5	17	11	0
2302	6	17	11	0
2307	5	17	11	0
2312	5	17	11	0
2317	5	17	11	0
2322	4	21	15	0
2327	5	18	12	0
2332	3	25	19	0
2340	3	25	30	2
2471	8	14	9	0
2492	8	14	9	0
2501	8	13	8	0
2502	8	13	8	0
2507	8	13	8	0
2509	6	13	8	0
2512	8	14	9	0
2514	4	0	29	0
2517	8	13	8	0
2522	6	14	9	0
2527	6	14	9	0
2532	6	16	10	0
2537	6	16	10	0
2542	6	16	10	0
2547	6	16	10	0
2552	6	16	10	0
2557	6	14	9	0
2562	6	16	10	0
2567	6	17	11	0
2572	6	16	10	0
2577	6	16	10	0
2582	6	16	10	0
2585	8	16	10	0
2587	6	14	9	0
2592	6	16	10	0
2597	6	16	10	0
2602	6	16	10	0
2607	6	16	10	0
2612	6	16	10	0
2617	6	16	10	0
2622	6	16	10	0
2627	6	16	10	0
2632	6	16	10	0
2635	8	16	10	0
2637	6	16	10	0
2642	6	16	10	0
2647	6	16	10	0
2652	6	16	10	0
2657	6	16	10	0
2662	6	17	11	0
2667	6	17	11	0
2672	5	17	11	0
2677	6	16	10	0
2682	6	16	10	0
2687	6	16	10	0
2692	6	17	11	0
2790	6	14	9	0
2804	5	17	11	0
2811	6	14	9	0
2817	5	17	11	0
2822	5	17	11	0
2827	5	18	12	0
2832	5	18	12	0
2833	5	13	8	0
2837	5	17	11	0
2842	4	20	14	0
2847	5	18	12	0
2852	5	17	11	0
2857	5	19	13	0
2862	5	18	12	0
2867	5	18	12	0
2872	5	17	11	0
2877	5	17	11	0
2882	5	17	11	0
2887	5	17	11	0
2893	5	17	11	0
2897	5	17	11	0
2902	5	17	11	0
3113	5	17	11	0
3141	6	17	11	0
3150	5	19	13	0
3152	5	17	11	0
3157	5	19	13	0
3162	4	19	13	0
3167	4	19	13	0
3172	5	19	13	0
3177	4	20	14	0
3182	4	19	13	0
3187	5	19	13	0
3192	5	19	13	0
3197	5	19	13	0
3202	5	18	12	0
3207	4	19	13	0
3212	3	23	17	0
3217	4	19	13	0
3222	4	23	17	0
3227	4	23	17	0
3230	4	23	30	2
3232	5	18	12	0
3235	4	23	30	2
3237	6	16	10	0
3242	6	16	10	0
3247	4	20	14	0
3252	5	17	11	0
3257	5	17	11	0
3294	5	18	12	0
3302	12	19	13	0
3307	5	19	13	0
3312	5	18	12	0
3317	5	18	12	0
3322	5	18	12	0
3327	5	19	13	0
3332	4	19	13	0
3337	4	19	13	0
3342	4	19	13	0
3347	4	19	13	0
3352	4	20	14	0
3357	4	19	13	0
3427	3	23	17	0
3435	3	23	30	2
3461	5	14	9	0
3470	3	28	20	0
3472	3	28	20	0
3477	3	28	20	0
3480	3	28	30	2
3482	5	17	11	0
3483	6	16	10	0
3485	3	28	30	2
3487	5	17	11	0
3492	6	17	11	0
3497	6	16	10	0
3502	5	17	11	0
3507	4	19	13	0
3512	5	18	12	0
3517	5	18	12	0
3522	5	18	12	0
3527	5	18	12	0
3532	5	18	12	0
3538	5	17	11	0
3542	5	18	12	0
3547	5	19	13	0
3552	4	19	13	0
3604	5	19	13	0
3612	12	19	13	0
3617	5	19	13	0
3622	5	19	13	0
3627	4	19	13	0
3632	5	19	13	0
3637	5	19	13	0
3642	3	29	21	0
3647	3	23	17	0
3650	3	29	30	2
3652	4	19	13	0
3655	3	23	30	2
3657	5	18	12	0
3660	8	18	12	0
3662	5	18	12	0
3667	5	18	12	0
3673	5	17	11	0
3677	5	17	11	0
3682	5	17	11	0
3687	5	17	11	0
3692	5	18	12	0
3697	4	21	15	0
3702	4	19	13	0
3707	5	18	12	0
3712	5	19	13	0
3717	5	18	12	0
3746	5	17	11	0
3774	5	18	12	0
3780	6	16	10	0
3787	5	18	12	0
3792	5	18	12	0
3797	5	18	12	0
3801	5	17	11	0
3802	5	18	12	0
3807	4	23	17	0
3812	4	20	14	0
3815	4	23	30	2
3817	5	17	11	0
3822	3	25	19	0
3827	4	21	15	0
3830	3	25	30	2
3832	5	17	11	0
3835	4	21	30	2
3837	6	17	11	0
3842	5	17	11	0
3847	5	18	12	0
3852	5	18	12	0
3857	5	18	12	0
3862	5	19	13	0
3867	4	19	13	0
3872	5	18	12	0
4066	5	17	11	0
4099	6	14	9	0
4108	4	19	13	0
4112	4	19	13	0
4117	5	18	12	0
4120	6	17	11	0
4122	5	17	11	0
4127	5	17	11	0
4132	5	17	11	0
4137	5	18	12	0
4142	5	17	11	0
4147	5	18	12	0
4152	5	18	12	0
4157	5	18	12	0
4162	4	19	13	0
4167	4	22	16	0
4172	4	20	14	0
4175	4	22	30	2
4177	5	18	12	0
4182	5	18	12	0
4187	4	19	13	0
4192	5	18	12	0
4197	4	20	14	0
4324	5	17	11	0
4332	15	17	11	0
4337	6	16	10	0
4342	5	17	11	0
4347	5	19	13	0
4352	5	17	11	0
4357	5	17	11	0
4362	5	18	12	0
4367	4	20	14	0
4372	4	19	13	0
4377	5	18	12	0
4382	4	19	13	0
4385	5	17	11	0
4387	3	23	17	0
4395	3	23	30	2
4404	5	19	13	0
4417	6	16	10	0
4422	5	18	12	0
4427	5	18	12	0
4432	5	18	12	0
4437	5	18	12	0
4439	5	17	11	0
4442	5	19	13	0
4447	4	21	15	0
4452	5	19	13	0
4457	4	21	15	0
4462	4	19	13	0
4467	4	21	15	0
4472	4	19	13	0
4477	3	24	18	0
4482	5	19	13	0
4487	4	21	15	0
4492	4	20	14	0
4495	4	21	30	2
4497	5	18	12	0
4500	4	20	30	2
4503	8	13	8	0
4507	5	18	12	0
4512	4	19	13	0
4624	6	17	11	0
4632	15	17	11	0
4637	8	14	9	0
4642	6	16	10	0
4647	4	19	13	0
4652	5	18	12	0
4657	5	17	11	0
4662	5	17	11	0
4667	5	17	11	0
4672	5	17	11	0
4678	5	12	7	0
4682	6	14	9	0
4686	9	18	12	0
4687	4	21	15	0
4692	4	22	16	0
4742	8	13	8	0
4751	4	23	17	0
4752	3	24	18	0
4757	3	24	18	0
4760	3	24	30	2
4761	5	17	11	0
4762	5	19	13	0
4765	3	24	30	2
4767	6	16	10	0
4770	5	19	30	2
4772	8	12	7	0
4777	8	14	9	0
4780	4	11	6	0
4782	5	18	12	0
4787	5	17	11	0
4792	5	17	11	0
4797	6	16	10	0
4802	6	16	10	0
4808	8	13	8	0
4812	6	14	9	0
4817	6	16	10	0
4822	6	16	10	0
4827	6	14	9	0
4832	6	16	10	0
4837	6	14	9	0
5022	6	17	11	0
5044	5	17	11	0
5054	5	17	11	0
5067	6	14	9	0
5072	5	19	13	0
5077	3	25	19	0
5082	4	19	13	0
5085	3	25	30	2
5087	4	19	13	0
5092	6	16	10	0
5097	8	14	9	0
5102	6	16	10	0
5107	4	19	13	0
5112	5	17	11	0
5117	6	16	10	0
5122	6	16	10	0
5127	5	18	12	0
5134	5	11	6	0
5137	6	17	11	0
5142	6	17	11	0
5147	5	18	12	0
5342	6	17	11	0
5350	12	18	12	0
5352	6	17	11	0
5357	5	17	11	0
5362	5	18	12	0
5367	5	18	12	0
5372	4	19	13	0
5377	3	25	19	0
5382	4	21	15	0
5385	3	25	30	2
5386	6	17	11	0
5387	4	19	13	0
5392	4	21	15	0
5397	5	17	11	0
5400	4	21	30	2
5403	8	13	8	0
5407	5	19	13	0
5412	4	23	17	0
5417	5	18	12	0
5420	4	23	30	2
5422	6	16	10	0
5427	6	16	10	0
5432	5	17	11	0
5437	5	18	12	0
5442	5	18	12	0
5447	4	23	17	0
5452	5	18	12	0
5455	4	23	30	2
5457	5	17	11	0
5462	5	17	11	0
5467	5	17	11	0
5472	5	18	12	0
5477	5	17	11	0
5644	8	13	8	0
5652	12	18	12	0
5657	3	28	20	0
5660	3	23	17	0
5662	5	17	11	0
5665	3	28	30	2
5667	5	17	11	0
5668	3	23	30	2
5672	5	17	11	0
5678	5	17	11	0
5682	5	17	11	0
5687	3	23	17	0
5692	5	17	11	0
5695	3	23	30	2
5697	6	14	9	0
5702	5	11	6	0
5704	8	14	9	0
5707	5	19	13	0
5712	4	22	16	0
5715	5	19	30	2
5716	6	14	9	0
5717	6	16	10	0
5722	4	21	15	0
5727	5	18	12	0
5730	4	21	30	2
5732	8	12	7	0
5735	5	18	30	2
5741	6	16	10	0
5742	6	14	9	0
5747	8	12	7	0
5752	8	13	8	0
5757	8	12	7	0
5762	8	14	9	0
5767	6	16	10	0
5772	6	16	10	0
5777	4	20	14	0
5782	5	17	11	0
5787	5	17	11	0
5792	6	16	10	0
5990	6	16	10	0
6000	2	2	1	0
6001	3	23	17	0
6009	3	23	30	2
6010	5	17	11	0
6024	8	14	9	0
6035	6	14	9	0
6037	6	16	10	0
6043	6	16	10	0
6047	5	17	11	0
6052	5	17	11	0
6057	6	16	10	0
6062	6	16	10	0
6070	4	19	13	0
6072	5	17	11	0
6078	5	17	11	0
6082	4	19	13	0
6087	6	16	10	0
6092	4	19	13	0
6097	2	13	8	0
6102	6	16	10	0
6107	4	23	17	0
6115	4	23	30	2
6313	6	14	9	0
6334	5	18	12	0
6344	8	14	9	0
6354	6	16	10	0
6357	6	17	11	0
6362	6	17	11	0
6367	4	22	16	0
6372	3	25	19	0
6377	4	21	15	0
6380	3	25	30	2
6382	5	17	11	0
6385	3	16	10	0
6387	3	23	17	0
6392	5	17	11	0
6395	3	23	30	2
6397	6	16	10	0
6402	4	22	16	0
6407	4	19	13	0
6410	4	22	30	2
6412	6	16	10	0
6417	4	19	13	0
6422	6	16	10	0
6427	4	21	15	0
6432	6	17	11	0
6435	4	21	30	2
6437	9	11	6	0
6442	8	12	7	0
6629	8	12	7	0
6664	6	16	10	0
6672	24	16	10	0
6677	6	14	9	0
6682	6	16	10	0
6687	4	22	16	0
6692	5	17	11	0
6695	4	22	30	2
6697	6	14	9	0
6702	6	16	10	0
6707	6	16	10	0
6712	6	16	10	0
6717	6	16	10	0
6722	5	17	11	0
6727	4	22	16	0
6732	5	17	11	0
6735	4	22	30	2
6738	9	11	6	0
6742	6	14	9	0
6746	15	10	5	0
6747	1	13	8	0
6752	6	14	9	0
6757	4	19	13	0
6762	4	21	15	0
6767	4	19	13	0
6772	4	20	14	0
6777	4	19	13	0
6780	4	20	30	2
6782	6	16	10	0
6785	4	19	30	2
6792	6	16	10	0
6797	8	13	8	0
6948	8	12	7	0
6984	8	13	8	0
6992	3	11	6	0
6993	8	12	7	0
6997	8	14	9	0
7002	8	14	9	0
7007	8	14	9	0
7012	6	14	9	0
7017	6	14	9	0
7027	8	14	9	0
7032	6	16	10	0
7037	5	17	11	0
7042	6	16	10	0
7050	6	14	9	0
7052	6	14	9	0
7057	8	14	9	0
7062	8	13	8	0
7067	8	12	7	0
7267	6	16	10	0
7294	6	16	10	0
7304	6	16	10	0
7312	8	14	9	0
7317	6	16	10	0
7322	6	14	9	0
7327	4	20	14	0
7332	5	18	12	0
7335	4	20	30	2
7337	6	14	9	0
7342	6	14	9	0
7347	8	13	8	0
7352	8	14	9	0
7358	4	20	14	0
7362	5	17	11	0
7367	4	21	15	0
7372	6	16	10	0
7377	8	13	8	0
7382	8	14	9	0
7387	5	17	11	0
7392	6	14	9	0
7400	18	16	10	0
7402	6	16	10	0
7407	6	16	10	0
7412	5	17	11	0
7418	6	14	9	0
7422	5	17	11	0
7427	3	28	20	0
7432	5	19	13	0
7437	5	18	12	0
7442	6	17	11	0
7447	6	17	11	0
7453	5	17	11	0
7457	6	16	10	0
7586	5	17	11	0
7614	5	17	11	0
7622	3	14	9	0
7627	3	25	19	0
7630	4	21	15	0
7632	3	29	21	0
7635	3	25	30	2
7637	6	16	10	0
7640	3	29	30	2
7641	6	14	9	0
7642	6	16	10	0
7647	8	14	9	0
7652	8	13	8	0
7657	5	17	11	0
7662	8	13	8	0
7667	5	18	12	0
7672	8	14	9	0
7675	8	14	9	0
7677	8	14	9	0
7682	8	13	8	0
7687	6	14	9	0
7692	4	22	16	0
7697	4	20	14	0
7700	4	22	30	2
7702	6	17	11	0
7707	6	16	10	0
7712	5	19	13	0
7717	5	17	11	0
7722	4	23	17	0
7727	4	23	17	0
7732	4	21	15	0
7754	4	21	15	0
7762	4	21	30	2
7770	16	14	9	0
7772	8	13	8	0
7777	9	11	6	0
7782	8	13	8	0
7789	5	17	11	0
7792	6	14	9	0
7797	6	16	10	0
7802	5	18	12	0
7807	6	16	10	0
7814	6	16	10	0
7817	6	14	9	0
7822	6	14	9	0
7827	5	18	12	0
7905	4	0	29	0
7934	6	14	9	0
7942	2	8	4	0
7947	8	13	8	0
7950	8	14	9	0
7952	6	14	9	0
7957	8	13	8	0
7961	8	14	9	0
7962	8	14	9	0
7974	8	14	9	0
7982	3	12	7	0
7987	8	14	9	0
7992	6	14	9	0
7997	5	18	12	0
8002	6	17	11	0
8007	6	16	10	0
8012	6	16	10	0
8017	6	16	10	0
8022	5	18	12	0
8027	5	19	13	0
8035	5	14	9	0
8037	5	17	11	0
8042	5	17	11	0
8225	5	17	11	0
8244	5	18	12	0
8254	5	17	11	0
8264	5	17	11	0
8269	6	14	9	0
8277	3	25	19	0
8280	4	22	16	0
8282	3	25	19	0
8285	3	25	30	2
8289	4	21	15	0
8292	5	18	12	0
8297	4	21	30	2
8298	5	19	13	0
8302	5	18	12	0
8306	5	19	30	2
8307	8	12	7	0
8312	5	18	12	0
8317	6	17	11	0
8322	4	20	14	0
8327	6	14	9	0
8332	6	17	11	0
8337	6	14	9	0
8342	6	16	10	0
8349	4	21	15	0
8352	5	17	11	0
8358	4	23	17	0
8362	5	17	11	0
8366	4	23	30	2
8367	8	13	8	0
8424	8	13	8	0
8432	18	13	8	0
8459	6	14	9	0
8462	6	14	9	0
8467	6	16	10	0
8472	3	25	19	0
8478	5	16	10	0
8480	3	25	30	2
8482	6	16	10	0
8487	4	19	13	0
8543	6	17	11	0
8574	4	22	16	0
8582	4	22	30	2
8590	4	8	4	0
8592	9	11	6	0
8597	9	11	6	0
8600	9	12	7	0
8602	8	14	9	0
8607	5	17	11	0
8610	6	14	9	0
8612	6	16	10	0
8617	6	16	10	0
8622	6	16	10	0
8627	6	16	10	0
8630	5	16	10	0
8634	5	17	11	0
8637	5	17	11	0
8645	4	20	14	0
8647	5	18	12	0
8760	4	21	30	2
8762	6	14	9	0
8767	5	19	13	0
8775	5	19	30	2
8783	18	11	6	0
8784	8	8	4	0
8787	9	11	6	0
8792	4	19	13	0
8797	6	14	9	0
8800	4	19	30	2
8802	8	14	9	0
8807	4	21	15	0
8812	8	12	7	0
8815	4	21	30	2
8817	9	11	6	0
8822	4	19	13	0
8827	8	13	8	0
8832	9	11	6	0
8837	8	13	8	0
8863	4	0	29	0
8894	8	13	8	0
8904	6	14	9	0
8918	8	12	7	0
8982	5	19	13	0
8987	4	19	13	0
8990	5	19	30	2
8992	9	11	6	0
8995	4	19	30	2
9003	8	12	7	0
9094	4	22	16	0
9102	4	22	30	2
9110	8	10	5	0
9112	8	12	7	0
9117	8	12	7	0
9122	6	14	9	0
9127	3	13	8	0
9132	5	17	11	0
9137	4	21	15	0
9142	6	14	9	0
9147	6	16	10	0
9149	6	14	9	0
9152	8	12	7	0
9160	8	12	7	0
9162	9	12	7	0
9167	9	11	6	0
9172	8	12	7	0
9177	9	11	6	0
9182	8	12	7	0
9187	5	20	14	0
9192	6	16	10	0
9195	54	14	9	0
9196	3	16	10	0
9198	3	13	8	0
9202	6	14	9	0
9207	5	18	12	0
9212	8	13	8	0
9217	4	21	15	0
9222	6	17	11	0
9225	4	21	30	2
9227	8	13	8	0
9232	8	12	7	0
9241	8	12	7	0
9332	6	16	10	0
9337	8	14	9	0
9341	8	12	7	0
9342	6	14	9	0
9347	4	19	13	0
9352	5	19	13	0
9357	6	16	10	0
9362	6	14	9	0
9367	5	19	13	0
9368	5	17	11	0
9372	6	16	10	0
9377	6	16	10	0
9382	6	16	10	0
9385	15	16	10	0
9387	6	16	10	0
9392	6	14	9	0
9399	8	14	9	0
9402	6	16	10	0
9407	6	17	11	0
9412	4	22	16	0
9417	6	17	11	0
9422	6	14	9	0
9428	5	17	11	0
9432	6	14	9	0
9436	10	14	9	0
9437	4	21	15	0
9442	6	16	10	0
9447	6	14	9	0
9452	6	14	9	0
9455	10	14	9	0
9457	8	14	9	0
9462	6	17	11	0
9463	6	14	9	0
9467	5	17	11	0
9472	6	14	9	0
9477	6	14	9	0
9482	6	16	10	0
9486	2	2	1	0
9488	6	14	9	0
9492	6	17	11	0
9496	4	21	15	0
9501	5	17	11	0
9504	4	21	30	2
9505	5	18	12	0
9506	5	17	11	0
9515	6	16	10	0
9517	5	17	11	0
9523	6	14	9	0
9527	4	21	15	0
9528	5	17	11	0
9532	4	22	16	0
9537	6	14	9	0
9540	4	22	30	2
9542	5	18	12	0
9543	5	17	11	0
9547	8	13	8	0
9554	4	0	29	0
9592	5	19	13	0
9597	5	17	11	0
9602	6	17	11	0
9606	5	20	14	0
9611	6	14	9	0
9612	6	14	9	0
9617	6	17	11	0
9622	4	20	14	0
9625	6	17	30	2
9627	3	11	6	0
9630	4	20	30	2
9632	9	12	7	0
9633	64	11	6	0
9634	64	10	5	0
9635	64	10	5	0
9636	64	17	11	0
9637	54	17	11	0
9638	64	17	11	0
9639	64	12	7	0
9640	64	12	7	0
9641	64	12	7	0
9642	64	14	9	0
9643	64	18	12	0
9644	54	18	12	0
9645	60	19	13	0
9650	5	18	12	0
9657	4	20	14	0
9662	3	25	19	0
9689	64	13	8	0
9690	64	13	8	0
9691	64	13	8	0
9692	64	13	8	0
9693	54	13	8	0
9694	56	14	9	0
9695	56	14	9	0
9696	64	16	10	0
9697	54	17	11	0
9698	64	17	11	0
9699	54	18	12	0
9702	5	17	11	0
9708	5	14	9	0
9712	5	18	12	0
9716	5	17	11	0
9717	4	21	15	0
9719	4	20	14	0
9723	5	18	12	0
9725	4	21	30	2
9727	4	20	30	2
9728	8	12	7	0
9732	5	18	12	0
9738	8	12	7	0
9740	5	18	30	2
9800	9	14	9	0
9802	6	14	9	0
9807	6	16	10	0
9812	6	16	10	0
9817	2	2	1	0
9818	8	14	9	0
9822	9	11	6	0
9826	6	21	15	0
9827	5	19	13	0
9832	4	23	17	0
9834	6	21	30	2
9837	6	14	9	0
9842	8	13	8	0
9844	8	13	8	0
9845	36	12	7	0
9847	8	12	7	0
9852	8	12	7	0
9857	6	16	10	0
9919	3	23	17	0
9922	8	17	11	0
9925	3	28	30	2
9927	3	23	30	2
9928	8	12	7	0
9932	8	12	7	0
9937	6	14	9	0
9942	8	13	8	0
9945	10	13	8	0
9947	8	14	9	0
9952	6	14	9	0
9955	8	13	8	0
9957	8	13	8	0
9962	6	14	9	0
9967	6	14	9	0
9972	6	14	9	0
9976	8	14	9	0
9977	6	14	9	0
9982	6	14	9	0
9990	30	18	12	0
9992	8	14	9	0
9997	6	16	10	0
10000	8	18	12	0
10002	4	20	14	0
10007	6	16	10	0
10010	4	20	30	2
10012	6	14	9	0
10017	6	17	11	0
10022	6	14	9	0
10024	8	14	9	0
10025	3	13	8	0
10027	6	14	9	0
10030	18	16	10	0
10032	6	14	9	0
10036	8	14	9	0
10037	6	14	9	0
10042	6	16	10	0
10046	6	14	9	0
10047	6	16	10	0
10052	5	17	11	0
10057	5	17	11	0
10060	10	17	11	0
10062	6	16	10	0
10064	6	14	9	0
10067	6	16	10	0
10072	6	16	10	0
10075	4	16	10	0
10077	4	21	15	0
10082	5	17	11	0
10086	6	14	9	0
10090	8	17	11	0
10092	6	16	10	0
10097	5	17	11	0
10102	5	17	11	0
10105	8	18	12	0
10106	4	23	17	0
10107	3	25	19	0
10110	5	25	19	0
10112	3	25	19	0
10115	3	25	30	2
10118	6	17	11	0
10122	4	20	14	0
10127	4	20	14	0
10130	4	20	30	2
10132	6	14	9	0
10135	5	14	9	0
10137	4	20	14	0
10142	5	17	11	0
10145	4	20	30	2
10147	6	16	10	0
10149	6	14	9	0
10150	4	16	10	0
10152	4	20	14	0
10155	18	14	9	0
10158	8	13	8	0
10162	8	12	7	0
10167	4	19	13	0
10172	8	13	8	0
10175	4	19	30	2
10180	54	10	5	0
10181	4	0	29	0
10182	3	8	4	0
10187	8	12	7	0
10192	8	14	9	0
10194	8	13	8	0
10197	5	17	11	0
10202	4	22	16	0
10205	5	21	15	0
10207	4	20	14	0
10210	4	22	30	2
10212	8	12	7	0
10213	5	21	30	2
10218	5	10	5	0
10220	9	11	6	0
10222	8	13	8	0
10226	27	12	7	0
10230	10	10	5	0
10232	6	16	10	0
10237	8	13	8	0
2	8	14	9	0
5	8	14	9	0
7	8	13	8	0
12	8	13	8	0
15	8	13	8	0
17	5	18	12	0
20	2	16	10	0
22	4	23	17	0
27	5	19	13	0
30	4	23	30	2
32	6	14	9	0
33	8	13	8	0
37	6	14	9	0
42	8	14	9	0
45	36	14	9	0
48	5	19	13	0
52	8	13	8	0
56	9	14	9	0
57	8	13	8	0
61	8	12	7	0
62	8	13	8	0
65	4	11	6	0
79	5	14	9	0
87	15	18	12	0
95	5	18	12	0
102	4	0	29	0
103	20	12	7	0
114	4	19	13	0
122	4	19	30	2
130	27	10	5	0
131	10	10	5	0
138	64	10	5	0
139	2	11	6	0
142	5	18	12	0
147	4	19	13	0
152	5	17	11	0
157	2	22	16	0
160	6	24	18	0
162	5	17	11	0
165	12	18	12	0
167	6	14	9	0
172	6	14	9	0
173	8	13	8	0
177	8	13	8	0
182	8	14	9	0
185	8	14	9	0
187	6	16	10	0
192	6	14	9	0
197	8	13	8	0
202	8	13	8	0
205	9	14	9	0
207	6	17	11	0
212	6	14	9	0
213	8	12	7	0
215	2	12	7	0
218	6	14	9	0
220	16	16	10	0
222	6	14	9	0
226	15	16	10	0
227	5	18	12	0
232	4	20	14	0
237	6	16	10	0
239	8	14	9	0
240	4	20	30	2
242	8	13	8	0
247	8	13	8	0
252	8	13	8	0
257	8	13	8	0
259	8	12	7	0
262	6	14	9	0
265	5	14	9	0
267	6	14	9	0
272	6	16	10	0
277	6	17	11	0
282	6	16	10	0
285	9	14	9	0
287	5	17	11	0
290	12	17	11	0
292	6	16	10	0
295	15	17	11	0
297	6	16	10	0
299	6	14	9	0
302	6	16	10	0
307	6	16	10	0
310	3	16	10	0
312	6	16	10	0
317	6	17	11	0
322	5	17	11	0
323	6	16	10	0
325	3	16	10	0
327	5	17	11	0
332	5	17	11	0
337	6	16	10	0
342	6	16	10	0
343	6	14	9	0
347	4	22	16	0
350	2	20	14	0
352	5	17	11	0
355	4	22	30	2
356	8	14	9	0
357	6	14	9	0
360	3	13	8	0
362	6	14	9	0
367	6	14	9	0
370	9	16	10	0
372	6	16	10	0
377	5	18	12	0
380	5	16	10	0
382	6	16	10	0
387	6	14	9	0
388	8	14	9	0
392	6	14	9	0
397	6	16	10	0
402	6	16	10	0
406	8	14	9	0
407	6	16	10	0
412	5	17	11	0
417	6	16	10	0
422	5	12	7	0
427	6	16	10	0
430	12	16	10	0
432	4	22	16	0
437	6	17	11	0
441	8	13	8	0
442	6	14	9	0
445	4	14	9	0
447	8	13	8	0
450	15	14	9	0
452	8	14	9	0
458	6	14	9	0
460	4	16	10	0
462	6	16	10	0
466	12	17	11	0
467	3	24	18	0
472	4	19	13	0
475	3	24	30	2
476	6	16	10	0
477	5	17	11	0
482	5	18	12	0
487	6	12	7	0
491	4	0	29	0
492	6	16	10	0
498	4	22	16	0
502	4	21	15	0
506	4	22	30	2
507	6	14	9	0
512	6	16	10	0
514	4	16	10	0
515	15	14	9	0
518	6	12	7	0
522	8	12	7	0
526	8	14	9	0
529	4	19	13	0
532	5	18	12	0
534	24	19	13	0
537	8	14	9	0
542	5	17	11	0
548	5	17	11	0
557	4	21	15	0
562	4	22	16	0
567	4	21	15	0
570	4	22	30	2
571	8	13	8	0
572	6	14	9	0
575	4	21	30	2
577	5	19	13	0
579	6	14	9	0
582	5	18	12	0
585	5	19	30	2
587	6	14	9	0
590	4	13	8	0
592	8	13	8	0
597	6	14	9	0
600	8	16	10	0
602	6	14	9	0
605	15	14	9	0
607	6	16	10	0
610	16	17	11	0
612	6	16	10	0
620	5	14	9	0
622	5	17	11	0
627	5	17	11	0
632	4	21	15	0
634	4	20	14	0
637	5	18	12	0
642	6	17	11	0
645	8	17	11	0
647	5	17	11	0
652	6	16	10	0
660	9	21	15	0
662	3	23	17	0
667	4	23	17	0
672	6	17	11	0
676	15	16	10	0
677	6	16	10	0
680	6	14	9	0
682	6	16	10	0
685	4	16	10	0
687	6	16	10	0
692	6	16	10	0
697	6	16	10	0
702	6	14	9	0
705	9	16	10	0
708	6	16	10	0
712	4	19	13	0
717	4	22	16	0
721	4	20	14	0
722	4	22	16	0
727	6	16	10	0
732	5	18	12	0
733	2	16	10	0
737	8	13	8	0
739	8	13	8	0
740	5	18	30	2
742	8	12	7	0
749	9	11	6	0
750	12	12	7	0
752	6	14	9	0
757	20	14	9	0
762	4	19	13	0
763	5	18	12	0
765	18	20	14	0
767	4	19	13	0
772	5	18	12	0
777	5	17	11	0
782	5	17	11	0
788	6	17	11	0
790	8	17	11	0
792	5	17	11	0
796	6	16	10	0
797	5	17	11	0
802	5	17	11	0
807	5	17	11	0
810	6	16	10	0
812	5	17	11	0
817	5	17	11	0
822	5	18	12	0
824	5	17	11	0
827	3	23	17	0
830	2	22	16	0
832	4	19	13	0
837	6	17	11	0
838	2	22	30	2
840	50	16	10	0
842	6	17	11	0
847	6	17	11	0
850	8	18	12	0
852	6	17	11	0
857	6	16	10	0
862	6	16	10	0
867	6	16	10	0
872	6	16	10	0
874	6	14	9	0
877	4	21	15	0
882	8	13	8	0
886	8	13	8	0
887	6	14	9	0
892	4	21	15	0
897	6	16	10	0
902	5	17	11	0
907	6	14	9	0
910	10	16	10	0
912	6	16	10	0
917	8	13	8	0
922	8	13	8	0
925	64	14	9	0
926	9	20	14	0
928	2	16	10	0
932	4	23	17	0
937	4	23	17	0
942	4	21	15	0
945	4	20	14	0
947	4	19	13	0
950	4	21	30	2
952	6	16	10	0
953	4	20	30	2
957	6	14	9	0
959	6	14	9	0
962	5	17	11	0
967	4	20	14	0
970	10	17	11	0
971	8	14	9	0
972	6	16	10	0
977	6	14	9	0
982	6	16	10	0
985	8	16	10	0
987	5	17	11	0
992	6	16	10	0
1000	16	14	9	0
1002	6	14	9	0
1004	8	13	8	0
1007	8	13	8	0
1008	27	14	9	0
1012	6	14	9	0
1017	4	19	13	0
1019	5	20	14	0
1022	4	21	15	0
1027	5	20	30	2
1028	5	18	12	0
1030	4	21	30	2
1032	6	14	9	0
1036	4	12	7	0
1037	8	13	8	0
1042	8	13	8	0
1044	8	14	9	0
1045	8	12	7	0
1050	2	11	6	0
1052	4	19	13	0
1055	5	17	11	0
1057	5	19	13	0
1062	4	19	13	0
1067	6	16	10	0
1070	6	14	9	0
1072	8	13	8	0
1075	4	12	7	0
1077	8	13	8	0
1082	8	14	9	0
1085	36	14	9	0
1087	5	17	11	0
1092	6	14	9	0
1097	6	16	10	0
1102	5	17	11	0
1105	9	16	10	0
1107	5	18	12	0
1114	4	18	12	0
1117	6	16	10	0
1120	6	16	10	0
1122	6	14	9	0
1127	6	14	9	0
1132	5	17	11	0
1137	6	14	9	0
1142	6	16	10	0
1147	5	18	12	0
1152	5	17	11	0
1155	10	16	10	0
1157	3	25	19	0
1160	8	28	20	0
1162	5	18	12	0
1165	3	25	30	2
1167	4	19	13	0
1168	8	28	30	2
1170	40	17	11	0
1172	6	16	10	0
1177	6	14	9	0
1182	6	16	10	0
1190	8	13	8	0
1192	6	14	9	0
1197	6	14	9	0
1200	3	23	17	0
1202	4	23	17	0
1207	5	18	12	0
1208	3	23	30	2
1210	4	23	30	2
1212	6	14	9	0
1214	8	14	9	0
1217	6	14	9	0
1222	6	14	9	0
1225	10	14	9	0
1229	5	14	9	0
1232	6	16	10	0
1237	10	17	11	0
1242	5	19	13	0
1245	40	19	13	0
1247	5	17	11	0
1252	5	17	11	0
1258	5	17	11	0
1262	6	17	11	0
1267	4	21	15	0
1270	4	20	14	0
1272	5	18	12	0
1277	4	20	14	0
1280	6	16	10	0
1282	6	16	10	0
1285	4	20	30	2
1287	8	13	8	0
1291	8	12	7	0
1292	8	13	8	0
1297	8	13	8	0
1302	8	13	8	0
1305	24	13	8	0
1307	5	17	11	0
1312	6	16	10	0
1315	1	13	8	0
1317	6	17	11	0
1320	32	17	11	0
1322	6	17	11	0
1327	6	17	11	0
1332	5	17	11	0
1337	5	17	11	0
1340	6	16	10	0
1342	5	17	11	0
1348	3	17	11	0
1352	5	17	11	0
1357	3	25	19	0
1362	5	18	12	0
1365	3	25	30	2
1366	6	14	9	0
1367	6	16	10	0
1370	4	16	10	0
1373	5	11	6	0
1377	6	14	9	0
1381	16	14	9	0
1383	5	17	11	0
1387	5	18	12	0
1389	4	18	12	0
1393	4	20	14	0
1395	24	21	15	0
1397	5	17	11	0
1402	5	17	11	0
1405	6	16	10	0
1407	5	17	11	0
1412	5	17	11	0
1415	6	14	9	0
1417	5	17	11	0
1422	5	17	11	0
1427	5	17	11	0
1432	5	17	11	0
1433	6	16	10	0
1435	3	16	10	0
1437	5	17	11	0
1442	6	17	11	0
1443	6	14	9	0
1445	3	16	10	0
1447	5	17	11	0
1452	5	17	11	0
1457	1	11	6	0
1460	12	18	12	0
1462	5	17	11	0
1467	3	28	20	0
1468	3	23	17	0
1472	5	19	13	0
1475	3	28	30	2
1477	6	16	10	0
1478	6	14	9	0
1480	10	17	11	0
1482	6	16	10	0
1487	6	14	9	0
1492	6	14	9	0
1495	5	14	9	0
1497	2	18	12	0
1502	6	17	11	0
1505	9	17	11	0
1507	5	18	12	0
1512	5	19	13	0
1518	5	17	11	0
1522	5	18	12	0
1523	5	17	11	0
1527	4	21	15	0
1531	2	17	11	0
1532	5	18	12	0
1535	4	21	30	2
1537	5	17	11	0
1539	6	16	10	0
1542	6	17	11	0
1547	6	17	11	0
1552	5	17	11	0
1555	8	18	12	0
1557	5	17	11	0
1560	30	18	12	0
1562	5	17	11	0
1565	12	18	12	0
1567	4	20	14	0
1572	4	19	13	0
1577	5	18	12	0
1580	5	17	11	0
1630	4	21	15	0
1632	4	20	14	0
1636	27	20	14	0
1637	4	20	14	0
1640	4	20	30	2
1642	6	16	10	0
1647	6	14	9	0
1652	8	12	7	0
1654	8	12	7	0
1657	8	14	9	0
1663	8	13	8	0
1664	8	12	7	0
1667	6	16	10	0
1672	4	20	14	0
1677	3	23	17	0
1682	4	19	13	0
1685	3	23	30	2
1687	5	18	12	0
1690	20	19	13	0
1692	4	19	13	0
1695	8	19	13	0
1697	5	17	11	0
1702	5	17	11	0
1707	5	18	12	0
1712	5	17	11	0
1717	6	16	10	0
1720	27	17	11	0
1722	5	17	11	0
1724	6	16	10	0
1727	3	25	19	0
1732	5	19	13	0
1735	3	25	30	2
1736	6	16	10	0
1737	5	17	11	0
1743	4	21	15	0
1747	5	18	12	0
1751	8	18	12	0
1752	4	20	14	0
1757	5	17	11	0
1762	5	18	12	0
1765	24	19	13	0
1766	4	22	16	0
1767	4	23	17	0
1772	5	17	11	0
1775	4	23	30	2
1777	6	16	10	0
1784	8	14	9	0
1787	5	17	11	0
1792	8	18	12	0
1797	4	20	14	0
1852	6	14	9	0
1857	6	16	10	0
1859	8	14	9	0
1862	5	18	12	0
1919	6	17	11	0
1922	5	17	11	0
1927	6	17	11	0
1932	6	16	10	0
1938	3	20	14	0
1942	5	17	11	0
1946	9	18	12	0
1947	3	25	19	0
1953	1	12	7	0
1954	6	16	10	0
1955	3	25	30	2
1957	6	16	10	0
1961	8	17	11	0
1963	3	31	23	0
1967	3	23	17	0
1969	18	23	17	0
1971	3	31	30	2
1972	4	19	13	0
2022	8	12	7	0
2024	4	0	29	0
2027	8	13	8	0
2032	4	19	13	0
2037	6	14	9	0
2040	36	14	9	0
2042	8	13	8	0
2043	8	12	7	0
2047	4	20	14	0
2051	3	14	9	0
2052	6	14	9	0
2055	4	20	30	2
2057	8	12	7	0
2059	12	13	8	0
2062	8	12	7	0
2065	15	13	8	0
2067	8	13	8	0
2076	8	13	8	0
2077	6	16	10	0
2082	6	16	10	0
2086	5	18	12	0
2087	4	20	14	0
2092	5	17	11	0
2097	6	14	9	0
2099	8	14	9	0
2102	6	14	9	0
2105	5	14	9	0
2107	6	14	9	0
2112	6	14	9	0
2115	8	13	8	0
2117	5	18	12	0
2122	4	21	15	0
2125	5	23	17	0
2127	5	19	13	0
2130	12	19	13	0
2133	5	23	30	2
2135	15	17	11	0
2137	8	13	8	0
2140	5	18	12	0
2142	6	14	9	0
2147	5	18	12	0
2148	5	18	30	2
2152	5	18	12	0
2157	5	17	11	0
2161	8	12	7	0
2162	8	13	8	0
2165	4	12	7	0
2167	4	19	13	0
2222	9	11	6	0
2225	4	10	5	0
2227	8	12	7	0
2228	4	0	29	0
2234	9	11	6	0
2237	6	14	9	0
2242	6	14	9	0
2246	6	16	10	0
2247	6	17	11	0
2252	8	14	9	0
2254	1	8	4	0
2257	8	14	9	0
2259	8	13	8	0
2262	8	13	8	0
2267	8	13	8	0
2270	10	13	8	0
2275	8	14	9	0
2277	6	16	10	0
2282	6	14	9	0
2285	8	17	11	0
2287	6	14	9	0
2292	4	19	13	0
2297	5	17	11	0
2299	6	17	11	0
2300	18	19	13	0
2302	5	17	11	0
2309	8	14	9	0
2312	8	14	9	0
2317	6	14	9	0
2319	5	18	12	0
2322	5	17	11	0
2325	3	16	10	0
2330	24	14	9	0
2332	9	11	6	0
2337	6	14	9	0
2342	5	18	12	0
2345	9	18	12	0
2347	6	16	10	0
2352	5	18	12	0
2357	5	17	11	0
2362	6	17	11	0
2365	6	14	9	0
2367	5	17	11	0
2372	6	17	11	0
2373	3	14	9	0
2375	16	19	13	0
2377	5	17	11	0
2379	6	16	10	0
2382	6	16	10	0
2387	6	17	11	0
2392	6	16	10	0
2395	8	16	10	0
2397	4	22	16	0
2402	5	17	11	0
2405	24	20	14	0
2407	5	18	12	0
2412	3	23	17	0
2417	5	17	11	0
2420	3	23	30	2
2422	6	16	10	0
2427	4	21	15	0
2428	5	20	14	0
2432	6	14	9	0
2435	4	21	30	2
2436	5	20	30	2
2437	8	13	8	0
2439	8	12	7	0
2442	8	13	8	0
2445	4	11	6	0
2447	8	14	9	0
2452	8	12	7	0
2455	5	16	10	0
2457	4	20	14	0
2460	12	20	14	0
2462	4	19	13	0
2467	4	19	13	0
2470	3	20	14	0
2472	4	19	13	0
2475	10	20	14	0
2477	4	19	13	0
2482	4	22	16	0
2488	5	18	12	0
2490	5	17	11	0
2492	3	24	18	0
2497	3	25	19	0
2500	3	24	30	2
2502	5	18	12	0
2505	3	25	30	2
2507	4	21	15	0
2512	6	16	10	0
2515	4	21	30	2
2519	8	12	7	0
2520	12	13	8	0
2522	8	12	7	0
2527	20	13	8	0
2532	6	16	10	0
2535	30	17	11	0
2537	8	14	9	0
2542	8	13	8	0
2547	8	13	8	0
2552	6	14	9	0
2560	6	11	6	0
2561	10	10	5	0
2562	6	14	9	0
2567	6	16	10	0
2572	5	18	12	0
2577	6	14	9	0
2581	5	18	12	0
2582	4	20	14	0
2587	6	14	9	0
2589	5	18	30	2
2592	8	13	8	0
2595	24	13	8	0
2597	8	13	8	0
2600	12	14	9	0
2602	8	13	8	0
2605	16	14	9	0
2607	6	14	9	0
2612	6	14	9	0
2615	10	16	10	0
2617	6	16	10	0
2622	6	17	11	0
2626	6	16	10	0
2627	6	16	10	0
2632	5	17	11	0
2637	5	18	12	0
2640	5	18	12	0
2642	5	19	13	0
2647	3	25	19	0
2652	6	16	10	0
2655	3	25	30	2
2657	6	16	10	0
2660	3	14	9	0
2662	8	13	8	0
2665	16	14	9	0
2667	8	13	8	0
2670	18	14	9	0
2672	8	14	9	0
2675	8	17	11	0
2677	5	18	12	0
2682	5	17	11	0
2687	6	16	10	0
2690	8	16	10	0
2692	6	14	9	0
2694	8	13	8	0
2701	6	14	9	0
2702	6	16	10	0
2707	6	17	11	0
2712	3	25	19	0
2714	4	23	17	0
2717	4	19	13	0
2720	3	25	30	2
2722	4	23	30	2
2723	5	18	12	0
2727	5	19	13	0
2730	2	13	8	0
2731	16	16	10	0
2732	6	14	9	0
2735	5	19	30	2
2737	8	12	7	0
2738	12	13	8	0
2742	6	16	10	0
2747	8	13	8	0
2752	8	14	9	0
2755	8	14	9	0
2757	6	16	10	0
2760	12	18	12	0
2762	6	16	10	0
2767	5	17	11	0
2770	6	17	11	0
2772	5	18	12	0
2777	4	19	13	0
2780	8	18	12	0
2782	5	17	11	0
2787	4	21	15	0
2792	6	17	11	0
2795	4	21	30	2
2797	6	14	9	0
2800	2	13	8	0
2801	6	11	6	0
2802	8	13	8	0
2805	15	14	9	0
2807	5	17	11	0
2812	5	18	12	0
2813	6	17	11	0
2817	6	16	10	0
2822	6	16	10	0
2825	8	17	11	0
2830	5	17	11	0
2832	6	16	10	0
2835	6	14	9	0
2837	6	16	10	0
2842	3	28	20	0
2847	5	19	13	0
2849	5	17	11	0
2850	3	28	30	2
2852	5	17	11	0
2859	6	14	9	0
2860	12	16	10	0
2862	6	14	9	0
2867	8	13	8	0
2872	8	13	8	0
2875	2	13	8	0
2877	4	19	13	0
2882	4	22	16	0
2883	4	20	14	0
2887	4	22	16	0
2890	4	22	30	2
2891	4	20	30	2
2892	6	16	10	0
2894	6	14	9	0
2895	4	22	30	2
2897	8	14	9	0
2902	6	16	10	0
2907	5	17	11	0
2912	6	16	10	0
2915	30	16	10	0
2919	8	13	8	0
2920	2	2	1	0
2921	8	14	9	0
2922	6	16	10	0
2927	6	16	10	0
2932	5	18	12	0
2937	6	14	9	0
2990	8	14	9	0
2992	4	19	13	0
2997	6	17	11	0
3002	6	16	10	0
3007	5	17	11	0
3012	8	14	9	0
3014	8	14	9	0
3017	6	16	10	0
3022	3	23	17	0
3028	3	24	18	0
3030	3	23	30	2
3032	4	21	15	0
3034	5	18	12	0
3036	3	24	30	2
3037	4	21	15	0
3040	4	21	30	2
3042	5	17	11	0
3047	5	19	13	0
3052	8	14	9	0
3055	8	14	9	0
3057	5	19	13	0
3059	5	17	11	0
3060	24	20	14	0
3062	8	13	8	0
3065	5	19	30	2
3067	6	16	10	0
3068	24	20	30	2
3073	6	16	10	0
3074	5	17	11	0
3077	6	16	10	0
3082	6	14	9	0
3085	10	14	9	0
3087	8	13	8	0
3090	8	13	8	0
3092	8	13	8	0
3097	8	13	8	0
3098	3	14	9	0
3102	8	14	9	0
3107	4	19	13	0
3112	6	14	9	0
3114	8	14	9	0
3115	5	14	9	0
3117	9	12	7	0
3122	5	17	11	0
3130	6	12	7	0
3132	8	13	8	0
3140	9	21	15	0
3142	4	19	13	0
3147	4	20	14	0
3148	6	21	15	0
3150	5	17	11	0
3152	5	18	12	0
3155	4	20	30	2
3156	6	21	30	2
3157	8	12	7	0
3163	40	10	5	0
3167	9	11	6	0
3171	12	13	8	0
3172	6	14	9	0
3177	6	16	10	0
3182	6	16	10	0
3187	8	14	9	0
3192	6	14	9	0
3197	6	17	11	0
3202	6	16	10	0
3207	4	23	17	0
3212	4	19	13	0
3217	6	14	9	0
3220	3	13	8	0
3222	8	13	8	0
3228	6	14	9	0
3230	10	14	9	0
3232	8	13	8	0
3236	20	13	8	0
3237	8	12	7	0
3242	8	13	8	0
3244	4	12	7	0
3247	6	16	10	0
3250	15	16	10	0
3252	8	14	9	0
3257	6	14	9	0
3262	6	16	10	0
3264	8	14	9	0
3267	5	18	12	0
3272	5	19	13	0
3279	8	14	9	0
3282	8	14	9	0
3287	6	14	9	0
3292	5	18	12	0
3297	6	14	9	0
3300	30	16	10	0
3302	6	14	9	0
3307	5	19	13	0
3310	9	17	11	0
3312	6	16	10	0
3315	15	17	11	0
3317	6	14	9	0
3320	9	16	10	0
3322	6	14	9	0
3327	5	17	11	0
3333	5	18	12	0
3335	5	17	11	0
3338	4	22	16	0
3342	4	23	17	0
3346	4	22	30	2
3347	6	17	11	0
3353	4	19	13	0
3357	6	14	9	0
3359	8	13	8	0
3361	4	19	30	2
3362	5	17	11	0
3367	5	18	12	0
3372	8	13	8	0
3375	10	14	9	0
3377	8	13	8	0
3382	8	14	9	0
3385	27	14	9	0
3387	6	14	9	0
3395	10	14	9	0
3396	3	14	9	0
3401	5	18	12	0
3464	10	10	5	0
3470	20	14	9	0
3488	9	11	6	0
3492	4	0	29	0
3496	24	11	6	0
3498	6	16	10	0
3502	8	13	8	0
3507	5	17	11	0
3509	6	16	10	0
3512	4	19	13	0
3517	4	11	6	0
3526	5	18	12	0
3527	5	18	12	0
3529	5	17	11	0
3532	5	18	12	0
3537	5	17	30	2
3538	8	14	9	0
3542	8	13	8	0
3545	2	11	6	0
3546	40	14	9	0
3547	6	14	9	0
3551	6	16	10	0
3552	8	14	9	0
3553	3	16	10	0
3557	3	17	11	0
3562	5	18	12	0
3567	4	19	13	0
3572	4	22	16	0
3575	6	23	17	0
3577	4	20	14	0
3580	4	22	30	2
3582	8	13	8	0
3583	6	23	30	2
3585	8	12	7	0
3587	8	13	8	0
3592	8	12	7	0
3599	8	13	8	0
3602	6	14	9	0
3607	6	14	9	0
3612	4	20	14	0
3615	6	21	15	0
3618	5	18	12	0
3626	64	13	8	0
3627	6	14	9	0
3633	8	13	8	0
3637	6	14	9	0
3641	9	16	10	0
3642	5	18	12	0
3647	4	21	15	0
3652	6	16	10	0
3655	4	21	30	2
3657	8	12	7	0
3660	8	12	7	0
3662	8	12	7	0
3670	8	12	7	0
3671	4	0	29	0
3672	8	12	7	0
3677	9	11	6	0
3682	8	13	8	0
3687	4	19	13	0
3692	6	16	10	0
3695	8	16	10	0
3700	2	17	11	0
3703	5	18	12	0
3707	6	16	10	0
3708	8	17	11	0
3712	4	21	15	0
3715	32	22	16	0
3717	4	19	13	0
3722	4	22	16	0
3727	4	20	14	0
3729	5	17	11	0
3740	4	21	15	0
3742	4	22	16	0
3748	4	21	30	2
3749	4	20	14	0
3750	4	22	30	2
3752	5	18	12	0
3753	6	17	11	0
3757	4	10	5	0
3762	6	16	10	0
3767	4	19	13	0
3770	5	17	11	0
3772	4	19	13	0
3775	4	19	30	2
3777	8	12	7	0
3780	4	19	30	2
3782	9	12	7	0
3785	40	11	6	0
3786	8	13	8	0
3787	6	14	9	0
3792	8	12	7	0
3797	6	14	9	0
3800	30	16	10	0
3802	8	13	8	0
3807	5	18	12	0
3810	2	14	9	0
3812	4	20	14	0
3817	6	14	9	0
3820	4	20	30	2
3821	8	13	8	0
3822	8	13	8	0
3827	4	19	13	0
3830	8	13	8	0
3832	8	14	9	0
3835	4	19	30	2
3837	9	11	6	0
3843	1	2	1	0
3845	8	12	7	0
3847	6	16	10	0
3851	10	17	11	0
3852	4	21	15	0
3857	4	20	14	0
3859	4	20	14	0
3862	6	17	11	0
3867	4	20	30	2
3868	6	16	10	0
3872	6	16	10	0
3876	2	6	3	0
3881	9	11	6	0
3882	8	12	7	0
3884	9	10	5	0
3886	2	2	1	0
3887	4	12	7	0
3888	24	17	11	0
3892	8	13	8	0
3898	4	20	14	0
3902	5	17	11	0
3905	2	2	1	0
3906	2	2	1	0
3907	1	2	1	0
3908	6	16	10	0
3912	5	17	11	0
3917	4	19	13	0
3922	4	21	15	0
3925	5	19	13	0
3927	5	18	12	0
3930	4	21	30	2
3932	8	12	7	0
3933	5	19	30	2
3937	8	12	7	0
3946	6	16	10	0
3949	6	14	9	0
3954	54	16	10	0
3955	64	16	10	0
3956	64	16	10	0
3957	32	16	10	0
3958	48	17	11	0
3959	64	17	11	0
3960	8	18	12	0
3962	8	18	12	0
3971	9	11	6	0
3972	8	12	7	0
3977	8	12	7	0
3982	4	20	14	0
3988	8	14	9	0
3992	4	19	13	0
3996	64	20	14	0
3997	20	12	7	0
3998	40	13	8	0
4002	5	17	11	0
4007	6	16	10	0
4010	64	16	10	0
4011	64	12	7	0
4012	64	12	7	0
4013	64	14	9	0
4014	64	14	9	0
4015	64	14	9	0
4016	64	19	13	0
4017	48	19	13	0
4018	64	19	13	0
4019	64	17	11	0
4020	8	17	11	0
4029	6	14	9	0
4032	8	13	8	0
4041	6	16	10	0
4049	64	17	11	0
4050	64	17	11	0
4051	64	17	11	0
4052	8	17	11	0
4057	50	17	11	0
4058	64	14	9	0
4060	50	12	7	0
4061	50	12	7	0
4062	64	12	7	0
4063	32	11	6	0
4064	60	13	8	0
4066	50	11	6	0
4067	40	12	7	0
4068	45	12	7	0
4069	27	11	6	0
4070	40	13	8	0
4071	45	13	8	0
4072	64	17	11	0
4073	54	14	9	0
4074	36	14	9	0
4075	48	14	9	0
4076	54	16	10	0
4077	18	16	10	0
4078	50	17	11	0
4079	64	18	12	0
4080	64	18	12	0
4081	50	17	11	0
4082	40	17	11	0
4083	64	19	13	0
4084	50	19	13	0
4085	15	17	11	0
4088	5	17	11	0
4090	36	16	10	0
4093	15	13	8	0
4096	54	14	9	0
4097	27	11	6	0
4098	54	12	7	0
4099	36	17	11	0
4101	12	14	9	0
4102	50	17	11	0
4103	45	17	11	0
4106	54	18	12	0
4107	40	18	12	0
4108	40	18	12	0
4109	25	17	11	0
4110	50	19	13	0
4111	8	16	10	0
4112	40	18	12	0
4113	45	18	12	0
4114	50	18	12	0
4115	50	18	12	0
4116	54	18	12	0
4117	36	19	13	0
4118	50	19	13	0
4119	45	19	13	0
4120	54	20	14	0
4121	40	20	14	0
4122	54	20	14	0
4123	54	20	14	0
4124	54	19	13	0
4125	54	19	13	0
4126	54	19	13	0
4127	24	19	13	0
4128	50	19	13	0
4129	50	19	13	0
4130	27	18	12	0
4131	54	20	30	2
4133	10	17	11	0
4137	32	17	11	0
4138	50	17	11	0
4139	50	18	12	0
4140	50	17	11	0
4141	50	17	11	0
4142	48	19	13	0
4143	54	19	13	0
4144	54	19	13	0
4145	30	19	13	0
4146	60	19	13	0
4147	40	19	13	0
4148	45	19	13	0
4149	50	17	30	2
4150	64	17	11	0
4151	64	18	12	0
4174	8	14	9	0
4175	8	14	9	0
4176	4	14	9	0
4177	4	17	11	0
4178	18	17	11	0
4179	20	19	13	0
4180	56	19	13	0
4181	56	19	13	0
4182	8	18	12	0
4183	36	18	12	0
4184	24	18	12	0
4185	24	18	12	0
4186	18	17	11	0
4190	20	16	10	0
4191	18	16	10	0
4192	60	19	13	0
4193	60	19	13	0
4194	64	19	13	0
4195	64	20	14	0
4196	64	20	14	0
4197	2	13	8	0
4198	54	18	12	0
4199	32	17	11	0
4200	60	19	13	0
4201	60	18	12	0
4202	64	19	30	2
4205	54	13	8	0
4206	54	18	30	2
4207	50	14	9	0
4208	60	19	30	2
4209	60	18	30	2
4210	64	13	8	0
4211	64	12	7	0
4212	60	11	6	0
4213	64	11	6	0
4214	64	11	6	0
4215	64	11	6	0
4216	64	11	6	0
4217	4	0	29	0
4218	64	10	5	0
4219	64	10	5	0
4220	64	11	6	0
4221	64	12	7	0
4222	60	12	7	0
4223	64	11	6	0
4224	64	11	6	0
4225	18	10	5	0
4226	36	10	5	0
4227	12	10	5	0
4228	36	12	7	0
4229	64	12	7	0
4230	64	12	7	0
4231	64	12	7	0
4232	64	12	7	0
4233	60	12	7	0
4234	64	13	8	0
4235	20	14	9	0
4236	64	17	11	0
4237	54	18	12	0
4238	54	17	11	0
4239	64	16	10	0
4240	12	16	10	0
4241	12	16	10	0
4242	8	14	9	0
4247	6	16	10	0
4252	8	14	9	0
4257	9	11	6	0
4266	8	13	8	0
4267	8	13	8	0
4272	8	13	8	0
4274	36	12	7	0
4275	32	12	7	0
4276	18	12	7	0
4277	5	12	7	0
4280	3	12	7	0
4282	6	16	10	0
4287	4	19	13	0
4292	6	17	11	0
4297	6	14	9	0
4302	4	21	15	0
4307	4	20	14	0
4312	5	17	11	0
4317	4	19	13	0
4322	6	14	9	0
4325	8	13	8	0
4327	4	19	13	0
4332	6	14	9	0
4337	6	16	10	0
4342	6	17	11	0
4347	4	21	15	0
4352	6	14	9	0
4355	4	21	30	2
4358	8	13	8	0
4362	4	22	16	0
4368	4	21	15	0
4372	6	16	10	0
4376	4	21	30	2
4377	9	11	6	0
4384	8	12	7	0
4387	8	13	8	0
4392	8	13	8	0
4397	6	14	9	0
4402	5	19	13	0
4407	6	16	10	0
4414	4	19	13	0
4417	8	12	7	0
4422	6	14	9	0
4427	4	21	15	0
4432	5	18	12	0
4435	4	21	30	2
4437	6	16	10	0
4442	8	13	8	0
4584	8	13	8	0
4592	24	13	8	0
4597	8	14	9	0
4602	6	16	10	0
4607	3	23	17	0
4614	5	16	10	0
4617	4	23	17	0
4622	4	23	17	0
4627	4	23	17	0
4632	4	21	15	0
4635	4	23	30	2
4637	6	14	9	0
4638	8	13	8	0
4640	4	21	30	2
4642	8	13	8	0
4647	5	17	11	0
4653	8	12	7	0
4660	4	19	13	0
4663	4	21	15	0
4668	8	22	16	0
4676	64	19	13	0
4677	16	20	14	0
4678	64	20	14	0
4679	64	20	14	0
4680	40	20	14	0
4683	4	19	13	0
4689	8	12	7	0
4692	6	14	9	0
4695	64	20	30	2
4697	8	12	7	0
4702	5	18	12	0
4707	5	17	11	0
4712	5	17	11	0
4717	9	11	6	0
4722	8	12	7	0
4725	45	12	7	0
4727	4	19	13	0
4730	64	19	13	0
4731	64	19	13	0
4732	64	19	13	0
4733	64	19	13	0
4734	60	19	13	0
4737	1	11	6	0
4740	64	18	12	0
4741	64	18	12	0
4742	60	18	12	0
4743	18	17	11	0
4745	8	17	11	0
4747	4	20	14	0
4752	6	16	10	0
4755	4	20	30	2
4757	9	11	6	0
4766	8	14	9	0
4767	8	13	8	0
4772	8	14	9	0
4774	64	13	8	0
4775	60	11	6	0
4776	64	11	6	0
4777	54	11	6	0
4778	64	10	5	0
4779	64	10	5	0
4780	64	10	5	0
4781	64	11	6	0
4782	64	11	6	0
4783	64	13	8	0
4784	64	16	10	0
4785	64	17	11	0
4786	64	17	11	0
4787	36	18	12	0
4788	54	18	12	0
4789	64	18	12	0
4790	64	18	12	0
4791	64	18	12	0
4792	64	19	13	0
4793	64	18	12	0
4794	64	18	12	0
4795	64	19	13	0
4796	64	20	14	0
4797	36	20	14	0
4800	20	20	14	0
4802	5	18	12	0
4809	4	11	6	0
4812	6	14	9	0
4817	45	14	9	0
4822	8	14	9	0
4825	60	14	9	0
4826	64	16	10	0
4827	48	17	11	0
4828	60	17	11	0
4829	64	16	10	0
4830	15	14	9	0
4831	64	12	7	0
4832	64	12	7	0
4833	64	12	7	0
4834	64	16	10	0
4835	60	16	10	0
4836	60	17	11	0
4837	40	16	10	0
4838	36	16	10	0
4839	64	18	12	0
4840	64	18	12	0
4841	64	18	12	0
4842	15	16	10	0
4843	64	17	11	0
4845	40	17	11	0
4846	50	18	12	0
4847	60	19	13	0
4848	64	19	13	0
4849	50	18	12	0
4850	64	18	12	0
4851	60	19	13	0
4852	64	18	12	0
4853	64	18	12	0
4854	64	18	12	0
4855	64	19	13	0
4856	60	19	13	0
4857	40	18	12	0
4858	64	18	12	0
4860	64	16	10	0
4861	64	16	10	0
4862	64	16	10	0
4863	12	16	10	0
4867	6	16	10	0
4871	8	13	8	0
4872	8	13	8	0
4875	64	13	8	0
4876	36	17	11	0
4877	6	17	11	0
4880	64	21	15	0
4881	60	19	13	0
4882	60	19	13	0
4885	64	16	10	0
4886	15	13	8	0
4887	10	13	8	0
4891	5	12	7	0
4892	5	12	7	0
4893	15	14	9	0
4894	60	16	10	0
4939	24	14	9	0
4941	60	14	9	0
4942	64	14	9	0
4943	48	13	8	0
4944	64	13	8	0
4945	54	16	10	0
4947	5	18	12	0
4951	25	13	8	0
4952	48	14	9	0
4953	16	14	9	0
4954	32	16	10	0
4955	5	18	30	2
4956	36	13	8	0
4957	36	13	8	0
4958	48	13	8	0
4959	36	12	7	0
4960	36	17	11	0
4961	36	16	10	0
4962	36	16	10	0
4963	36	16	10	0
4964	4	14	9	0
4965	4	14	9	0
4966	8	16	10	0
4967	10	16	10	0
4968	6	18	12	0
4969	32	17	11	0
4970	4	16	10	0
4971	4	17	11	0
4972	36	18	12	0
4973	36	16	10	0
4974	36	16	10	0
4975	30	16	10	0
4976	6	18	30	2
4977	27	14	9	0
4978	32	16	10	0
4979	5	12	7	0
4980	8	14	9	0
4981	48	17	11	0
4982	54	18	12	0
4983	48	17	11	0
4984	4	17	11	0
4985	36	14	9	0
4986	45	16	10	0
4989	48	17	30	2
4990	54	18	30	2
4991	20	11	6	0
4993	18	10	5	0
4994	12	11	6	0
4995	8	14	9	0
4996	50	14	9	0
4997	32	12	7	0
4998	40	12	7	0
4999	20	11	6	0
5000	32	13	8	0
5001	32	12	7	0
5002	20	13	8	0
5003	36	17	11	0
5004	45	16	10	0
5005	45	16	10	0
5006	45	16	10	0
5007	12	17	11	0
5008	6	14	9	0
5009	12	16	10	0
5010	50	17	11	0
5011	20	17	11	0
5012	45	19	13	0
5013	50	19	13	0
5014	40	19	13	0
5015	54	19	13	0
5016	54	17	11	0
5017	45	19	13	0
5018	54	19	13	0
5019	20	18	12	0
5020	20	19	13	0
5021	54	19	13	0
5022	50	19	13	0
5023	54	19	30	2
5024	50	18	12	0
5025	36	17	11	0
5026	36	17	11	0
5027	5	14	9	0
5028	48	17	11	0
5030	60	18	12	0
5031	64	18	12	0
5032	64	17	11	0
5033	60	18	12	0
5034	60	18	12	0
5036	1	11	6	0
5037	27	18	12	0
5038	18	17	11	0
5039	60	17	11	0
5040	64	17	11	0
5041	64	16	10	0
5042	60	16	10	0
5043	64	16	10	0
5045	60	18	12	0
5046	20	16	10	0
5047	60	18	12	0
5049	64	16	10	0
5050	64	14	9	0
5051	64	14	9	0
5052	64	14	9	0
5053	64	17	11	0
5054	64	16	10	0
5055	64	17	11	0
5056	64	17	11	0
5057	48	16	10	0
5058	64	16	10	0
5059	64	14	9	0
5060	64	14	9	0
5061	64	14	9	0
5062	64	14	9	0
5063	64	14	9	0
5064	64	14	9	0
5065	36	14	9	0
5066	64	16	10	0
5067	45	14	9	0
5068	64	14	9	0
5069	52	14	9	0
5070	64	14	9	0
5071	64	14	9	0
5072	64	16	10	0
5073	64	16	10	0
5074	64	16	10	0
5075	16	14	9	0
5076	32	16	10	0
5077	6	16	10	0
5078	32	16	10	0
5079	16	14	9	0
5080	15	14	9	0
5081	64	16	10	0
5082	64	16	10	0
5083	28	16	10	0
5084	64	17	11	0
5085	64	18	12	0
5086	64	16	10	0
5087	50	18	12	0
5088	32	18	12	0
5089	32	19	13	0
5090	9	17	11	0
5091	27	17	11	0
5092	64	18	12	0
5093	64	17	11	0
5094	64	17	11	0
5095	4	14	9	0
5096	40	16	10	0
5097	48	17	11	0
5098	60	19	13	0
5099	64	19	13	0
5100	64	20	14	0
5101	60	19	13	0
5102	64	18	12	0
5103	20	16	10	0
5104	60	16	10	0
5105	36	17	11	0
5111	64	14	9	0
5112	64	16	10	0
5113	60	17	11	0
5114	54	17	11	0
5115	64	19	30	2
5116	60	17	11	0
5117	50	14	9	0
5118	64	16	10	0
5119	5	13	8	0
5120	64	14	9	0
5121	16	14	9	0
5122	54	16	10	0
5123	64	16	10	0
5124	64	16	10	0
5125	64	14	9	0
5126	45	16	10	0
5127	48	16	10	0
5128	56	18	12	0
5129	60	17	11	0
5130	56	18	12	0
5131	44	17	11	0
5132	64	17	11	0
5133	56	16	10	0
5134	56	16	10	0
5135	40	16	10	0
5136	64	17	11	0
5137	36	17	11	0
5138	64	17	11	0
5140	45	17	11	0
5141	48	16	10	0
5142	54	16	10	0
5143	48	16	10	0
5144	60	17	11	0
5145	8	16	10	0
5146	4	17	11	0
5147	3	16	10	0
5148	4	16	10	0
5149	32	16	10	0
5150	54	18	12	0
5151	60	18	12	0
5152	60	18	12	0
5153	16	17	11	0
5155	64	16	10	0
5156	60	14	9	0
5157	32	14	9	0
5158	54	18	30	2
5159	54	16	10	0
5160	56	16	10	0
5161	60	16	10	0
5162	60	18	12	0
5163	56	16	10	0
5164	48	16	10	0
5165	64	17	11	0
5166	56	18	12	0
5167	50	17	11	0
5168	56	17	11	0
5169	56	17	11	0
5170	56	16	10	0
5171	56	17	11	0
5172	4	16	10	0
5173	12	16	10	0
5175	4	16	10	0
5176	50	17	11	0
5177	50	17	11	0
5178	28	17	11	0
5179	24	17	11	0
5180	50	17	11	0
5181	16	16	10	0
5182	48	18	12	0
5183	56	18	12	0
5184	64	17	11	0
5185	64	18	12	0
5186	64	18	12	0
5187	40	18	12	0
5188	60	19	13	0
5189	64	19	13	0
5190	64	19	13	0
5191	64	19	13	0
5192	64	17	11	0
5193	64	18	30	2
5194	64	18	30	2
5195	64	16	10	0
5196	6	14	9	0
5197	10	16	10	0
5198	54	17	11	0
5199	64	17	11	0
5200	64	17	11	0
5201	64	17	11	0
5202	64	17	11	0
5203	64	17	11	0
5204	6	13	8	0
5205	54	17	11	0
5206	64	19	13	0
5207	60	19	13	0
5208	64	18	12	0
5209	60	18	12	0
5210	64	17	11	0
5211	64	17	11	0
5212	10	16	10	0
5213	18	18	12	0
5214	64	19	30	2
5216	4	13	8	0
5217	4	13	8	0
5218	27	16	10	0
5219	27	16	10	0
5220	30	16	10	0
5221	18	17	11	0
5222	18	18	12	0
5223	27	17	11	0
5224	10	17	11	0
5225	30	18	12	0
5226	30	19	13	0
5227	5	19	13	0
5228	30	19	13	0
5230	6	16	10	0
5231	16	18	12	0
5232	10	17	30	2
5233	30	16	10	0
5234	27	17	11	0
5235	5	19	30	2
5236	30	19	30	2
5237	60	16	10	0
5238	32	13	8	0
5240	52	14	9	0
5241	64	13	8	0
5242	52	16	10	0
5243	48	18	12	0
5244	54	16	10	0
5245	52	14	9	0
5246	27	14	9	0
5247	24	17	11	0
5248	60	17	11	0
5249	64	17	11	0
5250	60	17	11	0
5251	56	17	11	0
5252	60	17	11	0
5253	16	18	12	0
5254	52	18	12	0
5255	32	19	13	0
5256	4	19	13	0
5257	12	19	13	0
5258	8	18	12	0
5259	9	17	11	0
5260	45	18	12	0
5261	20	18	12	0
5262	20	19	13	0
5263	20	19	13	0
5266	24	16	10	0
5267	12	16	10	0
5268	20	18	12	0
5269	56	19	13	0
5270	56	18	12	0
5271	56	18	12	0
5272	48	17	11	0
5273	56	16	10	0
5274	56	14	9	0
5275	56	16	10	0
5276	54	16	10	0
5277	50	16	10	0
5278	56	17	11	0
5279	64	17	11	0
5280	56	17	11	0
5281	64	18	12	0
5282	64	18	12	0
5283	56	18	12	0
5284	54	17	11	0
5285	56	17	11	0
5286	56	17	11	0
5287	28	17	11	0
5288	48	16	10	0
5289	64	18	30	2
5290	64	16	10	0
5291	64	16	10	0
5292	40	16	10	0
5293	54	16	10	0
5294	54	16	10	0
5315	64	19	13	0
5317	45	17	11	0
5318	64	17	11	0
5319	60	17	11	0
5320	48	17	11	0
5321	64	17	11	0
5324	64	14	9	0
5325	6	14	9	0
5326	2	8	4	0
5327	4	16	10	0
5328	2	8	4	0
5329	54	16	10	0
5330	56	14	9	0
5331	56	14	9	0
5332	50	14	9	0
5333	40	14	9	0
5334	64	13	8	0
5335	25	16	10	0
5336	54	14	9	0
5337	30	17	11	0
5338	60	17	11	0
5339	60	17	11	0
5340	54	16	10	0
5341	52	17	11	0
5342	60	18	12	0
5343	64	17	11	0
5344	54	18	12	0
5345	40	17	11	0
5346	48	18	12	0
5347	28	17	11	0
5348	54	17	11	0
5349	64	17	11	0
5350	64	17	11	0
5351	64	17	11	0
5352	64	17	11	0
5353	64	17	11	0
5354	64	17	11	0
5355	32	17	11	0
5356	36	17	11	0
5358	48	17	11	0
5359	64	17	11	0
5360	64	17	11	0
5361	64	17	11	0
5362	64	17	11	0
5363	32	17	30	2
5364	64	17	11	0
5365	64	17	11	0
5366	64	17	11	0
5367	60	19	13	0
5368	64	18	12	0
5369	64	17	11	0
5370	64	17	11	0
5371	54	16	10	0
5372	64	16	10	0
5374	64	16	10	0
5377	40	14	9	0
5378	64	14	9	0
5379	54	14	9	0
5380	64	16	10	0
5381	64	16	10	0
5382	60	17	11	0
5383	64	17	11	0
5384	64	17	11	0
5385	64	17	11	0
5386	64	18	12	0
5387	50	18	12	0
5388	64	18	12	0
5389	56	18	12	0
5390	60	18	12	0
5391	60	18	12	0
5392	64	19	13	0
5393	64	18	12	0
5394	64	18	12	0
5395	64	18	12	0
5396	64	18	12	0
5397	24	18	12	0
5398	64	18	12	0
5399	64	18	12	0
5400	64	18	12	0
5401	64	18	12	0
5402	60	18	12	0
5403	64	18	12	0
5405	60	17	11	0
5406	64	18	12	0
5407	40	18	12	0
5408	64	18	12	0
5409	56	18	12	0
5410	56	17	11	0
5411	56	18	12	0
5412	56	18	12	0
5413	4	18	12	0
5414	8	18	12	0
5415	8	18	12	0
5416	8	18	12	0
5417	16	18	12	0
5418	8	18	12	0
5419	20	18	12	0
5420	20	19	13	0
5421	16	19	13	0
5422	56	18	12	0
5423	56	18	12	0
5424	16	17	11	0
5425	54	17	11	0
5426	16	19	13	0
5427	50	19	13	0
5428	50	20	14	0
5429	56	19	13	0
5430	54	19	13	0
5431	56	19	13	0
5432	56	19	13	0
5433	64	20	14	0
5434	24	19	13	0
5435	5	19	13	0
5436	64	20	14	0
5437	30	19	13	0
5438	64	20	14	0
5439	64	19	13	0
5440	64	19	13	0
5441	64	19	13	0
5442	64	19	13	0
5445	45	18	12	0
5451	64	14	9	0
5452	60	17	11	0
5454	56	16	10	0
5455	64	19	30	2
5456	64	16	10	0
5457	40	14	9	0
5458	54	14	9	0
5459	64	14	9	0
5460	64	14	9	0
5461	64	14	9	0
5462	64	16	10	0
5463	64	16	10	0
5464	64	16	10	0
5465	27	14	9	0
5466	36	16	10	0
5467	32	16	10	0
5468	32	16	10	0
5469	10	13	8	0
5471	60	14	9	0
5473	60	13	8	0
5474	64	14	9	0
5475	64	16	10	0
5476	64	17	11	0
5477	5	16	10	0
5478	64	18	12	0
5479	64	17	11	0
5480	64	16	10	0
5481	64	16	10	0
5482	64	14	9	0
5483	64	14	9	0
5484	60	14	9	0
5485	64	14	9	0
5486	64	17	11	0
5487	60	16	10	0
5488	64	16	10	0
5489	50	14	9	0
5490	64	14	9	0
5491	64	14	9	0
5492	48	14	9	0
5493	64	16	10	0
5494	64	16	10	0
5495	64	16	10	0
5496	64	16	10	0
5497	25	16	10	0
5498	64	17	11	0
5499	64	16	10	0
5500	50	16	10	0
5501	64	17	11	0
5502	64	16	10	0
5503	64	16	10	0
5504	64	16	10	0
5505	60	16	10	0
5506	27	17	11	0
5507	12	17	11	0
5508	20	16	10	0
5509	64	18	12	0
5510	64	17	11	0
5511	64	17	11	0
5512	64	17	11	0
5513	64	17	11	0
5514	64	17	11	0
5515	60	19	13	0
5516	64	19	13	0
5517	50	20	14	0
5518	64	19	13	0
5519	54	19	13	0
5520	54	18	12	0
5521	60	18	12	0
5522	64	17	11	0
5523	64	17	11	0
5525	44	16	10	0
5526	64	17	11	0
5527	40	17	11	0
5528	60	18	12	0
5529	64	18	12	0
5530	64	17	11	0
5531	64	17	11	0
5532	64	17	11	0
5533	64	17	11	0
5534	64	18	12	0
5535	27	17	11	0
5536	27	18	12	0
5537	12	18	12	0
5538	5	16	10	0
5539	45	17	11	0
5540	64	17	11	0
5541	64	17	11	0
5542	24	17	11	0
5543	64	17	11	0
5544	27	18	30	2
5545	12	19	13	0
5569	36	14	9	0
5570	5	13	8	0
5571	36	17	11	0
5572	36	16	10	0
5573	32	16	10	0
5574	36	14	9	0
5575	15	14	9	0
5576	32	14	9	0
5577	32	14	9	0
5578	5	14	9	0
5579	64	18	12	0
5580	60	19	13	0
5581	64	19	13	0
5582	64	19	13	0
5583	64	19	13	0
5584	32	14	30	2
5585	64	18	12	0
5586	64	17	11	0
5587	60	18	12	0
5590	64	19	30	2
5592	48	13	8	0
5593	60	12	7	0
5594	64	12	7	0
5595	64	12	7	0
5596	52	12	7	0
5597	12	11	6	0
5598	36	11	6	0
5599	36	11	6	0
5600	36	12	7	0
5601	36	12	7	0
5602	36	12	7	0
5603	15	11	6	0
5604	28	11	6	0
5605	54	12	7	0
5606	54	14	9	0
5607	45	16	10	0
5608	54	16	10	0
5609	50	17	11	0
5610	54	16	10	0
5611	64	16	10	0
5612	60	17	11	0
5613	64	16	10	0
5614	64	16	10	0
5615	64	16	10	0
5616	64	16	10	0
5617	40	14	9	0
5618	64	14	9	0
5619	64	14	9	0
5620	64	14	9	0
5621	64	14	9	0
5622	64	14	9	0
5623	64	13	8	0
5624	64	13	8	0
5625	36	12	7	0
5626	18	13	8	0
5627	4	11	6	0
5628	60	14	9	0
5629	64	13	8	0
5630	64	13	8	0
5631	64	13	8	0
5632	60	13	8	0
5633	64	13	8	0
5634	18	14	9	0
5635	1	11	6	0
5636	1	11	6	0
5637	3	14	9	0
5638	5	13	8	0
5639	5	12	7	0
5640	5	12	7	0
5641	5	12	7	0
5642	5	11	6	0
5643	5	12	7	0
5644	6	13	8	0
5645	1	11	6	0
5646	5	16	10	0
5647	5	17	11	0
5648	48	16	10	0
5649	48	17	11	0
5650	45	16	10	0
5651	48	17	11	0
5652	6	14	9	0
5653	54	18	12	0
5654	54	18	12	0
5656	45	13	8	0
5657	50	14	9	0
5658	64	16	10	0
5659	64	17	11	0
5661	60	18	12	0
5662	54	18	30	2
5663	60	16	10	0
5664	64	14	9	0
5665	4	12	7	0
5666	27	14	9	0
5668	4	12	7	0
5669	27	16	10	0
5670	27	14	9	0
5672	40	14	9	0
5673	45	14	9	0
5674	64	17	11	0
5675	45	17	11	0
5676	24	16	10	0
5677	60	19	13	0
5678	64	19	13	0
5679	64	19	13	0
5680	54	19	13	0
5681	64	19	13	0
5682	64	19	13	0
5683	45	17	11	0
5684	54	17	11	0
5686	64	17	11	0
5687	54	16	10	0
5688	64	16	10	0
5690	64	14	9	0
5691	45	13	8	0
5692	64	16	10	0
5693	64	16	10	0
5694	56	14	9	0
5695	32	14	9	0
5696	64	14	9	0
5697	45	14	9	0
5698	64	14	9	0
5699	52	14	9	0
5700	64	16	10	0
5701	64	16	10	0
5702	64	16	10	0
5703	27	14	9	0
5704	25	16	10	0
5705	8	16	10	0
5706	20	16	10	0
5707	60	16	10	0
5708	64	16	10	0
5709	64	16	10	0
5710	64	16	10	0
5711	56	14	9	0
5712	54	16	10	0
5713	24	17	11	0
5714	20	16	10	0
5715	54	18	12	0
5716	48	17	11	0
5717	32	16	10	0
5718	48	16	10	0
5719	54	16	10	0
5720	8	16	10	0
5721	6	16	10	0
5722	20	17	11	0
5723	44	19	13	0
5724	54	18	12	0
5725	60	19	13	0
5726	56	18	12	0
5727	44	18	12	0
5728	36	17	11	0
5729	36	14	9	0
5730	5	12	7	0
5731	54	16	10	0
5732	54	18	30	2
5735	36	14	9	0
5736	18	14	9	0
5759	54	17	30	2
5761	48	13	8	0
5762	64	12	7	0
5763	54	12	7	0
5764	64	12	7	0
5765	64	18	30	2
5766	32	12	7	0
5767	50	12	7	0
5768	36	11	6	0
5770	36	11	6	0
5771	12	10	5	0
5772	32	12	7	0
5773	50	12	7	0
5774	56	12	7	0
5775	64	14	9	0
5776	64	14	9	0
5777	40	16	10	0
5778	64	16	10	0
5779	60	17	11	0
5780	56	17	11	0
5781	48	17	11	0
5782	64	17	11	0
5783	56	16	10	0
5784	64	14	9	0
5785	32	13	8	0
5786	25	14	9	0
5787	60	14	9	0
5788	64	14	9	0
5789	64	14	9	0
5790	64	14	9	0
5791	64	14	9	0
5792	64	14	9	0
5793	64	14	9	0
5794	54	16	10	0
5795	64	17	11	0
5796	64	17	11	0
5797	28	16	10	0
5798	64	16	10	0
5799	64	16	10	0
5800	64	14	9	0
5801	64	14	9	0
5802	64	14	9	0
5803	64	16	10	0
5804	64	16	10	0
5805	15	14	9	0
5806	25	16	10	0
5807	15	14	9	0
5808	27	14	9	0
5810	28	14	9	0
5811	54	14	9	0
5812	54	14	9	0
5813	32	14	9	0
5814	54	17	11	0
5815	50	18	12	0
5816	54	19	13	0
5817	36	19	13	0
5818	44	19	13	0
5819	54	19	13	0
5820	36	18	12	0
5821	48	18	12	0
5822	32	19	13	0
5823	50	18	30	2
5824	54	19	30	2
5825	36	16	10	0
5827	54	19	30	2
5828	20	14	9	0
5829	60	16	10	0
5830	40	16	10	0
5831	56	17	11	0
5832	64	16	10	0
5833	64	14	9	0
5834	5	14	9	0
5835	30	16	10	0
5837	5	14	9	0
5838	50	17	11	0
5839	64	17	11	0
5840	56	17	11	0
5841	54	16	10	0
5843	60	17	11	0
5844	5	14	9	0
5845	3	14	9	0
5846	64	18	12	0
5847	60	17	11	0
5848	64	16	10	0
5849	54	16	10	0
5850	64	16	10	0
5851	64	16	10	0
5852	36	14	9	0
5853	54	16	10	0
5855	64	16	10	0
5856	54	14	9	0
5857	16	14	9	0
5858	45	14	9	0
5859	64	14	9	0
5860	36	14	9	0
5861	64	16	10	0
5862	64	16	10	0
5863	64	16	10	0
5864	40	14	9	0
5865	18	14	9	0
5866	2	13	8	0
5867	8	16	10	0
5868	1	11	6	0
5869	1	11	6	0
5870	1	11	6	0
5871	36	16	10	0
5872	40	16	10	0
5873	50	17	11	0
5874	50	18	12	0
5875	32	17	11	0
5876	36	19	13	0
5877	50	20	14	0
5878	64	20	14	0
5879	64	20	14	0
5880	64	20	14	0
5881	36	19	13	0
5882	60	19	13	0
5883	54	19	13	0
5884	64	19	13	0
5885	50	20	30	2
5889	36	19	30	2
5891	64	14	9	0
5893	54	14	9	0
5894	60	14	9	0
5895	64	20	30	2
5896	24	13	8	0
5897	1	8	4	0
5898	20	12	7	0
5899	64	14	9	0
5900	60	14	9	0
5901	64	14	9	0
5902	64	14	9	0
5903	60	14	9	0
5904	60	14	9	0
5905	64	14	9	0
5906	36	13	8	0
5907	54	16	10	0
5908	64	14	9	0
5909	60	14	9	0
5910	64	14	9	0
5911	64	14	9	0
5912	54	14	9	0
5913	64	14	9	0
5914	64	14	9	0
5915	15	16	10	0
5916	1	8	4	0
5917	2	11	6	0
5918	3	12	7	0
5919	50	14	9	0
5920	54	14	9	0
5921	50	14	9	0
5922	60	14	9	0
5923	10	13	8	0
5924	56	16	10	0
5925	36	16	10	0
5926	24	14	9	0
5927	16	17	11	0
5928	60	17	11	0
5929	48	17	11	0
5930	60	16	10	0
5931	54	16	10	0
5932	36	17	11	0
5933	30	16	10	0
5934	24	16	10	0
5935	9	17	11	0
5936	36	17	11	0
5937	12	16	10	0
5938	32	17	11	0
5939	4	13	8	0
5940	54	16	10	0
5941	56	16	10	0
5942	64	18	12	0
5943	64	19	13	0
5944	64	19	13	0
5945	20	19	13	0
5946	50	20	14	0
5947	3	18	12	0
5948	64	21	15	0
5949	64	19	13	0
5951	64	17	11	0
5953	16	16	10	0
5954	50	20	30	2
5955	32	17	11	0
5958	60	17	11	0
5960	64	14	9	0
5961	64	14	9	0
5962	64	16	10	0
5963	54	14	9	0
5964	64	16	10	0
5965	64	19	30	2
5966	32	14	9	0
5967	36	14	9	0
5968	15	13	8	0
5969	45	13	8	0
5970	64	13	8	0
5971	50	13	8	0
5972	64	14	9	0
5973	64	14	9	0
5974	64	14	9	0
5975	64	16	10	0
5976	40	16	10	0
5977	1	12	7	0
5978	30	18	12	0
5979	45	17	11	0
5980	56	17	11	0
5981	60	17	11	0
5982	56	16	10	0
5983	64	16	10	0
5984	64	16	10	0
5985	64	17	11	0
5986	32	14	9	0
5987	50	17	11	0
5988	60	18	12	0
5989	64	17	11	0
5990	64	17	11	0
5991	60	16	10	0
5992	50	17	11	0
5993	60	16	10	0
5994	60	16	10	0
5995	12	14	9	0
5996	60	16	10	0
5998	64	14	9	0
5999	64	14	9	0
6000	60	14	9	0
6001	64	14	9	0
6002	64	16	10	0
6003	64	16	10	0
6004	64	17	11	0
6005	64	17	30	2
6006	32	16	10	0
6007	27	16	10	0
6008	36	14	9	0
6009	36	14	9	0
6010	36	14	9	0
6011	5	11	6	0
6013	64	13	8	0
6014	64	13	8	0
6015	64	14	9	0
6016	50	16	10	0
6017	50	17	11	0
6018	64	17	11	0
6019	64	18	12	0
6020	64	18	12	0
6021	32	16	10	0
6022	36	14	9	0
6024	32	12	7	0
6025	36	13	8	0
6026	15	11	6	0
6029	60	11	6	0
6030	60	13	8	0
6031	64	14	9	0
6032	64	13	8	0
6033	60	14	9	0
6034	64	14	9	0
6035	64	18	30	2
6036	64	16	10	0
6037	48	14	9	0
6038	60	14	9	0
6039	64	13	8	0
6040	60	13	8	0
6041	45	11	6	0
6042	64	13	8	0
6043	64	13	8	0
6044	64	13	8	0
6045	54	12	7	0
6046	45	12	7	0
6047	54	13	8	0
6048	60	13	8	0
6049	64	12	7	0
6050	64	13	8	0
6051	64	13	8	0
6052	64	13	8	0
6053	60	13	8	0
6054	64	13	8	0
6055	64	14	9	0
6056	64	13	8	0
6057	40	13	8	0
6058	64	13	8	0
6059	60	14	9	0
6060	64	13	8	0
6061	64	13	8	0
6062	60	13	8	0
6063	64	13	8	0
6064	64	13	8	0
6065	50	13	8	0
6066	64	13	8	0
6067	60	13	8	0
6068	64	13	8	0
6069	64	13	8	0
6070	64	13	8	0
6071	64	14	9	0
6072	64	14	9	0
6073	64	14	9	0
6074	60	14	9	0
6075	64	14	9	0
6076	64	14	9	0
6077	36	13	8	0
6078	64	14	9	0
6079	64	14	9	0
6080	64	14	9	0
6081	64	14	9	0
6082	64	14	9	0
6083	64	14	9	0
6084	64	14	9	0
6085	1	11	6	0
6086	5	13	8	0
6087	12	14	9	0
6088	27	14	9	0
6089	64	16	10	0
6090	64	16	10	0
6091	64	16	10	0
6092	64	16	10	0
6094	18	13	8	0
6095	10	14	9	0
6096	27	16	10	0
6097	5	14	9	0
6098	48	16	10	0
6099	64	16	10	0
6100	64	16	10	0
6101	54	16	10	0
6102	64	14	9	0
6103	64	17	11	0
6104	64	19	13	0
6105	64	20	14	0
6106	64	20	14	0
6107	54	20	14	0
6108	64	19	13	0
6109	54	19	13	0
6110	64	18	12	0
6111	60	19	13	0
6112	60	19	13	0
6115	54	20	30	2
6116	64	17	11	0
6117	40	17	11	0
6118	64	18	12	0
6119	50	18	12	0
6120	64	17	11	0
6121	50	17	11	0
6122	9	14	9	0
6123	60	18	12	0
6124	64	17	11	0
6125	60	18	12	0
6126	44	18	12	0
6127	60	18	12	0
6128	64	18	12	0
6129	64	18	12	0
6130	2	12	7	0
6131	54	19	13	0
6132	64	19	13	0
6133	64	19	13	0
6134	60	19	13	0
6135	50	18	12	0
6136	54	18	12	0
6137	27	17	11	0
6138	54	17	11	0
6139	54	19	30	2
6143	64	16	10	0
6144	50	16	10	0
6145	5	16	10	0
6146	5	17	11	0
6147	4	17	11	0
6148	8	16	10	0
6149	54	16	10	0
6150	54	16	10	0
6151	64	16	10	0
6152	45	16	10	0
6153	6	17	11	0
6155	30	12	7	0
6156	24	13	8	0
6157	20	14	9	0
6158	20	14	9	0
6159	20	14	9	0
6160	20	14	9	0
6161	6	17	30	2
6162	54	14	9	0
6163	5	10	5	0
6164	50	13	8	0
6165	64	14	9	0
6166	64	17	11	0
6167	54	18	12	0
6168	60	19	13	0
6169	64	19	13	0
6170	60	19	13	0
6171	54	17	11	0
6172	64	17	11	0
6173	64	17	11	0
6174	60	16	10	0
6175	64	16	10	0
6176	64	16	10	0
6179	64	14	9	0
6180	54	14	9	0
6182	56	13	8	0
6183	60	14	9	0
6184	60	14	9	0
6185	64	19	30	2
6186	60	14	9	0
6187	50	14	9	0
6188	64	14	9	0
6189	54	14	9	0
6190	60	14	9	0
6191	64	14	9	0
6192	64	14	9	0
6193	64	14	9	0
6194	64	14	9	0
6195	32	14	9	0
6196	36	14	9	0
6197	12	13	8	0
6198	36	14	9	0
6199	4	14	9	0
6200	4	14	9	0
6201	18	14	9	0
6202	54	14	9	0
6203	54	14	9	0
6204	64	17	11	0
6205	64	18	12	0
6206	64	19	13	0
6207	60	19	13	0
6208	54	18	12	0
6209	60	17	11	0
6210	60	17	11	0
6211	60	18	12	0
6212	64	17	11	0
6213	64	17	11	0
6216	64	16	10	0
6217	40	16	10	0
6218	64	16	10	0
6220	64	14	9	0
6221	64	14	9	0
6222	50	14	9	0
6223	64	14	9	0
6224	64	14	9	0
6225	36	14	9	0
6226	36	16	10	0
6227	1	8	4	0
6228	40	14	9	0
6229	64	14	9	0
6230	48	14	9	0
6231	64	14	9	0
6232	50	14	9	0
6233	48	14	9	0
6234	64	16	10	0
6235	64	17	11	0
6236	64	18	12	0
6237	50	18	12	0
6238	64	17	11	0
6239	56	18	12	0
6240	64	17	11	0
6241	56	17	11	0
6242	56	18	12	0
6243	45	17	11	0
6245	56	14	9	0
6246	60	16	10	0
6247	54	14	9	0
6248	60	16	10	0
6249	64	16	10	0
6250	50	14	9	0
6251	54	16	10	0
6252	56	16	10	0
6253	60	16	10	0
6254	50	16	10	0
6255	60	16	10	0
6256	60	16	10	0
6257	40	16	10	0
6258	60	16	10	0
6259	60	17	11	0
6260	45	17	11	0
6261	50	16	10	0
6262	64	17	11	0
6263	64	17	11	0
6264	56	17	11	0
6265	15	16	10	0
6266	24	17	11	0
6267	6	16	10	0
6269	6	17	11	0
6270	50	17	11	0
6271	64	17	11	0
6272	64	17	11	0
6273	60	17	11	0
6274	56	19	13	0
6275	24	19	13	0
6276	5	18	12	0
6277	60	20	14	0
6278	64	16	10	0
6279	64	17	11	0
6280	64	17	11	0
6281	48	17	11	0
6282	64	17	11	0
6284	64	16	10	0
6286	48	16	10	0
6287	60	17	11	0
6288	64	17	11	0
6289	27	16	10	0
6290	27	16	10	0
6291	5	14	9	0
6292	32	14	9	0
6293	60	16	10	0
6294	54	16	10	0
6295	56	16	10	0
6296	64	16	10	0
6297	25	14	9	0
6298	64	17	11	0
6299	64	18	12	0
6300	52	19	13	0
6301	54	19	13	0
6302	60	19	13	0
6303	60	19	13	0
6304	64	18	12	0
6305	60	17	11	0
6306	60	19	13	0
6307	60	18	12	0
6308	64	18	12	0
6309	54	19	30	2
6310	56	17	11	0
6313	64	16	10	0
6314	60	19	30	2
6315	48	16	10	0
6316	64	16	10	0
6317	50	16	10	0
6318	64	17	11	0
6319	64	17	11	0
6320	60	17	11	0
6321	64	16	10	0
6322	64	16	10	0
6323	56	16	10	0
6324	64	17	11	0
6325	64	17	11	0
6326	56	17	11	0
6327	45	17	11	0
6328	64	17	11	0
6329	64	17	11	0
6330	60	17	11	0
6331	60	17	11	0
6332	48	17	11	0
6333	64	17	11	0
6334	48	17	11	0
6335	4	16	10	0
6336	20	17	11	0
6337	6	16	10	0
6338	5	14	9	0
6339	36	16	10	0
6340	16	16	10	0
6341	64	17	11	0
6342	64	17	11	0
6343	6	17	11	0
6344	64	17	11	0
6345	60	17	11	0
6346	64	18	12	0
6347	50	19	13	0
6348	64	19	13	0
6349	64	20	14	0
6350	64	19	13	0
6352	64	16	10	0
6353	64	16	10	0
6354	64	16	10	0
6355	60	17	11	0
6356	50	17	11	0
6359	40	16	10	0
6360	54	14	9	0
6361	64	14	9	0
6362	64	14	9	0
6363	64	16	10	0
6364	64	16	10	0
6365	64	20	30	2
6366	36	17	11	0
6367	6	16	10	0
6368	36	17	11	0
6369	36	17	11	0
6370	25	16	10	0
6371	36	17	11	0
6372	36	17	11	0
6373	20	16	10	0
6374	36	17	11	0
6376	1	13	8	0
6377	4	19	13	0
6378	28	19	13	0
6379	64	20	14	0
6380	64	20	14	0
6381	60	21	15	0
6382	64	21	15	0
6383	16	20	14	0
6384	64	21	15	0
6388	64	17	11	0
6389	60	21	30	2
6393	4	14	9	0
6394	4	14	9	0
6395	64	20	30	2
6396	8	14	9	0
6397	36	16	10	0
6398	4	16	10	0
6399	16	16	10	0
6400	64	14	9	0
6401	64	14	9	0
6402	36	14	9	0
6403	24	13	8	0
6404	8	13	8	0
6405	36	13	8	0
6406	8	12	7	0
6407	60	13	8	0
6408	60	14	9	0
6409	60	14	9	0
6410	8	13	8	0
6411	60	14	9	0
6412	27	14	9	0
6413	20	14	9	0
6414	28	14	9	0
6415	64	13	8	0
6416	64	14	9	0
6417	16	16	10	0
6418	12	14	9	0
6419	12	14	9	0
6420	16	14	9	0
6421	27	14	9	0
6422	16	17	11	0
6423	2	2	1	0
6424	1	2	1	0
6427	1	2	1	0
6429	6	14	9	0
6430	10	18	12	0
6431	10	16	10	0
6432	32	18	12	0
6433	3	17	11	0
6434	3	17	11	0
6435	4	19	13	0
6436	40	14	9	0
6437	4	14	9	0
6438	10	18	30	2
6439	32	16	10	0
6440	16	14	9	0
6441	16	17	11	0
6442	15	18	12	0
6444	25	17	11	0
6445	10	17	11	0
6446	24	16	10	0
6447	20	18	12	0
6448	28	19	13	0
6449	28	18	12	0
6450	28	17	11	0
6451	28	18	12	0
6452	16	17	11	0
6453	24	19	13	0
6454	48	19	13	0
6455	28	19	13	0
6456	28	19	13	0
6457	8	18	12	0
6458	28	18	12	0
6459	28	18	12	0
6460	28	18	12	0
6461	28	17	11	0
6462	28	17	11	0
6463	16	17	11	0
6464	8	18	12	0
6466	64	16	10	0
6468	64	16	10	0
6469	64	16	10	0
6470	64	16	10	0
6471	60	17	11	0
6473	64	16	10	0
6474	64	14	9	0
6475	64	18	30	2
6476	64	16	10	0
6477	4	16	10	0
6478	64	16	10	0
6479	64	16	10	0
6480	8	16	10	0
6481	64	16	10	0
6482	64	14	9	0
6483	40	14	9	0
6484	44	14	9	0
6485	12	14	9	0
6486	16	14	9	0
6487	16	16	10	0
6488	8	16	10	0
6489	20	16	10	0
6490	20	16	10	0
6491	8	16	10	0
6492	4	16	10	0
6493	28	17	11	0
6494	20	16	10	0
6495	20	16	10	0
6496	16	14	9	0
6497	20	14	9	0
6498	20	14	9	0
6499	24	14	9	0
6500	20	14	9	0
6501	32	14	9	0
6502	24	16	10	0
6503	16	16	10	0
6504	8	16	10	0
6505	28	16	10	0
6506	4	16	10	0
6507	32	16	10	0
6508	27	16	10	0
6509	32	16	10	0
6510	8	17	11	0
6511	32	17	11	0
6512	60	17	11	0
6513	36	16	10	0
6514	64	16	10	0
6515	64	16	10	0
6516	64	17	11	0
6517	32	18	12	0
6518	64	19	13	0
6519	40	20	14	0
6520	64	19	13	0
6521	64	19	13	0
6522	44	19	13	0
6523	60	19	13	0
6524	64	18	12	0
6526	64	17	11	0
6527	60	17	11	0
6531	64	16	10	0
6533	60	16	10	0
6535	64	16	10	0
6536	36	14	9	0
6537	12	14	9	0
6538	40	14	9	0
6539	44	16	10	0
6540	44	14	9	0
6541	36	14	9	0
6542	36	14	9	0
6543	40	14	9	0
6544	44	14	9	0
6545	40	14	9	0
6546	64	14	9	0
6547	32	14	9	0
6548	44	14	9	0
6549	64	14	9	0
6550	64	14	9	0
6551	64	14	9	0
6552	64	16	10	0
6553	54	16	10	0
6554	40	16	10	0
6555	64	16	10	0
6556	64	16	10	0
6557	32	16	10	0
6558	64	16	10	0
6559	64	16	10	0
6560	64	16	10	0
6561	64	16	10	0
6562	40	16	10	0
6563	64	16	10	0
6564	64	16	10	0
6565	40	16	10	0
6566	40	16	10	0
6567	20	16	10	0
6568	64	16	10	0
6569	64	16	10	0
6570	40	14	9	0
6571	64	16	10	0
6572	64	16	10	0
6573	64	16	10	0
6574	60	17	11	0
6575	32	14	9	0
6576	24	14	9	0
6577	3	11	6	0
6578	12	16	10	0
6579	20	14	9	0
6580	64	16	10	0
6581	64	16	10	0
6582	32	14	9	0
6583	48	16	10	0
6584	20	16	10	0
6585	6	17	11	0
6586	40	17	11	0
6587	32	16	10	0
6588	64	16	10	0
6589	64	16	10	0
6590	64	16	10	0
6591	64	16	10	0
6592	64	16	10	0
6593	6	17	30	2
6594	64	16	10	0
6595	36	16	10	0
6596	64	17	11	0
6597	50	17	11	0
6598	28	16	10	0
6599	64	17	11	0
6600	64	17	11	0
6601	64	17	11	0
6602	64	19	13	0
6603	64	18	12	0
6604	64	19	13	0
6605	64	19	13	0
6606	60	18	12	0
6607	28	18	12	0
6608	64	18	12	0
6609	60	18	12	0
6610	64	17	11	0
6611	64	17	11	0
6614	64	16	10	0
6615	32	14	9	0
6616	32	14	9	0
6617	15	14	9	0
6618	36	16	10	0
6619	64	17	11	0
6620	64	17	11	0
6621	64	17	11	0
6622	60	17	11	0
6623	64	17	11	0
6624	56	18	12	0
6625	64	19	13	0
6626	64	20	14	0
6627	40	20	14	0
6628	64	19	13	0
6629	64	19	13	0
6630	64	18	12	0
6631	64	18	12	0
6632	27	16	10	0
6635	8	16	10	0
6636	40	16	10	0
6638	64	17	11	0
6639	64	17	11	0
6640	32	17	11	0
6641	64	17	11	0
6642	64	17	11	0
6643	32	17	11	0
6644	36	14	9	0
6645	64	19	30	2
6646	18	13	8	0
6647	10	13	8	0
6649	10	16	10	0
6650	48	14	9	0
6651	64	16	10	0
6652	18	13	8	0
6653	15	14	9	0
6654	16	16	10	0
6655	18	17	11	0
6656	9	17	11	0
6657	3	18	12	0
6658	64	16	10	0
6659	52	17	11	0
6660	16	16	10	0
6661	15	17	11	0
6662	64	20	14	0
6663	64	21	15	0
6664	64	21	15	0
6665	24	21	15	0
6666	44	19	13	0
6667	40	19	13	0
6668	44	18	12	0
6669	48	19	13	0
6673	40	17	11	0
6674	4	17	11	0
6675	15	17	11	0
6676	45	19	13	0
6677	27	19	13	0
6678	64	20	14	0
6679	60	19	13	0
6680	60	18	12	0
6681	1	8	4	0
6682	1	12	7	0
6683	1	12	7	0
6684	24	17	11	0
6685	27	19	30	2
6687	20	17	11	0
6710	50	18	12	0
6712	54	18	12	0
6713	54	17	11	0
6714	54	19	30	2
6715	54	16	10	0
6716	64	17	11	0
6717	54	19	30	2
6718	64	17	11	0
6719	64	16	10	0
6720	54	18	30	2
6721	54	17	30	2
6722	64	14	9	0
6723	54	16	30	2
6724	64	13	8	0
6725	50	13	8	0
6726	60	13	8	0
6727	60	13	8	0
6728	48	13	8	0
6729	64	13	8	0
6730	64	13	8	0
6731	64	13	8	0
6732	64	13	8	0
6733	64	13	8	0
6734	64	13	8	0
6735	64	13	8	0
6736	64	13	8	0
6737	32	12	7	0
6738	4	0	29	0
6739	60	13	8	0
6740	48	13	8	0
6741	50	13	8	0
6742	64	13	8	0
6743	60	13	8	0
6744	64	13	8	0
6745	36	12	7	0
6746	36	13	8	0
6747	36	12	7	0
6748	36	12	7	0
6749	36	13	8	0
6750	36	13	8	0
6773	32	13	8	0
6774	30	14	9	0
6775	64	19	30	2
6776	5	13	8	0
6777	20	13	8	0
6778	64	13	8	0
6779	64	14	9	0
6780	64	14	9	0
6781	56	16	10	0
6782	36	16	10	0
6783	36	17	11	0
6784	50	17	11	0
6785	50	14	9	0
6786	60	14	9	0
6787	60	14	9	0
6788	64	14	9	0
6789	64	14	9	0
6790	44	14	9	0
6791	64	16	10	0
6792	5	17	11	0
6793	40	17	11	0
6794	64	16	10	0
6795	64	16	10	0
6796	64	16	10	0
6797	28	14	9	0
6798	36	14	9	0
6799	36	14	9	0
6802	8	13	8	0
6803	24	12	7	0
6804	24	12	7	0
6805	24	12	7	0
6806	45	14	9	0
6807	32	14	9	0
6808	40	17	11	0
6809	44	16	10	0
6810	40	16	10	0
6811	44	14	9	0
6812	32	16	10	0
6813	48	17	11	0
6814	48	17	11	0
6815	44	16	10	0
6816	40	16	10	0
6817	20	14	9	0
6818	40	14	9	0
6819	36	16	10	0
6820	36	16	10	0
6821	32	16	10	0
6822	30	17	11	0
6823	24	17	11	0
6824	24	17	11	0
6825	6	16	10	0
6826	12	16	10	0
6827	5	16	10	0
6828	12	18	12	0
6829	4	18	12	0
6830	12	18	12	0
6831	12	19	13	0
6832	8	19	13	0
6833	28	18	12	0
6834	16	19	13	0
6835	10	18	12	0
6837	20	18	30	2
6842	12	11	6	0
6844	16	10	5	0
6845	32	10	5	0
6846	24	10	5	0
6847	15	10	5	0
6848	15	8	4	0
6849	2	2	1	0
6850	2	2	1	0
6851	54	10	5	0
6852	44	10	5	0
6853	16	11	6	0
6854	64	12	7	0
6855	64	13	8	0
6856	64	12	7	0
6857	20	14	9	0
6858	64	14	9	0
6859	16	16	10	0
6860	28	17	11	0
6861	64	17	11	0
6862	24	17	11	0
6863	64	17	11	0
6864	64	17	11	0
6865	16	16	10	0
6866	24	16	10	0
6867	16	16	10	0
6868	48	14	9	0
6869	48	16	10	0
6870	48	14	9	0
6871	48	16	10	0
6872	32	16	10	0
6873	4	14	9	0
6874	36	16	10	0
6875	16	16	10	0
6896	64	14	9	0
6897	4	14	9	0
6898	24	14	9	0
6899	18	14	9	0
6900	25	16	10	0
6902	25	16	10	0
6903	64	16	10	0
6904	36	16	10	0
6905	64	16	10	0
6906	64	14	9	0
6907	60	17	11	0
6908	64	19	13	0
6909	60	19	13	0
6910	64	19	13	0
6911	64	20	14	0
6912	64	19	13	0
6913	16	18	12	0
6914	64	18	12	0
6922	36	12	7	0
6923	15	13	8	0
6924	24	11	6	0
6925	54	13	8	0
6926	48	13	8	0
6927	60	13	8	0
6928	40	12	7	0
6929	64	13	8	0
6930	36	12	7	0
6931	15	14	9	0
6932	24	11	6	0
6933	64	13	8	0
6934	64	12	7	0
6935	60	13	8	0
6936	50	12	7	0
6937	20	13	8	0
6938	60	14	9	0
6939	45	14	9	0
6940	64	13	8	0
6941	56	16	10	0
6942	56	14	9	0
6943	56	14	9	0
6944	48	13	8	0
6945	4	14	9	0
6946	20	14	9	0
6947	1	11	6	0
6948	32	16	10	0
6949	4	13	8	0
6950	52	14	9	0
6951	64	14	9	0
6952	64	14	9	0
6953	16	16	10	0
6954	50	14	9	0
6955	40	16	10	0
6956	64	16	10	0
6957	15	17	11	0
6958	60	18	12	0
6959	64	17	11	0
6960	64	17	11	0
6961	64	16	10	0
6962	20	17	11	0
6963	20	17	11	0
6964	64	16	10	0
6965	16	16	10	0
6966	64	17	11	0
6967	60	17	11	0
6968	64	16	10	0
6969	64	16	10	0
6970	64	14	9	0
6971	48	14	9	0
6972	60	17	11	0
6973	52	16	10	0
6975	16	14	9	0
6976	52	14	9	0
6977	40	14	9	0
6978	64	14	9	0
6979	60	14	9	0
6980	20	16	10	0
6981	20	16	10	0
6982	20	16	10	0
6983	20	16	10	0
6984	20	17	11	0
6985	6	16	10	0
6986	36	17	11	0
6987	60	17	11	0
6988	52	17	11	0
6989	64	16	10	0
6990	64	16	10	0
6991	64	16	10	0
6992	52	13	8	0
6993	16	14	9	0
6994	52	14	9	0
6995	36	16	10	0
6996	64	17	11	0
6997	40	17	11	0
6998	64	17	11	0
6999	64	16	10	0
7000	44	16	10	0
7001	60	16	10	0
7002	20	14	9	0
7003	50	16	10	0
7004	54	18	12	0
7005	36	18	12	0
7006	64	18	12	0
7007	40	18	12	0
7008	64	18	12	0
7009	54	18	12	0
7010	20	17	11	0
7011	64	19	13	0
7012	64	20	14	0
7013	56	19	13	0
7014	54	19	13	0
7015	64	19	13	0
7016	64	20	14	0
7017	36	19	13	0
7018	64	19	13	0
7019	64	20	14	0
7020	64	19	13	0
7022	45	19	13	0
7024	64	18	12	0
7025	20	17	11	0
7026	27	18	12	0
7028	9	14	9	0
7029	50	16	10	0
7030	40	16	10	0
7031	64	18	12	0
7032	64	17	11	0
7033	20	17	11	0
7034	25	19	13	0
7036	27	19	13	0
7037	12	19	13	0
7038	1	12	7	0
7039	5	17	11	0
7040	5	17	11	0
7041	54	17	11	0
7043	64	20	30	2
7044	27	19	30	2
7045	64	17	11	0
7046	1	12	7	0
7047	60	18	12	0
7048	64	19	13	0
7049	54	17	30	2
7050	64	18	12	0
7051	54	16	10	0
7052	64	16	10	0
7053	64	17	11	0
7054	48	16	10	0
7055	64	17	11	0
7057	50	16	10	0
7058	64	16	10	0
7059	36	16	10	0
7060	64	16	10	0
7061	20	16	10	0
7062	32	16	10	0
7063	64	17	11	0
7064	64	16	10	0
7065	54	14	9	0
7066	64	14	9	0
7067	60	14	9	0
7068	64	17	11	0
7069	64	16	10	0
7070	64	14	9	0
7071	64	16	10	0
7072	64	16	10	0
7073	64	16	10	0
7074	64	16	10	0
7075	24	16	10	0
7076	64	16	10	0
7077	12	16	10	0
7078	64	16	10	0
7079	64	16	10	0
7080	64	16	10	0
7081	20	16	10	0
7082	64	16	10	0
7083	20	16	10	0
7084	64	17	11	0
7085	64	17	11	0
7086	16	16	10	0
7087	60	16	10	0
7089	20	16	10	0
7090	64	16	10	0
7091	8	16	10	0
7092	64	16	10	0
7093	4	14	9	0
7094	4	16	10	0
7095	4	14	9	0
7096	16	16	10	0
7097	24	16	10	0
7098	64	16	10	0
7099	64	16	10	0
7100	64	16	10	0
7101	4	13	8	0
7102	18	16	10	0
7103	1	11	6	0
7104	64	13	8	0
7105	18	14	9	0
7106	12	13	8	0
7107	24	14	9	0
7108	64	16	10	0
7109	18	17	11	0
7110	18	18	12	0
7111	44	16	10	0
7112	64	16	10	0
7113	64	17	11	0
7114	60	19	13	0
7115	64	19	13	0
7116	64	20	14	0
7117	60	19	13	0
7119	64	17	11	0
7120	40	18	12	0
7121	64	17	11	0
7122	64	17	11	0
7125	32	16	10	0
7126	64	17	11	0
7127	32	16	10	0
7128	36	14	9	0
7129	64	16	10	0
7130	64	16	10	0
7131	60	17	11	0
7132	24	16	10	0
7133	64	16	10	0
7134	64	16	10	0
7135	60	17	11	0
7136	64	17	11	0
7137	16	17	11	0
7138	64	17	11	0
7139	36	17	11	0
7140	36	17	11	0
7141	64	17	11	0
7142	64	17	11	0
7143	50	16	10	0
7144	64	17	11	0
7145	27	16	10	0
7146	27	16	10	0
7147	1	11	6	0
7148	5	14	9	0
7149	5	14	9	0
7150	25	17	11	0
7151	64	17	11	0
7152	60	19	13	0
7153	60	18	12	0
7154	60	19	13	0
7155	36	20	14	0
7156	60	21	15	0
7157	36	22	16	0
7158	60	23	17	0
7159	64	22	16	0
7160	64	21	15	0
7161	64	20	14	0
7162	60	19	13	0
7163	64	20	14	0
7164	60	21	30	2
7165	36	22	30	2
7170	20	16	10	0
7172	64	16	10	0
7173	64	16	10	0
7174	64	17	11	0
7175	64	22	30	2
7176	27	16	10	0
7177	16	14	9	0
7178	9	14	9	0
7179	44	14	9	0
7180	64	14	9	0
7181	44	14	9	0
7182	64	14	9	0
7183	44	14	9	0
7184	54	16	10	0
7185	54	17	11	0
7186	18	18	12	0
7187	60	19	13	0
7209	64	16	10	0
7210	12	16	10	0
7211	64	16	10	0
7212	64	16	10	0
7213	44	16	10	0
7214	64	16	10	0
7215	18	16	10	0
7216	20	16	10	0
7217	12	16	10	0
7218	12	16	10	0
7219	20	16	10	0
7220	8	16	10	0
7221	20	16	10	0
7222	8	16	10	0
7223	16	17	11	0
7224	24	18	12	0
7225	5	17	11	0
7226	9	17	11	0
7227	28	17	11	0
7228	28	17	11	0
7249	64	19	13	0
7250	28	18	12	0
7251	24	19	13	0
7252	5	17	11	0
7253	9	19	13	0
7254	12	19	13	0
7255	64	20	14	0
7256	64	19	13	0
7257	40	19	13	0
7258	64	19	13	0
7259	64	19	13	0
7260	54	20	14	0
7262	54	19	13	0
7263	64	19	13	0
7265	64	18	12	0
7266	60	19	13	0
7267	50	18	12	0
7268	54	20	30	2
7269	20	17	11	0
7270	54	19	30	2
7291	64	20	14	0
7292	64	20	14	0
7293	54	20	14	0
7295	54	19	13	0
7298	64	18	12	0
7299	64	18	12	0
7300	64	18	12	0
7302	27	16	10	0
7303	54	19	30	2
7304	36	16	10	0
7305	64	21	30	2
7306	32	16	10	0
7307	60	17	11	0
7308	64	17	11	0
7309	60	17	11	0
7310	50	16	10	0
7311	64	17	11	0
7312	64	17	11	0
7313	64	17	11	0
7314	56	16	10	0
7315	54	17	11	0
7316	64	17	11	0
7317	40	17	11	0
7318	50	16	10	0
7319	64	17	11	0
7320	60	17	11	0
7321	64	16	10	0
7322	64	16	10	0
7323	48	17	11	0
7324	64	17	11	0
7325	64	16	10	0
7326	54	16	10	0
7327	54	17	11	0
7328	64	17	11	0
7329	60	17	11	0
7330	64	16	10	0
7331	54	16	10	0
7332	54	16	10	0
7333	64	16	10	0
7334	64	16	10	0
7335	64	17	11	0
7336	60	17	11	0
7337	45	16	10	0
7338	64	17	11	0
7339	64	17	11	0
7340	64	17	11	0
7341	64	17	11	0
7342	56	17	11	0
7344	52	16	10	0
7345	64	17	11	0
7346	64	17	11	0
7347	50	17	11	0
7348	64	17	11	0
7349	64	17	11	0
7350	64	17	11	0
7351	64	17	11	0
7352	9	14	9	0
7353	48	17	11	0
7354	52	17	11	0
7355	40	16	10	0
7356	60	18	12	0
7357	40	17	11	0
7358	64	17	11	0
7359	54	17	11	0
7360	9	16	10	0
7361	64	19	13	0
7362	52	19	13	0
7363	50	19	13	0
7365	20	18	12	0
7366	32	18	12	0
7368	36	17	11	0
7371	24	14	9	0
7372	24	16	10	0
7373	20	18	30	2
7374	32	18	30	2
7375	45	17	11	0
7376	64	17	11	0
7377	54	17	11	0
7378	60	17	11	0
7379	64	16	10	0
7380	24	16	10	0
7381	20	17	11	0
7382	64	19	13	0
7383	54	19	13	0
7385	64	17	11	0
7386	50	16	10	0
7387	48	14	9	0
7388	64	16	10	0
7389	64	17	11	0
7392	64	16	10	0
7393	64	14	9	0
7394	64	14	9	0
7395	64	14	9	0
7396	64	14	9	0
7397	40	14	9	0
7398	64	14	9	0
7399	64	14	9	0
7400	64	17	11	0
7401	64	16	10	0
7402	64	14	9	0
7403	64	14	9	0
7404	54	13	8	0
7405	24	12	7	0
7406	36	14	9	0
7407	8	13	8	0
7408	6	14	9	0
7409	5	11	6	0
7410	24	12	7	0
7411	64	13	8	0
7412	56	13	8	0
7413	64	14	9	0
7414	52	16	10	0
7415	50	17	11	0
7416	60	19	13	0
7417	45	16	10	0
7418	64	17	11	0
7419	60	19	13	0
7420	60	18	12	0
7421	60	17	11	0
7422	64	17	11	0
7423	50	17	30	2
7425	54	14	9	0
7427	60	14	9	0
7429	60	17	30	2
7430	64	13	8	0
7431	52	12	7	0
7432	60	14	9	0
7433	54	13	8	0
7434	64	13	8	0
7435	64	13	8	0
7436	60	13	8	0
7437	5	13	8	0
7438	4	0	29	0
7439	45	13	8	0
7440	50	14	9	0
7441	64	14	9	0
7442	60	14	9	0
7443	64	13	8	0
7444	60	13	8	0
7445	36	12	7	0
7446	32	11	6	0
7447	30	14	9	0
7448	40	16	10	0
7449	64	16	10	0
7450	52	14	9	0
7451	64	14	9	0
7452	64	14	9	0
7453	60	14	9	0
7454	52	14	9	0
7455	60	17	11	0
7456	64	17	11	0
7457	50	18	12	0
7458	64	17	11	0
7459	64	17	11	0
7460	36	16	10	0
7461	52	14	9	0
7462	48	14	9	0
7463	50	14	9	0
7464	64	14	9	0
7465	50	18	30	2
7466	60	14	9	0
7468	52	12	7	0
7469	56	13	8	0
7470	56	13	8	0
7471	64	13	8	0
7472	64	13	8	0
7473	48	13	8	0
7474	64	13	8	0
7475	64	17	30	2
7476	30	11	6	0
7477	2	2	1	0
7478	32	10	5	0
7479	9	8	4	0
7480	40	11	6	0
7481	60	12	7	0
7482	60	12	7	0
7483	64	11	6	0
7484	64	11	6	0
7485	50	13	8	0
7486	64	13	8	0
7487	1	2	1	0
7488	60	13	8	0
7489	60	14	9	0
7490	50	12	7	0
7491	32	10	5	0
7492	9	8	4	0
7493	32	10	5	0
7494	5	6	3	0
7495	50	11	6	0
7496	60	13	8	0
7497	45	12	7	0
7498	48	12	7	0
7499	54	12	7	0
7500	64	13	8	0
7501	64	14	9	0
7502	50	14	9	0
7503	54	14	9	0
7504	50	14	9	0
7505	50	12	7	0
7506	64	13	8	0
7507	60	13	8	0
7508	64	13	8	0
7509	64	13	8	0
7510	60	13	8	0
7511	64	13	8	0
7512	50	13	8	0
7513	64	13	8	0
7514	60	14	9	0
7515	64	13	8	0
7516	64	13	8	0
7517	48	13	8	0
7518	64	13	8	0
7519	64	13	8	0
7520	36	11	6	0
7521	64	13	8	0
7522	44	12	7	0
7523	64	13	8	0
7524	64	13	8	0
7525	64	13	8	0
7526	54	14	9	0
7527	48	13	8	0
7528	60	14	9	0
7529	64	14	9	0
7530	64	14	9	0
7531	64	14	9	0
7532	56	14	9	0
7533	32	12	7	0
7534	54	13	8	0
7535	64	14	9	0
7536	64	14	9	0
7537	48	14	9	0
7538	64	14	9	0
7539	64	14	9	0
7540	64	14	9	0
7541	32	14	9	0
7542	60	17	11	0
7543	64	17	11	0
7544	56	16	10	0
7545	64	16	10	0
7546	54	16	10	0
7547	48	17	11	0
7548	64	16	10	0
7549	64	16	10	0
7550	64	17	11	0
7551	64	17	11	0
7552	36	16	10	0
7553	64	17	11	0
7554	36	16	10	0
7555	36	16	10	0
7556	36	16	10	0
7557	6	17	11	0
7558	16	16	10	0
7559	15	14	9	0
7560	20	16	10	0
7561	40	18	12	0
7562	48	18	12	0
7563	64	19	13	0
7564	64	20	14	0
7566	60	19	13	0
7567	60	19	13	0
7568	64	20	14	0
7569	64	21	15	0
7570	64	20	14	0
7573	32	18	12	0
7579	44	14	9	0
7580	20	14	9	0
7581	54	16	10	0
7582	64	16	10	0
7583	64	16	10	0
7584	64	16	10	0
7585	64	21	30	2
7586	60	14	9	0
7587	40	14	9	0
7588	18	14	9	0
7589	24	14	9	0
7590	54	16	10	0
7591	64	16	10	0
7592	64	16	10	0
7593	64	16	10	0
7594	60	16	10	0
7595	36	16	10	0
7596	4	14	9	0
7597	1	13	8	0
7598	36	19	13	0
7599	36	18	12	0
7600	64	18	12	0
7601	64	17	11	0
7602	60	17	11	0
7603	28	17	11	0
7604	15	17	11	0
7605	1	13	30	2
7606	40	16	10	0
7607	60	17	11	0
7608	64	17	11	0
7609	54	16	10	0
7610	64	16	10	0
7612	64	14	9	0
7613	64	16	10	0
7614	36	16	10	0
7615	36	16	10	0
7616	36	16	10	0
7617	8	16	10	0
7618	56	16	10	0
7619	4	14	9	0
7620	44	16	10	0
7621	48	14	9	0
7622	48	14	9	0
7623	48	16	10	0
7624	36	17	11	0
7625	40	17	11	0
7626	28	14	9	0
7627	12	16	10	0
7628	52	14	9	0
7629	44	14	9	0
7630	48	14	9	0
7631	48	17	11	0
7632	24	16	10	0
7633	48	17	11	0
7634	48	17	11	0
7635	40	17	11	0
7636	56	16	10	0
7637	25	16	10	0
7638	48	17	11	0
7639	48	17	11	0
7640	36	16	10	0
7641	40	16	10	0
7642	52	17	11	0
7643	40	17	11	0
7644	40	17	11	0
7645	12	18	12	0
7646	15	18	12	0
7647	15	18	12	0
7648	36	17	11	0
7649	52	17	11	0
7650	52	17	11	0
7651	52	17	11	0
7652	56	17	11	0
7653	12	18	30	2
7656	64	13	8	0
7657	50	14	9	0
7658	64	14	9	0
7659	64	14	9	0
7660	64	16	10	0
7681	56	18	12	0
7682	60	19	13	0
7683	64	19	13	0
7684	64	20	14	0
7685	64	19	13	0
7686	64	19	13	0
7687	48	19	13	0
7688	64	19	13	0
7689	40	18	12	0
7690	60	19	13	0
7691	28	18	12	0
7692	64	18	12	0
7693	64	18	12	0
7695	4	17	11	0
7696	32	18	12	0
7697	8	18	12	0
7698	32	19	13	0
7700	27	17	11	0
7701	64	18	12	0
7702	45	18	12	0
7703	32	19	13	0
7704	64	17	11	0
7706	64	17	11	0
7707	32	19	13	0
7708	60	19	13	0
7709	64	19	13	0
7710	36	19	13	0
7711	64	19	13	0
7712	64	19	13	0
7713	60	19	13	0
7714	64	17	11	0
7715	64	17	11	0
7716	64	17	11	0
7717	25	16	10	0
7718	64	17	11	0
7719	64	18	12	0
7720	64	18	12	0
7721	64	18	12	0
7722	50	18	12	0
7723	64	18	12	0
7724	54	18	12	0
7725	32	18	12	0
7726	32	19	13	0
7727	9	17	11	0
7728	5	16	10	0
7729	48	18	12	0
7730	60	18	12	0
7731	64	19	13	0
7732	54	18	30	2
7733	64	18	12	0
7734	64	19	13	0
7735	54	19	13	0
7736	64	20	14	0
7737	50	21	15	0
7738	64	21	15	0
7739	64	21	15	0
7740	64	20	14	0
7741	25	19	13	0
7743	54	19	30	2
7745	50	21	30	2
7749	25	19	30	2
7750	64	16	10	0
7751	64	14	9	0
7752	54	14	9	0
7753	36	13	8	0
7754	36	13	8	0
7755	64	21	30	2
7756	27	12	7	0
7757	36	13	8	0
7758	64	16	10	0
7759	64	14	9	0
7760	64	14	9	0
7761	40	14	9	0
7783	50	16	10	0
7784	64	16	10	0
7785	6	16	10	0
7786	20	14	9	0
7787	15	14	9	0
7788	45	14	9	0
7789	64	14	9	0
7790	24	14	9	0
7791	54	17	11	0
7792	50	18	12	0
7794	54	14	9	0
7795	64	17	11	0
7796	64	17	11	0
7797	40	17	11	0
7798	64	16	10	0
7799	60	17	11	0
7801	25	13	8	0
7802	60	14	9	0
7803	64	13	8	0
7804	60	14	9	0
7805	64	14	9	0
7806	64	14	9	0
7807	60	14	9	0
7808	64	14	9	0
7809	64	14	9	0
7810	24	14	9	0
7811	64	16	10	0
7812	64	16	10	0
7813	64	16	10	0
7814	64	14	9	0
7815	64	16	10	0
7816	44	14	9	0
7817	20	16	10	0
7818	64	16	10	0
7819	64	17	11	0
7820	64	16	10	0
7821	44	16	10	0
7822	64	16	10	0
7823	64	16	10	0
7824	64	14	9	0
7825	32	16	10	0
7826	27	16	10	0
7827	27	14	9	0
7828	9	14	9	0
7829	28	14	9	0
7830	60	17	11	0
7831	60	17	11	0
7832	64	17	11	0
7833	44	16	10	0
7834	27	16	30	2
7835	64	19	13	0
7836	64	19	13	0
7837	30	19	13	0
7838	64	19	13	0
7840	64	17	11	0
7841	20	16	10	0
7842	5	13	8	0
7845	64	14	9	0
7847	30	14	9	0
7848	64	14	9	0
7849	5	11	6	0
7850	48	14	9	0
7851	64	17	11	0
7852	64	16	10	0
7853	64	16	10	0
7854	48	14	9	0
7855	20	13	8	0
7856	64	17	11	0
7857	40	16	10	0
7858	64	17	11	0
7859	64	17	11	0
7860	52	17	11	0
7861	44	16	10	0
7862	50	16	10	0
7863	60	17	11	0
7864	64	17	11	0
7865	52	17	11	0
7866	64	17	11	0
7867	60	17	11	0
7868	64	17	11	0
7869	64	17	11	0
7870	32	16	10	0
7871	64	17	11	0
7872	64	17	11	0
7873	50	16	10	0
7874	48	16	10	0
7875	44	16	10	0
7876	60	17	11	0
7877	12	16	10	0
7878	32	16	10	0
7879	64	17	11	0
7880	64	17	11	0
7881	64	17	11	0
7882	64	17	11	0
7883	64	18	12	0
7884	52	18	12	0
7885	44	17	11	0
7886	52	18	12	0
7887	44	19	13	0
7888	20	18	12	0
7889	52	18	12	0
7890	52	17	11	0
7891	64	17	11	0
7892	64	17	11	0
7893	64	17	11	0
7894	64	17	11	0
7895	60	18	12	0
7897	60	18	30	2
7898	64	17	11	0
7899	64	17	11	0
7900	64	16	10	0
7901	28	16	10	0
7903	64	16	10	0
7904	3	11	6	0
7905	20	14	9	0
7906	64	16	10	0
7907	40	16	10	0
7908	64	16	10	0
7909	64	16	10	0
7910	64	16	10	0
7911	64	16	10	0
7913	1	12	7	0
7914	25	17	11	0
7915	25	16	10	0
7916	25	16	10	0
7917	12	17	11	0
7918	12	16	10	0
7919	64	17	11	0
7920	64	17	11	0
7921	64	17	11	0
7922	64	16	10	0
7923	64	17	11	0
7924	44	18	12	0
7925	12	17	30	2
7926	36	16	10	0
7927	60	17	11	0
7928	64	17	11	0
7930	64	16	10	0
7931	64	16	10	0
7932	20	16	10	0
7933	64	17	11	0
7935	60	18	12	0
7936	64	17	11	0
7937	30	16	10	0
7938	64	16	10	0
7939	64	14	9	0
7940	27	14	9	0
7941	27	16	10	0
7942	15	14	9	0
7943	12	16	10	0
7944	12	14	9	0
7945	16	16	10	0
7946	64	18	12	0
7947	60	17	11	0
7948	16	16	10	0
7949	32	17	11	0
7950	20	18	12	0
7951	20	19	13	0
7952	20	19	13	0
7953	20	20	14	0
7955	9	16	10	0
7956	8	16	10	0
7957	12	16	10	0
7958	60	18	12	0
7962	64	14	9	0
7963	64	14	9	0
7964	64	17	11	0
7965	64	16	10	0
7966	60	18	30	2
7967	60	14	9	0
7968	64	14	9	0
7969	64	13	8	0
7970	64	13	8	0
7971	64	13	8	0
7972	24	13	8	0
7973	28	13	8	0
7974	64	13	8	0
7975	28	13	8	0
7976	64	13	8	0
7977	16	13	8	0
7978	64	14	9	0
7979	64	14	9	0
7980	28	13	8	0
7981	32	13	8	0
7982	9	12	7	0
7983	24	13	8	0
7984	44	13	8	0
7985	64	14	9	0
7986	64	14	9	0
7987	32	14	9	0
7988	4	14	9	0
7989	20	16	10	0
7990	44	16	10	0
7991	44	18	12	0
7992	48	14	9	0
7993	64	16	10	0
7994	64	16	10	0
7995	48	16	10	0
7996	50	16	10	0
7997	28	16	10	0
7998	64	16	10	0
7999	44	17	11	0
8000	48	17	11	0
8001	64	17	11	0
8002	60	17	11	0
8003	64	16	10	0
8004	64	16	10	0
8005	64	16	10	0
8006	48	16	10	0
8007	54	16	10	0
8008	64	16	10	0
8009	64	16	10	0
8010	64	16	10	0
8011	64	16	10	0
8012	64	16	10	0
8013	64	16	10	0
8014	50	16	10	0
8015	64	16	10	0
8016	64	16	10	0
8017	16	16	10	0
8018	64	17	11	0
8019	64	17	11	0
8020	48	16	10	0
8021	54	16	10	0
8022	16	16	10	0
8023	64	18	12	0
8024	64	18	12	0
8025	4	17	11	0
8026	36	18	12	0
8027	30	18	12	0
8028	36	18	12	0
8029	36	18	12	0
8030	52	18	12	0
8031	36	19	13	0
8032	36	19	13	0
8033	12	18	12	0
8034	48	17	11	0
8035	64	19	13	0
8036	64	20	14	0
8037	16	20	14	0
8038	64	21	15	0
8039	64	20	14	0
8040	64	21	15	0
8041	64	22	16	0
8042	60	23	17	0
8043	64	22	16	0
8045	64	20	14	0
8052	64	17	11	0
8053	16	16	10	0
8054	64	17	11	0
8055	64	20	30	2
8056	64	17	11	0
8057	60	17	11	0
8058	60	17	11	0
8059	64	16	10	0
8060	64	16	10	0
8061	64	17	11	0
8062	64	17	11	0
8063	24	16	10	0
8064	4	14	9	0
8065	5	14	9	0
8067	20	16	10	0
8068	64	16	10	0
8069	64	16	10	0
8070	64	16	10	0
8071	54	16	10	0
8072	50	16	10	0
8073	24	17	11	0
8074	60	19	13	0
8075	64	18	12	0
8076	64	19	13	0
8077	60	18	12	0
8078	60	18	12	0
8079	64	17	11	0
8080	50	18	12	0
8081	27	19	13	0
8082	64	19	13	0
8083	45	19	13	0
8084	64	18	12	0
8085	64	18	12	0
8086	45	18	12	0
8087	36	18	12	0
8088	60	18	12	0
8090	64	16	10	0
8091	64	17	11	0
8092	64	18	12	0
8093	60	18	12	0
8094	64	17	11	0
8095	60	19	13	0
8096	60	19	13	0
8097	32	19	13	0
8098	64	17	11	0
8099	64	17	11	0
8100	64	17	11	0
8101	50	17	11	0
8102	64	17	11	0
8103	44	17	11	0
8105	60	18	12	0
8106	60	19	13	0
8107	60	18	12	0
8108	64	17	11	0
8109	64	17	11	0
8110	64	18	12	0
8111	64	18	12	0
8112	60	19	13	0
8114	64	17	11	0
8115	64	17	11	0
8116	64	17	11	0
8117	36	17	11	0
8118	64	17	11	0
8119	64	17	11	0
8120	64	17	11	0
8121	32	17	11	0
8122	27	16	10	0
8123	15	16	10	0
8124	45	17	11	0
8125	64	17	11	0
8126	64	18	12	0
8127	54	18	12	0
8128	64	18	12	0
8129	54	17	11	0
8130	64	18	12	0
8131	12	19	13	0
8132	64	20	14	0
8133	64	20	14	0
8134	64	19	13	0
8135	50	19	13	0
8136	60	19	13	0
8137	45	18	12	0
8138	64	18	12	0
8139	12	19	30	2
8141	60	16	10	0
8142	60	17	11	0
8144	60	17	11	0
8145	64	16	10	0
8146	54	17	11	0
8147	54	17	11	0
8148	64	18	12	0
8149	64	17	11	0
8150	54	17	11	0
8151	64	17	11	0
8152	64	17	11	0
8153	64	17	11	0
8154	18	16	10	0
8155	32	16	10	0
8156	9	14	9	0
8157	12	17	11	0
8158	36	17	11	0
8159	60	17	11	0
8160	60	17	11	0
8161	60	17	11	0
8162	8	17	11	0
8163	64	19	13	0
8164	54	19	13	0
8165	64	20	14	0
8166	64	19	13	0
8167	28	18	12	0
8168	60	19	13	0
8169	64	19	13	0
8170	64	18	12	0
8171	60	18	12	0
8172	60	18	12	0
8173	64	20	30	2
8174	64	17	11	0
8175	60	17	11	0
8176	60	18	12	0
8177	27	17	11	0
8178	60	18	12	0
8179	64	17	11	0
8180	64	17	11	0
8181	64	17	11	0
8182	64	17	11	0
8183	64	17	11	0
8185	60	18	12	0
8186	60	19	13	0
8187	50	18	12	0
8188	64	18	12	0
8189	64	17	11	0
8190	44	17	11	0
8191	64	17	11	0
8192	64	19	13	0
8194	64	17	11	0
8195	50	18	30	2
8196	64	17	11	0
8197	16	16	10	0
8198	64	17	11	0
8199	60	17	11	0
8200	64	17	11	0
8201	64	17	11	0
8202	64	17	11	0
8203	64	17	11	0
8205	50	17	11	0
8206	64	18	12	0
8207	60	17	11	0
8208	64	17	11	0
8209	64	17	11	0
8210	64	17	11	0
8211	45	17	11	0
8212	64	17	11	0
8213	50	17	11	0
8214	64	18	12	0
8215	64	18	12	0
8216	64	18	12	0
8217	45	17	11	0
8218	64	17	11	0
8219	60	17	11	0
8220	60	19	13	0
8221	64	18	12	0
8222	64	19	13	0
8223	54	19	13	0
8224	54	18	12	0
8225	20	17	11	0
8226	2	14	9	0
8227	1	12	7	0
8228	36	18	12	0
8229	5	17	11	0
8231	54	19	30	2
8232	60	17	11	0
8233	64	18	12	0
8234	64	19	13	0
8235	48	20	14	0
8236	64	20	14	0
8237	60	21	15	0
8238	64	21	15	0
8239	64	19	13	0
8240	64	19	13	0
8242	60	19	13	0
8243	64	18	12	0
8247	60	16	10	0
8248	64	16	10	0
8249	64	16	10	0
8250	64	16	10	0
8251	64	16	10	0
8252	64	16	10	0
8253	64	16	10	0
8254	64	16	10	0
8255	64	16	10	0
8256	52	16	10	0
8257	8	16	10	0
8258	64	16	10	0
8259	64	16	10	0
8260	64	16	10	0
8261	52	16	10	0
8262	50	16	10	0
8263	20	16	10	0
8264	20	16	10	0
8265	16	16	10	0
8266	5	14	9	0
8267	20	16	10	0
8268	64	16	10	0
8269	64	16	10	0
8270	64	16	10	0
8271	52	16	10	0
8272	48	16	10	0
8273	36	16	10	0
8274	5	14	9	0
8275	52	18	12	0
8276	64	18	12	0
8277	40	18	12	0
8278	64	17	11	0
8279	9	16	10	0
8280	1	11	6	0
8281	20	18	12	0
8282	5	16	10	0
8283	64	16	10	0
8285	32	16	10	0
8286	64	17	11	0
8287	60	17	11	0
8288	64	19	13	0
8291	64	16	10	0
8292	64	16	10	0
8293	54	14	9	0
8294	32	14	9	0
8295	64	16	10	0
8297	8	14	9	0
8298	64	14	9	0
8299	50	14	9	0
8300	64	14	9	0
8301	56	14	9	0
8302	20	14	9	0
8303	64	14	9	0
8304	54	14	9	0
8305	64	16	10	0
8306	64	17	11	0
8307	60	17	11	0
8308	54	17	11	0
8309	64	17	11	0
8310	64	17	11	0
8311	60	17	11	0
8312	12	17	11	0
8313	24	17	11	0
8314	52	17	11	0
8315	64	17	11	0
8316	64	17	11	0
8317	16	18	12	0
8318	64	18	12	0
8319	64	18	12	0
8320	24	18	12	0
8321	28	18	12	0
8322	64	20	14	0
8323	64	19	13	0
8324	64	19	13	0
8325	24	19	13	0
8327	60	17	11	0
8328	60	18	12	0
8329	9	16	10	0
8330	20	17	11	0
8331	32	18	12	0
8332	8	17	11	0
8333	48	18	12	0
8334	52	18	12	0
8335	60	18	12	0
8336	64	18	12	0
8337	44	18	12	0
8338	60	19	13	0
8339	64	20	14	0
8340	9	21	15	0
8341	54	21	15	0
8342	40	21	15	0
8343	64	20	14	0
8344	64	19	13	0
8345	56	18	12	0
8346	64	19	13	0
8347	60	19	13	0
8350	64	17	11	0
8352	20	18	12	0
8353	64	17	11	0
8355	12	16	10	0
8356	8	14	9	0
8357	16	14	9	0
8358	64	16	10	0
8359	64	16	10	0
8360	64	16	10	0
8361	64	16	10	0
8362	8	16	10	0
8363	16	16	10	0
8364	20	14	9	0
8365	1	12	7	0
8366	8	17	11	0
8367	60	17	11	0
8368	64	17	11	0
8369	64	17	11	0
8370	60	16	10	0
8371	64	16	10	0
8372	64	16	10	0
8375	12	14	9	0
8376	64	16	10	0
8377	8	16	10	0
8378	64	16	10	0
8379	12	16	10	0
8380	64	16	10	0
8381	64	16	10	0
8382	64	14	9	0
8383	20	14	9	0
8384	64	14	9	0
8385	12	14	9	0
8386	64	16	10	0
8387	54	16	10	0
8388	64	14	9	0
8389	64	14	9	0
8390	64	16	10	0
8391	64	16	10	0
8392	64	13	8	0
8393	60	14	9	0
8394	45	16	10	0
8395	64	16	10	0
8396	64	17	11	0
8397	44	17	11	0
8398	64	17	11	0
8399	64	17	11	0
8400	60	18	12	0
8401	20	17	11	0
8402	12	17	11	0
8403	12	18	12	0
8404	20	18	12	0
8406	5	17	11	0
8407	24	18	12	0
8408	36	18	12	0
8409	20	17	11	0
8410	25	19	13	0
8411	8	20	14	0
8412	24	22	16	0
8413	40	22	16	0
8414	5	21	15	0
8416	4	18	12	0
8417	10	19	13	0
8421	40	22	30	2
8422	60	18	12	0
8423	64	19	13	0
8425	10	19	30	2
8426	64	14	9	0
8427	40	14	9	0
8428	36	14	9	0
8429	24	13	8	0
8430	64	16	10	0
8431	64	16	10	0
8432	64	16	10	0
8433	18	14	9	0
8434	36	16	10	0
8435	9	17	11	0
8436	36	18	12	0
8437	8	19	13	0
8438	32	19	13	0
8439	20	18	12	0
8440	15	18	12	0
8441	36	18	12	0
8442	48	20	14	0
8443	64	21	15	0
8444	64	19	13	0
8445	16	20	14	0
8446	20	20	14	0
8509	64	20	14	0
8511	64	18	12	0
8513	64	17	11	0
8514	64	18	12	0
8515	24	17	11	0
8517	40	16	10	0
8518	64	16	10	0
8519	64	16	10	0
8520	64	16	10	0
8521	64	16	10	0
8522	64	16	10	0
8523	32	16	10	0
8524	64	17	11	0
8525	64	17	11	0
8526	64	17	11	0
8527	28	16	10	0
8528	64	16	10	0
8529	64	16	10	0
8530	64	16	10	0
8531	64	16	10	0
8532	64	16	10	0
8533	64	16	10	0
8534	64	16	10	0
8535	10	16	10	0
8536	32	16	10	0
8537	6	13	8	0
8538	24	16	10	0
8539	15	14	9	0
8540	24	16	10	0
8541	64	16	10	0
8542	12	16	10	0
8544	20	14	9	0
8545	40	17	11	0
8546	64	17	11	0
8547	60	17	11	0
8548	64	19	13	0
8549	64	18	12	0
8550	64	17	11	0
8551	24	17	11	0
8552	60	17	11	0
8553	60	19	13	0
8554	64	18	12	0
8555	64	18	12	0
8556	64	17	11	0
8557	8	17	11	0
8558	64	17	11	0
8559	16	17	11	0
8561	5	16	10	0
8562	32	17	11	0
8563	56	17	11	0
8564	36	17	11	0
8565	36	17	11	0
8566	27	16	10	0
8567	32	17	11	0
8568	16	17	11	0
8569	5	16	10	0
8570	5	14	9	0
8571	16	17	11	0
8572	5	17	11	0
8573	20	19	13	0
8574	50	20	14	0
8575	20	20	14	0
8576	50	20	14	0
8577	36	20	14	0
8578	36	19	13	0
8579	32	17	11	0
8580	32	18	12	0
8581	20	16	10	0
8582	32	18	12	0
8583	5	19	13	0
8584	50	20	30	2
8585	27	19	13	0
8586	40	20	14	0
8587	20	21	15	0
8588	24	20	14	0
8589	15	20	14	0
8590	36	21	15	0
8591	5	19	30	2
8592	24	19	13	0
8593	64	20	14	0
8594	64	21	15	0
8595	20	21	30	2
8596	36	19	13	0
8597	8	21	15	0
8599	32	19	13	0
8600	28	23	17	0
8601	44	23	17	0
8602	44	21	15	0
8603	64	20	14	0
8604	64	21	15	0
8606	64	20	14	0
8607	36	19	30	2
8611	64	17	11	0
8613	32	14	9	0
8615	40	13	8	0
8616	54	14	9	0
8617	36	16	10	0
8618	64	16	10	0
8619	64	16	10	0
8620	64	14	9	0
8621	50	13	8	0
8622	64	14	9	0
8623	54	14	9	0
8624	60	14	9	0
8625	64	14	9	0
8626	64	16	10	0
8627	50	14	9	0
8628	60	14	9	0
8629	64	13	8	0
8630	64	13	8	0
8631	54	13	8	0
8632	60	13	8	0
8633	64	13	8	0
8634	50	12	7	0
8635	60	13	8	0
8636	64	13	8	0
8637	60	13	8	0
8638	64	13	8	0
8639	64	13	8	0
8640	60	13	8	0
8641	64	13	8	0
8642	36	12	7	0
8643	36	13	8	0
8644	36	12	7	0
8645	4	12	7	0
8646	24	12	7	0
8647	44	13	8	0
8648	64	13	8	0
8649	64	13	8	0
8650	48	13	8	0
8651	64	16	10	0
8652	64	17	11	0
8653	54	18	12	0
8654	52	16	10	0
8655	24	17	11	0
8656	64	17	11	0
8657	48	16	10	0
8658	64	16	10	0
8659	64	17	11	0
8660	64	16	10	0
8661	64	16	10	0
8662	64	14	9	0
8663	36	14	9	0
8664	54	16	10	0
8665	54	16	10	0
8666	54	16	10	0
8667	8	16	10	0
8668	40	14	9	0
8669	54	14	9	0
8670	64	14	9	0
8671	64	14	9	0
8672	64	16	10	0
8673	64	17	11	0
8674	54	16	30	2
8675	27	14	9	0
8676	5	13	8	0
8719	64	17	11	0
8720	64	17	11	0
8721	64	17	11	0
8722	64	17	11	0
8723	64	17	11	0
8725	64	16	10	0
8726	48	14	9	0
8727	16	16	10	0
8728	28	16	10	0
8729	52	16	10	0
8730	52	16	10	0
8731	52	16	10	0
8732	12	16	10	0
8733	64	16	10	0
8734	64	16	10	0
8735	24	16	10	0
8736	24	14	9	0
8737	16	14	9	0
8738	24	16	10	0
8739	12	14	9	0
8740	12	14	9	0
8741	24	16	10	0
8742	64	16	10	0
8743	64	16	10	0
8744	60	17	11	0
8745	64	17	11	0
8746	28	17	11	0
8747	60	17	11	0
8748	64	18	12	0
8749	64	19	13	0
8750	64	19	13	0
8751	64	18	12	0
8752	64	18	12	0
8753	64	17	11	0
8754	64	17	11	0
8755	64	17	11	0
8756	64	17	11	0
8758	64	17	11	0
8759	64	17	11	0
8760	64	17	11	0
8761	64	17	11	0
8762	64	17	11	0
8763	64	17	11	0
8764	64	17	11	0
8765	64	19	30	2
8766	28	17	11	0
8767	40	17	11	0
8768	64	17	11	0
8769	64	17	11	0
8770	64	17	11	0
8771	24	17	11	0
8772	48	17	11	0
8773	44	17	11	0
8774	60	17	11	0
8775	27	17	11	0
8776	36	18	12	0
8777	6	18	12	0
8778	36	18	12	0
8779	40	17	11	0
8780	40	18	12	0
8781	48	19	13	0
8782	36	19	13	0
8783	30	18	12	0
8784	36	18	30	2
8785	6	18	30	2
8786	20	17	11	0
8787	30	19	13	0
8788	12	19	13	0
8790	4	17	11	0
8791	6	19	13	0
8792	4	19	13	0
8793	36	20	14	0
8794	60	19	13	0
8795	64	19	13	0
8796	64	19	13	0
8797	40	19	13	0
8798	64	19	13	0
8801	64	14	9	0
8805	64	16	10	0
8807	54	16	10	0
8808	64	13	8	0
8809	64	12	7	0
8810	20	13	8	0
8811	64	14	9	0
8812	64	16	10	0
8813	64	16	10	0
8814	64	16	10	0
8815	48	16	10	0
8816	64	16	10	0
8817	40	14	9	0
8818	32	16	10	0
8819	60	17	11	0
8820	64	17	11	0
8821	64	17	11	0
8822	64	17	11	0
8823	36	17	11	0
8824	40	17	11	0
8825	4	17	11	0
8847	60	17	11	0
8848	64	18	12	0
8849	60	18	12	0
8851	64	14	9	0
8852	64	16	10	0
8853	64	17	11	0
8854	60	16	10	0
8855	60	14	9	0
8856	64	14	9	0
8857	54	14	9	0
8858	64	14	9	0
8859	64	14	9	0
8860	64	14	9	0
8861	60	14	9	0
8862	64	14	9	0
8863	64	14	9	0
8864	44	14	9	0
8865	24	14	9	0
8866	27	14	9	0
8867	2	8	4	0
8929	15	14	9	0
8930	64	14	9	0
8931	64	14	9	0
8932	64	16	10	0
8933	64	16	10	0
8934	18	17	11	0
8935	64	18	12	0
8936	64	19	13	0
8937	30	19	13	0
8938	64	20	14	0
8939	64	19	13	0
8940	64	17	11	0
8941	60	16	10	0
8942	64	16	10	0
8943	64	14	9	0
8948	64	14	9	0
8949	60	14	9	0
8950	64	14	9	0
8951	64	14	9	0
8952	64	14	9	0
8953	64	14	9	0
8954	44	16	10	0
8955	64	19	30	2
8956	64	14	9	0
8957	40	14	9	0
8958	44	14	9	0
8959	64	14	9	0
8960	52	14	9	0
8961	64	14	9	0
8962	64	14	9	0
8963	64	16	10	0
8964	64	16	10	0
8965	8	14	9	0
8966	20	16	10	0
8967	27	16	10	0
8968	4	14	9	0
8969	5	13	8	0
8970	64	14	9	0
8971	64	14	9	0
8972	60	14	9	0
8973	64	14	9	0
8974	64	14	9	0
8975	64	16	10	0
8976	64	17	11	0
8977	54	16	10	0
8978	64	17	11	0
8979	64	17	11	0
8980	64	16	10	0
8981	60	17	11	0
8982	64	16	10	0
8983	64	16	10	0
8984	50	16	10	0
8985	64	16	10	0
8986	64	16	10	0
8987	16	16	10	0
8988	64	16	10	0
8989	64	16	10	0
8990	64	16	10	0
8991	64	16	10	0
8992	12	16	10	0
8993	64	17	11	0
8994	64	17	11	0
8995	32	16	10	0
8996	32	16	10	0
8997	6	14	9	0
8998	5	14	9	0
8999	50	16	10	0
9000	64	16	10	0
9001	64	16	10	0
9002	64	16	10	0
9003	50	16	10	0
9004	64	18	12	0
9005	48	19	13	0
9006	36	19	13	0
9007	60	20	14	0
9008	64	20	14	0
9009	16	19	13	0
9010	16	18	12	0
9011	64	17	11	0
9012	64	18	12	0
9013	64	18	12	0
9014	8	17	11	0
9016	12	18	12	0
9017	60	17	11	0
9018	64	17	11	0
9019	64	17	11	0
9020	64	17	11	0
9021	64	17	11	0
9022	64	17	11	0
9023	64	16	10	0
9025	64	16	10	0
9026	64	16	10	0
9027	12	16	10	0
9028	64	16	10	0
9029	64	16	10	0
9030	64	16	10	0
9031	64	16	10	0
9032	60	16	10	0
9033	64	16	10	0
9034	64	16	10	0
9035	64	16	10	0
9036	64	17	11	0
9037	60	17	11	0
9038	64	17	11	0
9039	64	17	11	0
9040	10	17	11	0
9041	32	17	11	0
9042	32	17	11	0
9043	32	17	11	0
9044	18	16	10	0
9045	64	17	11	0
9046	52	17	11	0
9047	60	17	11	0
9048	52	17	11	0
9049	54	16	10	0
9050	64	17	11	0
9051	64	18	12	0
9052	12	19	13	0
9053	64	20	14	0
9054	64	19	13	0
9055	64	19	13	0
9056	64	18	12	0
9057	48	18	12	0
9058	60	19	13	0
9059	64	18	12	0
9060	64	18	12	0
9065	64	17	11	0
9066	50	17	11	0
9067	40	17	11	0
9068	64	17	11	0
9069	64	17	11	0
9070	60	17	11	0
9071	60	17	11	0
9072	48	17	11	0
9073	64	17	11	0
9074	48	16	10	0
9075	36	17	11	0
9076	32	18	12	0
9077	4	18	12	0
9078	40	17	11	0
9079	64	17	11	0
9080	64	17	11	0
9081	64	17	11	0
9082	64	17	11	0
9083	64	18	12	0
9084	64	19	13	0
9086	24	17	11	0
9087	60	18	12	0
9088	64	18	12	0
9090	60	17	11	0
9091	64	16	10	0
9093	64	16	10	0
9094	64	14	9	0
9095	64	16	10	0
9096	64	16	10	0
9097	25	16	10	0
9098	64	16	10	0
9099	48	16	10	0
9100	48	16	10	0
9101	24	16	10	0
9102	64	16	10	0
9103	64	16	10	0
9104	64	16	10	0
9105	32	16	10	0
9106	32	17	11	0
9107	27	17	11	0
9108	32	18	12	0
9109	2	14	9	0
9110	24	18	12	0
9111	64	17	11	0
9112	64	17	11	0
9113	24	17	11	0
9114	32	17	30	2
9115	64	19	13	0
9116	24	19	13	0
9117	12	20	14	0
9118	20	20	14	0
9119	64	19	13	0
9120	64	19	13	0
9121	64	18	12	0
9122	60	18	12	0
9130	18	13	8	0
9131	18	13	8	0
9132	60	13	8	0
9133	5	13	8	0
9134	48	13	8	0
9135	64	19	30	2
9136	64	14	9	0
9137	54	14	9	0
9138	64	14	9	0
9139	64	16	10	0
9140	28	17	11	0
9141	64	17	11	0
9142	64	14	9	0
9143	64	16	10	0
9144	64	16	10	0
9145	64	14	9	0
9146	24	14	9	0
9147	60	14	9	0
9148	64	14	9	0
9149	64	14	9	0
9150	64	14	9	0
9151	64	14	9	0
9152	64	14	9	0
9153	64	14	9	0
9154	50	14	9	0
9155	64	16	10	0
9156	64	14	9	0
9157	40	14	9	0
9158	64	14	9	0
9159	64	14	9	0
9160	64	14	9	0
9161	64	14	9	0
9162	24	14	9	0
9163	64	16	10	0
9164	16	16	10	0
9165	16	16	10	0
9166	16	16	10	0
9167	8	16	10	0
9168	32	16	10	0
9169	64	16	10	0
9170	64	16	10	0
9171	64	16	10	0
9172	64	16	10	0
9173	64	16	10	0
9174	32	14	9	0
9175	32	16	10	0
9176	64	14	9	0
9177	8	17	11	0
9178	64	17	11	0
9179	60	17	11	0
9180	64	16	10	0
9181	64	16	10	0
9182	64	16	10	0
9183	64	16	10	0
9184	64	14	9	0
9185	48	14	9	0
9186	12	14	9	0
9187	54	16	10	0
9188	64	17	11	0
9189	60	17	11	0
9190	64	16	10	0
9191	64	16	10	0
9192	64	16	10	0
9193	48	16	10	0
9194	64	16	10	0
9195	64	16	10	0
9196	54	16	10	0
9197	12	16	10	0
9198	64	17	11	0
9199	64	17	11	0
9200	64	17	11	0
9201	48	18	12	0
9202	60	18	12	0
9203	64	18	12	0
9204	50	17	11	0
9205	24	18	12	0
9206	4	18	12	0
9207	25	18	12	0
9208	20	18	12	0
9210	20	17	11	0
9211	18	17	11	0
9212	18	17	11	0
9213	64	19	13	0
9214	54	19	13	0
9215	64	19	13	0
9216	64	20	14	0
9217	60	19	13	0
9218	64	19	13	0
9219	60	19	13	0
9220	64	20	14	0
9221	64	21	15	0
9222	64	20	14	0
9223	64	20	14	0
9225	64	19	13	0
9226	64	19	13	0
9227	54	18	12	0
9228	64	18	12	0
9230	64	17	11	0
9231	64	17	11	0
9232	64	17	11	0
9233	64	17	11	0
9234	60	18	12	0
9235	64	18	12	0
9236	54	18	12	0
9237	32	18	12	0
9238	36	18	12	0
9239	16	18	12	0
9240	1	12	7	0
9241	56	18	12	0
9242	64	18	12	0
9243	64	18	12	0
9244	64	18	12	0
9245	60	19	13	0
9246	48	19	13	0
9247	30	20	14	0
9248	5	18	12	0
9249	64	21	15	0
9250	64	20	14	0
9251	64	19	13	0
9252	64	19	13	0
9253	54	19	13	0
9254	50	19	13	0
9255	30	20	30	2
9256	64	18	12	0
9260	64	17	11	0
9261	64	17	11	0
9262	54	18	12	0
9263	60	19	13	0
9264	54	19	13	0
9265	64	21	30	2
9266	64	18	12	0
9267	30	17	11	0
9268	64	17	11	0
9269	64	17	11	0
9270	64	17	11	0
9271	64	17	11	0
9272	64	17	11	0
9273	64	18	12	0
9274	60	18	12	0
9275	32	17	11	0
9276	18	18	12	0
9277	12	18	12	0
9278	36	18	12	0
9279	64	18	12	0
9280	64	18	12	0
9281	64	18	12	0
9282	60	18	12	0
9283	48	17	11	0
9284	64	19	13	0
9285	18	19	13	0
9286	64	20	14	0
9287	60	19	13	0
9288	48	19	13	0
9289	64	19	13	0
9290	64	18	12	0
9291	60	18	12	0
9293	64	17	11	0
9295	64	17	11	0
9296	64	17	11	0
9298	48	16	10	0
9299	60	17	11	0
9300	16	16	10	0
9301	16	16	10	0
9302	9	14	9	0
9303	45	16	10	0
9304	56	16	10	0
9305	64	19	30	2
9306	60	17	11	0
9307	60	19	13	0
9308	54	18	12	0
9309	18	19	13	0
9310	9	19	13	0
9311	45	20	14	0
9312	64	21	15	0
9313	64	20	14	0
9314	64	20	14	0
9315	64	19	13	0
9316	54	19	13	0
9317	48	18	12	0
9318	64	19	13	0
9324	56	13	8	0
9325	64	14	9	0
9326	54	14	9	0
9327	27	14	9	0
9328	64	14	9	0
9329	64	14	9	0
9330	64	14	9	0
9331	64	14	9	0
9332	64	14	9	0
9333	64	14	9	0
9334	32	14	9	0
9335	2	8	4	0
9336	1	6	3	0
9337	6	13	8	0
9339	20	13	8	0
9340	50	14	9	0
9341	45	14	9	0
9342	50	14	9	0
9343	4	17	11	0
9345	45	16	10	0
9346	36	13	8	0
9347	36	13	8	0
9348	36	17	11	0
9349	5	16	10	0
9350	36	17	11	0
9351	9	17	11	0
9353	36	13	8	0
9354	30	14	9	0
9355	32	14	9	0
9356	36	16	10	0
9357	5	17	11	0
9358	36	17	11	0
9359	12	18	12	0
9361	54	17	11	0
9362	64	18	12	0
9363	32	19	13	0
9364	36	19	13	0
9365	40	19	13	0
9366	36	17	11	0
9367	12	18	30	2
9369	50	14	9	0
9370	64	14	9	0
9371	64	16	10	0
9373	54	14	9	0
9374	64	14	9	0
9375	27	16	10	0
9377	4	14	9	0
9378	15	13	8	0
9379	18	13	8	0
9380	60	14	9	0
9381	48	13	8	0
9382	64	12	7	0
9383	60	13	8	0
9385	60	13	8	0
9386	60	11	6	0
9387	60	13	8	0
9388	64	14	9	0
9389	54	14	9	0
9390	64	13	8	0
9391	50	13	8	0
9392	64	14	9	0
9393	60	14	9	0
9394	60	14	9	0
9395	50	13	8	0
9396	60	14	9	0
9397	36	14	9	0
9398	64	13	8	0
9399	60	14	9	0
9400	64	14	9	0
9401	60	14	9	0
9402	64	14	9	0
9403	54	14	9	0
9404	64	14	9	0
9405	32	13	8	0
9406	36	13	8	0
9407	30	13	8	0
9408	25	12	7	0
9409	40	13	8	0
9410	64	14	9	0
9411	64	14	9	0
9412	64	14	9	0
9413	50	14	9	0
9414	64	16	10	0
9415	45	17	11	0
9416	60	19	13	0
9417	60	19	13	0
9418	50	18	12	0
9419	64	17	11	0
9420	64	17	11	0
9421	60	16	10	0
9422	64	16	10	0
9423	64	14	9	0
9424	64	16	10	0
9425	64	14	9	0
9426	64	14	9	0
9427	40	16	10	0
9428	64	16	10	0
9429	64	14	9	0
9430	60	14	9	0
9431	64	14	9	0
9432	32	12	7	0
9433	64	14	9	0
9434	54	13	8	0
9435	60	14	9	0
9436	64	14	9	0
9437	60	14	9	0
9438	54	13	8	0
9439	50	14	9	0
9440	52	13	8	0
9441	64	14	9	0
9442	64	14	9	0
9443	52	14	9	0
9444	64	14	9	0
9445	64	14	9	0
9446	60	14	9	0
9447	60	14	9	0
9448	64	14	9	0
9449	64	14	9	0
9450	64	14	9	0
9451	64	14	9	0
9452	64	14	9	0
9453	60	14	9	0
9454	54	14	9	0
9455	64	14	9	0
9456	64	14	9	0
9457	50	14	9	0
9458	60	14	9	0
9459	54	14	9	0
9460	60	14	9	0
9461	54	14	9	0
9462	64	14	9	0
9463	64	14	9	0
9464	64	14	9	0
9465	18	12	7	0
9466	36	14	9	0
9467	25	16	10	0
9468	32	16	10	0
9469	36	16	10	0
9470	36	16	10	0
9471	15	14	9	0
9472	48	17	11	0
9473	20	17	11	0
9474	64	18	12	0
9475	64	19	13	0
9476	54	19	13	0
9477	60	19	13	0
9478	64	19	13	0
9479	64	19	13	0
9480	64	20	14	0
9481	64	19	13	0
9484	54	19	30	2
9485	60	19	30	2
9509	64	18	12	0
9510	64	17	11	0
9511	64	17	11	0
9512	64	17	11	0
9513	64	17	11	0
9514	60	18	12	0
9515	64	17	11	0
9517	50	16	10	0
9518	60	17	11	0
9519	60	17	11	0
9520	64	17	11	0
9521	64	17	11	0
9524	64	14	9	0
9525	9	14	9	0
9526	36	13	8	0
9527	10	14	9	0
9528	18	12	7	0
9530	2	2	1	0
9531	52	13	8	0
9532	64	13	8	0
9533	60	14	9	0
9534	60	13	8	0
9535	20	16	10	0
9536	20	14	9	0
9537	60	16	10	0
9538	64	16	10	0
9539	64	17	11	0
9540	64	17	11	0
9541	60	16	10	0
9542	64	16	10	0
9543	64	16	10	0
9544	64	14	9	0
9545	60	13	8	0
9546	64	13	8	0
9547	60	14	9	0
9548	64	14	9	0
9549	64	14	9	0
9550	64	14	9	0
9551	64	16	10	0
9552	64	16	10	0
9553	64	14	9	0
9554	64	14	9	0
9555	64	14	9	0
9556	64	14	9	0
9557	40	14	9	0
9558	64	16	10	0
9559	64	16	10	0
9560	64	16	10	0
9561	60	17	11	0
9562	48	17	11	0
9563	64	17	11	0
9564	64	17	11	0
9565	32	16	10	0
9566	27	16	10	0
9567	16	16	10	0
9568	32	16	10	0
9569	60	17	11	0
9570	60	17	11	0
9571	64	17	11	0
9573	64	16	10	0
9574	64	17	11	0
9575	64	18	12	0
9576	64	19	13	0
9577	54	20	14	0
9579	64	18	12	0
9580	60	18	12	0
9581	64	17	11	0
9582	54	17	11	0
9583	64	17	11	0
9585	54	20	30	2
9586	64	17	11	0
9588	64	16	10	0
9590	36	14	9	0
9591	64	16	10	0
9592	64	16	10	0
9613	64	17	11	0
9614	64	17	11	0
9615	27	16	10	0
9616	27	16	10	0
9617	12	18	12	0
9618	36	16	10	0
9619	64	17	11	0
9620	64	17	11	0
9621	64	17	11	0
9622	64	17	11	0
9623	27	16	10	0
9624	64	18	12	0
9625	12	18	30	2
9626	64	17	11	0
9627	60	18	12	0
9628	60	18	12	0
9629	54	17	11	0
9630	64	17	11	0
9631	18	16	10	0
9632	27	18	12	0
9633	1	11	6	0
9634	27	19	13	0
9635	27	19	13	0
9636	27	18	12	0
9637	54	18	12	0
9638	64	18	12	0
9639	64	17	11	0
9640	64	18	12	0
9641	60	19	13	0
9642	60	19	13	0
9643	27	19	30	2
9644	64	18	12	0
9645	64	18	12	0
9647	60	16	10	0
9648	64	16	10	0
9651	64	14	9	0
9652	52	14	9	0
9653	64	14	9	0
9654	64	14	9	0
9655	64	14	9	0
9656	64	14	9	0
9657	60	14	9	0
9658	64	14	9	0
9659	64	16	10	0
9660	64	16	10	0
9661	64	17	11	0
9662	52	16	10	0
9663	64	17	11	0
9664	64	17	11	0
9665	50	16	10	0
9666	64	17	11	0
9667	36	17	11	0
9668	64	17	11	0
9669	64	17	11	0
9670	64	17	11	0
9671	64	17	11	0
9672	64	17	11	0
9673	60	17	11	0
9674	60	18	12	0
9675	27	17	11	0
9676	27	19	13	0
9677	9	17	11	0
9678	40	18	12	0
9679	64	18	12	0
9680	64	18	12	0
9681	64	18	12	0
9682	60	18	12	0
9683	54	19	13	0
9684	27	19	13	0
9685	15	18	12	0
9686	64	20	14	0
9687	60	19	13	0
9688	64	19	13	0
9689	64	17	11	0
9690	64	17	11	0
9691	64	17	11	0
9692	27	19	30	2
9693	64	16	10	0
9697	32	14	9	0
9698	64	14	9	0
9699	60	14	9	0
9700	54	13	8	0
9701	54	14	9	0
9702	54	14	9	0
9703	64	13	8	0
9704	64	13	8	0
9705	27	12	7	0
9706	9	11	6	0
9707	15	12	7	0
9708	48	13	8	0
9709	54	13	8	0
9710	64	14	9	0
9711	60	14	9	0
9712	64	13	8	0
9713	60	13	8	0
9714	64	14	9	0
9715	1	11	6	0
9716	54	16	10	0
9717	54	16	10	0
9718	64	16	10	0
9719	60	14	9	0
9720	64	14	9	0
9721	60	14	9	0
9722	64	14	9	0
9723	60	14	9	0
9724	64	14	9	0
9725	60	14	9	0
9726	64	14	9	0
9727	48	14	9	0
9728	54	14	9	0
9729	50	14	9	0
9730	50	14	9	0
9731	54	13	8	0
9732	54	13	8	0
9733	54	13	8	0
9734	54	14	9	0
9735	54	13	8	0
9736	64	14	9	0
9737	50	14	9	0
9738	64	14	9	0
9739	64	14	9	0
9740	64	14	9	0
9741	64	14	9	0
9742	60	14	9	0
9743	54	14	9	0
9744	54	14	9	0
9745	16	12	7	0
9746	4	10	5	0
9747	10	12	7	0
9748	5	10	5	0
9749	12	11	6	0
9750	4	13	8	0
9751	45	13	8	0
9752	54	14	9	0
9753	64	16	10	0
9754	64	17	11	0
9755	64	18	12	0
9756	64	18	12	0
9757	54	19	13	0
9758	60	18	12	0
9759	64	17	11	0
9761	64	17	11	0
9762	64	16	10	0
9765	60	14	9	0
9766	60	18	30	2
9768	36	12	7	0
9770	32	12	7	0
9771	40	12	7	0
9772	60	13	8	0
9773	60	13	8	0
9774	64	13	8	0
9775	64	17	30	2
9776	64	13	8	0
9777	50	14	9	0
9778	64	14	9	0
9779	16	12	7	0
9780	3	8	4	0
9781	64	14	9	0
9782	60	14	9	0
9783	64	13	8	0
9784	64	13	8	0
9785	1	2	1	0
9786	48	12	7	0
9787	45	12	7	0
9788	64	14	9	0
9789	40	14	9	0
9790	64	14	9	0
9791	64	14	9	0
9792	64	14	9	0
9793	60	14	9	0
9794	64	14	9	0
9795	36	14	9	0
9796	16	13	8	0
9797	1	6	3	0
9798	5	11	6	0
9799	12	12	7	0
9800	12	12	7	0
9801	12	11	6	0
9802	9	11	6	0
9803	3	0	29	0
9804	12	12	7	0
9805	1	6	30	2
9806	18	14	9	0
9807	36	16	10	0
9808	36	16	10	0
9809	36	16	10	0
9810	36	17	11	0
9811	12	18	12	0
9812	36	16	10	0
9813	1	6	31	3
9814	15	17	11	0
9815	32	16	10	0
9816	12	14	9	0
9817	12	14	9	0
9818	9	14	9	0
9819	12	18	30	2
9822	20	16	10	0
9823	40	13	8	0
9824	45	13	8	0
9825	40	14	9	0
9826	64	16	10	0
9827	45	14	9	0
9828	64	16	10	0
9830	20	16	30	2
9831	32	12	7	0
9832	54	13	8	0
9833	64	13	8	0
9835	64	12	7	0
9837	1	6	30	2
9838	48	13	8	0
9839	64	12	7	0
9840	60	13	8	0
9841	64	12	7	0
9842	60	12	7	0
9843	48	11	6	0
9844	64	11	6	0
9845	1	6	31	3
9846	48	14	9	0
9847	50	13	8	0
9848	64	12	7	0
9849	64	12	7	0
9850	64	11	6	0
9851	2	2	1	0
9852	60	12	7	0
9853	48	13	8	0
9854	48	16	10	0
9855	64	14	9	0
9856	64	14	9	0
9857	40	14	9	0
9858	64	14	9	0
9859	64	14	9	0
9860	50	17	11	0
9861	60	18	12	0
9862	64	18	12	0
9863	64	18	12	0
9864	60	18	12	0
9865	20	16	10	0
9866	20	16	10	0
9867	36	17	11	0
9868	9	14	9	0
9869	1	8	4	0
9870	25	16	10	0
9871	36	16	10	0
9872	36	16	10	0
9873	32	16	10	0
9874	36	17	11	0
9875	36	19	13	0
9876	12	17	11	0
9877	36	19	13	0
9878	64	19	13	0
9879	64	19	13	0
9880	54	19	13	0
9881	64	20	14	0
9882	52	19	13	0
9909	32	13	8	0
9911	40	14	9	0
9912	64	16	10	0
9913	36	16	10	0
9914	60	19	13	0
9915	64	19	13	0
9916	64	18	12	0
9917	40	19	13	0
9918	64	20	14	0
9919	54	19	13	0
9920	64	20	14	0
9921	64	19	13	0
9923	64	19	13	0
9925	60	18	12	0
9927	54	19	30	2
9928	32	16	10	0
9930	36	14	9	0
9931	36	14	9	0
9932	25	13	8	0
9933	36	14	9	0
9934	36	14	9	0
9935	4	12	7	0
9936	40	16	10	0
9937	25	17	11	0
9938	64	17	11	0
9939	64	18	12	0
9940	25	18	12	0
9941	52	19	13	0
9942	64	20	14	0
9943	36	19	13	0
9944	54	20	14	0
9945	30	19	13	0
9946	30	19	13	0
9947	25	19	13	0
9948	3	16	10	0
9949	25	19	13	0
9951	24	18	12	0
9953	30	19	30	2
9954	24	16	10	0
9955	28	17	11	0
9956	6	17	11	0
9957	8	19	13	0
9958	24	19	13	0
9959	24	18	30	2
9960	32	18	12	0
9961	15	17	11	0
9962	36	17	11	0
9963	32	18	12	0
9966	54	12	7	0
9967	15	14	9	0
9968	64	16	10	0
9969	18	17	11	0
9970	64	18	12	0
9972	50	17	11	0
9973	64	14	9	0
9974	64	12	7	0
9975	18	12	7	0
9976	64	14	9	0
9977	54	14	9	0
9979	60	14	9	0
9980	3	12	7	0
9981	9	14	9	0
9982	27	14	9	0
9983	60	14	9	0
9984	64	16	10	0
9985	52	14	9	0
9986	52	14	9	0
9987	40	14	9	0
9988	28	14	9	0
9989	18	17	11	0
9990	64	14	9	0
9991	64	16	10	0
9992	64	16	10	0
9993	20	14	9	0
9994	64	16	10	0
9995	64	16	10	0
9996	60	17	11	0
9997	60	16	10	0
9998	64	14	9	0
9999	64	14	9	0
10000	64	14	9	0
10001	64	14	9	0
10002	64	16	10	0
10003	64	16	10	0
10004	54	16	10	0
10005	64	16	10	0
10006	64	16	10	0
10007	40	16	10	0
10008	24	14	9	0
10009	64	16	10	0
10010	20	14	9	0
10011	64	14	9	0
10012	64	16	10	0
10013	20	16	10	0
10014	64	16	10	0
10015	32	16	10	0
10016	10	16	10	0
10017	20	18	12	0
10018	12	18	12	0
10019	12	17	11	0
10020	3	14	9	0
10021	24	17	11	0
10022	32	17	11	0
10023	64	17	11	0
10024	10	17	11	0
10025	54	19	13	0
10026	12	18	30	2
10027	25	17	11	0
10028	16	16	10	0
10029	27	18	12	0
10030	64	18	12	0
10031	18	17	11	0
10032	64	18	12	0
10034	40	17	11	0
10035	64	19	13	0
10036	64	17	11	0
10037	50	16	10	0
10038	64	16	10	0
10039	54	14	9	0
10040	64	18	12	0
10041	64	17	11	0
10042	18	16	10	0
10043	18	17	11	0
10044	18	17	11	0
10045	18	17	11	0
10046	10	17	11	0
10047	1	11	6	0
10048	6	17	11	0
10049	9	17	11	0
10051	28	19	13	0
10052	64	20	14	0
10053	64	21	15	0
10054	16	22	16	0
10055	64	22	16	0
10056	64	23	17	0
10057	60	22	16	0
10058	28	23	17	0
10059	28	23	17	0
10060	16	20	14	0
10067	60	23	30	2
10068	64	14	9	0
10069	64	14	9	0
10070	60	14	9	0
10071	64	13	8	0
10072	16	13	8	0
10073	64	13	8	0
10074	12	13	8	0
10075	12	13	8	0
10076	12	13	8	0
10077	20	13	8	0
10078	9	13	8	0
10079	12	13	8	0
10080	1	8	4	0
10081	12	13	8	0
10082	18	14	9	0
10083	20	13	8	0
10084	12	16	10	0
10085	64	17	11	0
10086	28	14	9	0
10087	4	17	11	0
10088	4	18	12	0
10089	28	19	13	0
10090	12	19	13	0
10091	16	20	14	0
10092	16	20	14	0
10093	16	20	14	0
10094	16	19	13	0
10095	12	17	11	0
10096	28	16	10	0
10097	25	16	10	0
10103	30	11	6	0
10104	15	11	6	0
10105	15	12	7	0
10106	36	14	9	0
10107	30	13	8	0
10108	36	12	7	0
10109	20	12	7	0
10110	8	11	6	0
10111	6	11	6	0
10112	6	12	7	0
10113	8	16	10	0
10114	20	17	11	0
10115	16	17	11	0
10116	20	18	12	0
10117	16	18	12	0
10119	1	11	6	0
10142	45	17	11	0
10143	36	14	9	0
10144	24	12	7	0
10145	6	12	7	0
10146	24	12	7	0
10147	8	17	11	0
10148	15	18	12	0
10149	4	16	10	0
10150	4	18	12	0
10151	18	18	12	0
10155	15	19	13	0
10156	9	16	10	0
10157	16	19	13	0
10158	12	17	11	0
10159	16	16	10	0
10161	3	16	10	0
10163	8	18	12	0
10164	20	18	12	0
10165	24	19	13	0
10190	18	13	8	0
10191	12	12	7	0
10192	16	12	7	0
10193	10	12	7	0
10194	4	10	5	0
10195	64	21	30	2
10196	28	11	6	0
10197	24	16	10	0
10198	8	14	9	0
10199	8	16	10	0
10200	25	17	11	0
10201	27	17	11	0
10202	4	14	9	0
10203	4	11	6	0
10204	30	13	8	0
10205	16	14	9	0
10206	64	14	9	0
10207	60	14	9	0
10208	16	13	8	0
10210	24	11	6	0
10211	64	11	6	0
10212	64	11	6	0
10213	64	11	6	0
10214	64	11	6	0
10215	28	12	7	0
10216	64	12	7	0
10217	60	12	7	0
10218	16	11	6	0
10219	16	11	6	0
10220	24	13	8	0
10221	64	13	8	0
10222	64	14	9	0
10223	64	14	9	0
10224	16	14	9	0
10225	64	14	9	0
10226	24	14	9	0
10227	12	14	9	0
10228	54	14	9	0
10229	64	16	10	0
10230	64	16	10	0
10231	64	16	10	0
10232	64	14	9	0
10233	64	14	9	0
10234	50	14	9	0
10235	12	13	8	0
10236	3	6	3	0
10237	32	11	6	0
10238	36	10	5	0
10239	36	11	6	0
0	20	11	6	0
1	54	12	7	0
2	36	12	7	0
3	36	12	7	0
4	18	14	9	0
5	50	14	9	0
6	50	16	10	0
7	54	17	11	0
8	64	17	11	0
9	64	17	11	0
10	54	16	10	0
11	60	17	11	0
12	64	17	11	0
13	64	17	11	0
14	56	17	11	0
15	54	16	10	0
16	60	16	10	0
17	54	16	10	0
18	64	16	10	0
19	54	16	10	0
20	60	16	10	0
21	64	16	10	0
22	64	14	9	0
23	50	14	9	0
24	54	14	9	0
25	50	14	9	0
26	50	14	9	0
27	32	14	9	0
28	12	13	8	0
29	12	14	9	0
30	10	14	9	0
31	25	13	8	0
32	36	14	9	0
33	5	12	7	0
34	54	16	10	0
35	50	16	10	0
36	25	17	11	0
37	16	18	12	0
38	24	18	12	0
39	32	16	10	0
40	4	16	10	0
41	3	14	9	0
42	25	17	11	0
43	36	17	11	0
44	25	17	30	2
45	60	18	12	0
46	60	16	10	0
47	54	17	11	0
48	36	18	12	0
49	36	18	12	0
50	50	19	13	0
51	36	18	12	0
52	64	19	13	0
53	60	19	13	0
54	60	18	12	0
55	60	18	12	0
56	36	16	10	0
57	12	17	11	0
58	50	18	12	0
59	27	18	12	0
61	30	17	11	0
62	8	17	11	0
63	24	16	10	0
64	24	16	10	0
65	18	17	11	0
66	12	19	13	0
89	10	16	10	0
90	36	13	8	0
91	40	13	8	0
92	64	16	10	0
93	50	17	11	0
94	56	17	11	0
95	54	17	11	0
96	50	20	14	0
97	30	20	14	0
98	45	18	12	0
99	60	19	13	0
100	60	19	13	0
101	60	19	13	0
102	64	18	12	0
103	44	18	12	0
104	52	18	12	0
106	32	16	10	0
107	16	17	11	0
108	8	16	10	0
109	60	19	30	2
110	12	16	10	0
111	12	14	9	0
112	8	16	10	0
113	27	16	10	0
114	2	11	6	0
115	3	14	9	0
116	3	16	10	0
117	12	19	13	0
118	3	17	11	0
119	10	19	13	0
120	10	20	14	0
121	10	21	15	0
122	4	20	14	0
123	12	21	15	0
124	18	21	15	0
125	16	19	13	0
126	27	20	14	0
127	60	21	15	0
128	60	21	15	0
129	10	21	30	2
130	4	20	30	2
131	12	21	30	2
132	18	21	30	2
133	16	19	30	2
134	27	20	30	2
137	1	0	29	0
138	9	12	7	0
139	9	13	8	0
140	5	11	6	0
141	12	13	8	0
142	18	13	8	0
143	9	11	6	0
144	20	11	6	0
146	32	12	7	0
147	30	14	9	0
148	40	16	10	0
149	12	16	10	0
150	12	16	10	0
151	15	17	11	0
152	24	16	10	0
153	18	17	11	0
154	24	16	10	0
155	50	17	11	0
156	60	17	11	0
157	50	17	11	0
158	64	16	10	0
159	64	16	10	0
160	60	14	9	0
161	25	14	9	0
162	64	14	9	0
163	50	17	30	2
164	60	17	30	2
165	64	12	7	0
166	60	11	6	0
167	40	11	6	0
168	64	11	6	0
169	50	11	6	0
170	54	11	6	0
171	60	11	6	0
172	64	11	6	0
173	64	12	7	0
174	64	11	6	0
175	2	2	1	0
176	9	8	4	0
177	20	10	5	0
178	12	8	4	0
179	36	8	4	0
180	8	6	3	0
181	36	10	5	0
182	36	10	5	0
183	4	6	3	0
184	6	10	5	0
185	2	8	4	0
186	20	14	9	0
187	3	16	10	0
188	12	14	9	0
189	9	16	10	0
190	8	16	10	0
191	9	14	9	0
192	16	17	11	0
193	30	18	12	0
195	36	17	11	0
196	36	14	9	0
197	24	14	9	0
198	36	16	10	0
199	36	17	11	0
200	12	17	11	0
201	30	18	30	2
202	36	17	11	0
203	36	17	11	0
204	36	18	12	0
205	8	16	10	0
206	36	17	11	0
207	32	17	11	0
208	36	16	10	0
209	30	16	10	0
210	27	17	11	0
211	36	16	10	0
213	6	11	6	0
214	30	12	7	0
215	18	12	7	0
216	27	12	7	0
217	50	13	8	0
218	27	17	30	2
219	64	12	7	0
220	64	13	8	0
222	32	12	7	0
223	25	13	8	0
224	50	13	8	0
225	64	14	9	0
226	54	13	8	0
227	48	14	9	0
228	45	11	6	0
229	18	13	8	0
230	36	11	6	0
231	64	13	8	0
232	64	14	9	0
233	64	14	9	0
234	64	13	8	0
235	27	12	7	0
236	25	12	7	0
239	16	11	6	0
240	12	10	5	0
241	10	10	5	0
242	40	11	6	0
243	32	10	5	0
244	36	12	7	0
245	54	16	10	0
246	48	16	10	0
247	12	13	8	0
248	36	14	9	0
249	40	16	10	0
250	64	17	11	0
251	27	14	9	0
252	32	16	10	0
253	40	16	10	0
254	24	13	8	0
255	36	13	8	0
256	24	14	9	0
257	40	16	10	0
258	36	17	11	0
259	40	16	10	0
260	36	16	10	0
261	24	14	9	0
262	32	16	10	0
263	24	16	10	0
264	24	16	10	0
265	16	17	11	0
266	12	16	10	0
267	6	16	10	0
268	36	17	11	0
269	32	16	10	0
270	6	14	9	0
271	36	17	11	0
272	36	17	11	0
273	40	19	13	0
274	24	18	12	0
275	30	19	13	0
276	54	19	13	0
277	50	18	12	0
278	64	19	13	0
279	64	19	13	0
280	50	19	13	0
281	40	19	30	2
282	60	18	12	0
283	30	19	30	2
284	54	19	30	2
285	50	18	30	2
288	50	19	30	2
289	40	11	6	0
291	12	8	4	0
292	36	11	6	0
293	9	10	5	0
294	36	11	6	0
295	64	19	30	2
296	64	11	6	0
297	60	12	7	0
298	54	11	6	0
299	50	11	6	0
300	48	13	8	0
301	64	14	9	0
302	64	16	10	0
303	64	16	10	0
304	64	14	9	0
305	64	13	8	0
306	16	11	6	0
307	36	11	6	0
308	15	12	7	0
309	15	12	7	0
310	15	11	6	0
311	18	11	6	0
312	16	12	7	0
313	16	12	7	0
314	16	11	6	0
316	1	8	4	0
317	8	16	10	0
318	24	16	10	0
319	24	16	10	0
320	24	17	11	0
321	24	17	11	0
322	24	17	11	0
323	27	18	12	0
324	6	17	11	0
325	12	17	11	0
326	48	14	9	0
327	50	16	10	0
328	64	17	11	0
329	40	16	10	0
330	25	16	10	0
332	6	17	30	2
333	12	10	5	0
334	16	11	6	0
335	12	11	6	0
336	9	11	6	0
337	25	12	7	0
359	60	14	9	0
360	60	13	8	0
361	64	12	7	0
362	64	12	7	0
364	64	11	6	0
365	32	10	5	0
366	36	10	5	0
367	27	10	5	0
368	36	10	5	0
369	50	11	6	0
370	64	11	6	0
371	50	11	6	0
372	64	11	6	0
373	64	11	6	0
374	36	13	8	0
375	48	14	9	0
376	64	14	9	0
377	60	14	9	0
378	56	13	8	0
379	64	13	8	0
380	64	13	8	0
381	54	12	7	0
382	54	12	7	0
383	64	12	7	0
384	64	12	7	0
385	64	12	7	0
386	56	12	7	0
387	40	12	7	0
388	56	12	7	0
389	52	12	7	0
390	54	12	7	0
391	50	13	8	0
392	48	13	8	0
393	56	12	7	0
394	60	13	8	0
395	64	13	8	0
396	60	14	9	0
397	50	13	8	0
398	60	14	9	0
399	60	14	9	0
400	60	14	9	0
401	60	14	9	0
402	64	14	9	0
403	64	14	9	0
404	60	14	9	0
405	25	11	6	0
406	40	12	7	0
407	36	12	7	0
408	32	12	7	0
409	36	11	6	0
410	32	10	5	0
411	56	12	7	0
412	60	13	8	0
413	54	12	7	0
414	60	14	9	0
415	64	14	9	0
416	64	14	9	0
417	48	14	9	0
418	32	14	9	0
419	16	14	9	0
420	24	13	8	0
421	20	13	8	0
422	36	13	8	0
423	48	13	8	0
424	60	14	9	0
425	36	11	6	0
426	64	13	8	0
427	48	14	9	0
428	64	16	10	0
429	60	17	11	0
430	60	17	11	0
431	64	17	11	0
432	60	18	12	0
433	64	16	10	0
434	60	17	11	0
435	36	14	9	0
436	36	12	7	0
437	15	11	6	0
438	36	12	7	0
439	32	12	7	0
441	60	13	8	0
442	64	14	9	0
443	54	14	9	0
444	64	14	9	0
445	64	16	10	0
446	50	16	10	0
447	60	17	11	0
448	40	14	9	0
449	30	13	8	0
450	25	13	8	0
451	30	12	7	0
452	30	12	7	0
453	32	12	7	0
454	60	14	9	0
455	64	14	9	0
456	54	14	9	0
457	16	13	8	0
458	32	14	9	0
459	32	14	9	0
460	32	14	9	0
461	32	16	10	0
462	64	17	11	0
463	64	17	11	0
464	54	16	10	0
465	60	17	11	0
466	64	18	12	0
467	54	19	13	0
468	60	19	13	0
469	64	19	13	0
470	64	19	13	0
471	60	19	13	0
472	64	18	12	0
476	60	19	30	2
479	50	13	8	0
480	48	13	8	0
481	54	13	8	0
482	56	13	8	0
483	36	12	7	0
484	36	12	7	0
485	64	19	30	2
486	4	0	29	0
487	32	12	7	0
488	36	12	7	0
489	27	12	7	0
490	36	13	8	0
491	36	13	8	0
492	32	14	9	0
493	20	14	9	0
494	24	14	9	0
495	52	16	10	0
496	27	14	9	0
497	4	17	11	0
498	45	17	11	0
499	36	17	11	0
500	36	18	12	0
501	60	18	12	0
502	60	19	13	0
503	20	18	12	0
504	6	17	11	0
505	45	18	12	0
506	50	17	11	0
507	50	17	11	0
508	64	18	12	0
509	64	19	13	0
510	60	19	30	2
511	50	17	11	0
512	64	18	12	0
513	60	19	13	0
514	40	19	13	0
515	50	17	30	2
518	3	11	6	0
519	12	13	8	0
522	12	13	8	0
523	20	14	9	0
524	20	14	9	0
525	64	19	30	2
526	20	14	9	0
527	20	17	11	0
528	12	18	12	0
529	15	16	10	0
530	16	16	10	0
531	16	17	11	0
532	12	17	11	0
533	50	19	13	0
534	32	17	11	0
535	45	18	12	0
536	54	18	12	0
537	16	18	12	0
538	40	19	13	0
539	27	19	13	0
540	25	19	13	0
541	28	19	13	0
542	28	19	13	0
543	28	19	13	0
544	28	18	12	0
545	28	18	12	0
546	8	19	13	0
547	4	19	13	0
548	27	19	13	0
549	24	19	13	0
551	28	18	12	0
553	48	18	12	0
556	27	19	30	2
557	25	14	9	0
558	4	14	9	0
559	18	16	10	0
560	18	16	10	0
561	48	18	30	2
562	27	14	9	0
563	27	11	6	0
564	32	10	5	0
565	24	11	6	0
566	9	10	5	0
567	16	10	5	0
568	27	11	6	0
569	16	12	7	0
570	16	12	7	0
571	24	14	9	0
572	24	14	9	0
573	54	16	10	0
574	54	16	10	0
575	54	14	9	0
576	60	14	9	0
577	48	16	10	0
578	60	16	10	0
579	60	17	11	0
580	54	16	10	0
582	60	14	9	0
583	54	14	9	0
584	60	13	8	0
585	64	13	8	0
586	60	14	9	0
587	54	14	9	0
588	50	14	9	0
589	60	14	9	0
590	60	14	9	0
591	60	14	9	0
592	54	14	9	0
593	50	13	8	0
594	60	13	8	0
595	50	13	8	0
596	48	13	8	0
597	48	13	8	0
598	50	13	8	0
599	48	13	8	0
600	50	12	7	0
601	60	12	7	0
602	50	13	8	0
603	60	13	8	0
604	60	13	8	0
605	60	13	8	0
606	50	13	8	0
607	40	12	7	0
608	45	13	8	0
609	24	12	7	0
610	54	14	9	0
611	60	13	8	0
612	54	14	9	0
613	18	13	8	0
614	54	14	9	0
615	45	13	8	0
616	60	13	8	0
617	50	13	8	0
618	60	14	9	0
619	24	12	7	0
620	40	13	8	0
621	60	13	8	0
622	60	14	9	0
623	48	13	8	0
624	60	13	8	0
625	60	13	8	0
626	60	13	8	0
627	45	13	8	0
628	50	13	8	0
629	50	14	9	0
630	54	14	9	0
631	32	12	7	0
632	32	13	8	0
633	32	13	8	0
634	32	13	8	0
635	32	13	8	0
636	32	14	9	0
637	1	13	8	0
638	32	16	10	0
639	32	14	9	0
640	10	16	10	0
641	36	18	12	0
642	12	18	12	0
643	36	19	13	0
644	36	18	12	0
645	30	18	12	0
646	48	16	10	0
647	54	17	11	0
648	60	18	12	0
649	64	19	13	0
650	40	19	13	0
651	64	19	13	0
652	64	19	13	0
653	54	19	13	0
654	64	20	14	0
655	64	19	13	0
656	64	18	12	0
666	27	12	7	0
667	20	11	6	0
668	27	11	6	0
669	27	12	7	0
670	24	12	7	0
671	36	13	8	0
672	9	12	7	0
674	24	12	7	0
675	27	13	8	0
676	24	13	8	0
677	20	13	8	0
678	16	14	9	0
679	24	13	8	0
680	15	14	9	0
682	24	16	10	0
683	24	17	11	0
684	64	17	11	0
685	64	17	11	0
686	60	18	12	0
687	54	18	12	0
688	54	18	12	0
689	64	19	30	2
690	64	19	13	0
691	48	19	13	0
692	64	19	13	0
693	50	17	11	0
694	64	17	11	0
695	60	17	11	0
697	32	16	10	0
699	36	14	9	0
701	16	13	8	0
702	15	14	9	0
703	60	14	9	0
704	64	14	9	0
705	18	14	9	0
706	32	16	10	0
707	4	14	9	0
708	36	16	10	0
709	27	14	9	0
710	64	14	9	0
711	64	17	11	0
712	54	16	10	0
713	54	14	9	0
714	64	16	10	0
715	64	17	11	0
716	64	14	9	0
717	54	16	10	0
718	64	17	11	0
719	50	16	10	0
720	28	14	9	0
721	32	16	10	0
722	32	16	10	0
723	28	14	9	0
724	64	14	9	0
725	54	14	9	0
726	36	14	9	0
727	60	14	9	0
728	60	16	10	0
729	64	16	10	0
730	64	16	10	0
731	64	16	10	0
732	45	16	10	0
733	50	14	9	0
734	25	16	10	0
735	50	14	9	0
736	64	14	9	0
737	50	14	9	0
738	64	14	9	0
739	54	14	9	0
740	28	14	9	0
741	32	16	10	0
742	1	11	6	0
744	12	18	12	0
745	16	17	11	0
746	28	17	11	0
747	8	17	11	0
748	36	17	11	0
749	64	17	11	0
750	16	18	12	0
751	5	14	9	0
752	12	18	30	2
754	54	12	7	0
755	64	14	9	0
756	64	14	9	0
757	24	16	10	0
779	8	22	16	0
780	16	20	14	0
781	64	19	13	0
782	54	19	13	0
783	64	19	13	0
784	64	19	13	0
785	8	19	13	0
790	12	16	10	0
791	64	16	10	0
792	64	16	10	0
794	20	14	9	0
795	27	14	9	0
796	12	13	8	0
797	16	14	9	0
798	12	14	9	0
799	12	14	9	0
800	12	14	9	0
801	16	14	9	0
802	64	14	9	0
803	12	14	9	0
804	40	16	10	0
805	16	17	11	0
806	24	14	9	0
807	60	14	9	0
808	64	14	9	0
809	64	13	8	0
810	28	13	8	0
811	64	14	9	0
812	64	14	9	0
813	20	14	9	0
814	60	14	9	0
815	64	14	9	0
816	64	14	9	0
817	54	14	9	0
818	64	14	9	0
819	64	14	9	0
820	64	14	9	0
821	45	14	9	0
822	18	14	9	0
823	56	14	9	0
824	64	16	10	0
825	64	16	10	0
826	64	16	10	0
827	50	16	10	0
828	64	16	10	0
829	32	16	10	0
830	20	16	10	0
831	64	19	13	0
832	60	19	13	0
833	64	18	12	0
834	64	17	11	0
835	28	17	11	0
836	64	17	11	0
837	16	17	11	0
838	24	17	11	0
841	64	17	11	0
842	64	17	11	0
843	64	17	11	0
844	64	17	11	0
845	64	17	11	0
846	24	16	10	0
847	16	16	10	0
848	64	17	11	0
849	56	17	11	0
850	16	16	10	0
851	64	16	10	0
852	24	16	10	0
853	64	17	11	0
854	60	17	11	0
855	36	18	12	0
856	24	18	12	0
857	36	18	12	0
858	16	18	12	0
859	16	17	11	0
860	64	17	11	0
861	60	17	11	0
862	16	17	11	0
863	60	17	11	0
864	50	17	11	0
865	40	18	12	0
866	27	19	13	0
867	48	18	12	0
869	64	17	11	0
870	60	17	11	0
871	64	17	11	0
872	64	17	11	0
873	60	18	12	0
874	27	19	30	2
875	64	17	11	0
876	64	17	11	0
877	45	16	10	0
878	54	16	10	0
879	24	17	11	0
880	64	17	11	0
881	64	17	11	0
882	36	17	11	0
883	36	18	12	0
884	36	17	11	0
885	18	16	10	0
886	20	17	11	0
887	20	18	12	0
888	36	18	12	0
889	60	18	12	0
890	54	17	11	0
891	36	18	12	0
892	36	19	13	0
893	40	20	14	0
894	40	21	15	0
895	64	20	14	0
896	64	20	14	0
897	54	20	14	0
898	36	19	13	0
899	40	19	13	0
900	40	20	14	0
905	54	20	30	2
906	52	14	9	0
907	60	17	11	0
908	50	17	11	0
909	64	18	12	0
910	64	16	10	0
911	64	14	9	0
912	64	14	9	0
913	64	14	9	0
914	64	16	10	0
915	64	16	10	0
916	64	16	10	0
918	64	16	10	0
919	50	14	9	0
920	64	14	9	0
921	64	14	9	0
922	60	14	9	0
923	52	13	8	0
924	64	13	8	0
925	64	18	30	2
926	44	13	8	0
927	60	13	8	0
928	64	14	9	0
929	64	14	9	0
930	50	13	8	0
931	64	13	8	0
932	64	14	9	0
933	32	13	8	0
934	60	14	9	0
935	64	14	9	0
936	50	13	8	0
937	44	14	9	0
938	48	13	8	0
939	64	16	10	0
940	64	14	9	0
941	50	14	9	0
942	64	14	9	0
943	64	14	9	0
944	64	14	9	0
945	64	16	10	0
946	45	16	10	0
947	54	17	11	0
948	64	17	11	0
949	50	16	10	0
950	64	16	10	0
951	64	16	10	0
952	64	16	10	0
953	64	16	10	0
954	64	16	10	0
955	36	18	12	0
956	36	17	11	0
957	25	17	11	0
958	36	16	10	0
959	36	16	10	0
960	36	16	10	0
961	36	16	10	0
962	36	16	10	0
963	5	14	9	0
964	64	18	12	0
965	50	19	13	0
966	64	19	13	0
967	54	19	13	0
968	64	20	14	0
969	64	20	14	0
970	64	20	14	0
971	64	21	15	0
972	64	21	15	0
974	60	19	13	0
975	64	18	12	0
976	64	17	11	0
977	60	17	11	0
981	64	16	10	0
982	64	16	10	0
983	64	16	10	0
984	64	16	10	0
985	64	16	10	0
986	64	16	10	0
987	20	16	10	0
988	16	16	10	0
989	64	16	10	0
990	54	16	10	0
991	64	14	9	0
992	64	16	10	0
993	54	16	10	0
994	64	16	10	0
995	32	16	10	0
996	4	14	9	0
997	32	16	10	0
998	20	14	9	0
999	64	17	11	0
1000	60	17	11	0
1001	60	17	11	0
1002	64	17	11	0
1003	64	17	11	0
1004	64	18	12	0
1005	60	18	12	0
1006	60	19	13	0
1007	48	19	13	0
1008	52	19	13	0
1009	56	18	12	0
1010	36	18	12	0
1011	64	17	11	0
1012	64	17	11	0
1013	50	17	11	0
1014	60	19	30	2
1015	64	17	11	0
1016	64	17	11	0
1017	20	17	11	0
1018	36	18	12	0
1019	64	19	13	0
1020	54	18	12	0
1021	54	18	12	0
1022	60	18	12	0
1023	64	18	12	0
1025	36	16	10	0
1026	54	18	12	0
1028	64	18	12	0
1029	64	18	12	0
1030	40	17	11	0
1031	36	17	11	0
1032	36	17	11	0
1033	9	16	10	0
1034	36	18	12	0
1035	64	19	30	2
1036	36	18	12	0
1037	12	17	11	0
1038	9	16	10	0
1039	40	18	12	0
1040	40	19	13	0
1041	36	19	13	0
1042	36	20	14	0
1043	54	21	15	0
1044	64	20	14	0
1045	64	20	14	0
1046	16	20	14	0
1047	8	21	15	0
1048	64	21	15	0
1049	64	21	15	0
1050	36	20	30	2
1052	64	19	13	0
1053	64	18	12	0
1058	36	14	9	0
1059	32	13	8	0
1061	32	13	8	0
1062	64	13	8	0
1063	64	13	8	0
1064	60	13	8	0
1065	64	21	30	2
1066	60	13	8	0
1067	50	14	9	0
1068	64	17	11	0
1069	64	16	10	0
1070	48	14	9	0
1071	64	14	9	0
1072	64	14	9	0
1073	64	14	9	0
1074	64	13	8	0
1075	64	14	9	0
1076	64	16	10	0
1077	12	16	10	0
1078	64	16	10	0
1079	64	17	11	0
1080	54	16	10	0
1081	40	16	10	0
1082	64	16	10	0
1083	64	16	10	0
1084	64	16	10	0
1085	64	16	10	0
1086	54	16	10	0
1087	48	16	10	0
1088	54	16	10	0
1089	64	16	10	0
1090	54	16	10	0
1091	60	17	11	0
1092	64	16	10	0
1093	64	16	10	0
1094	64	16	10	0
1095	3	13	8	0
1096	32	14	9	0
1097	32	16	10	0
1098	64	16	10	0
1099	60	17	11	0
1100	64	16	10	0
1101	64	16	10	0
1102	64	16	10	0
1103	30	14	9	0
1104	54	14	9	0
1105	56	17	11	0
1106	36	18	12	0
1107	50	18	12	0
1108	60	18	12	0
1109	54	17	11	0
1110	64	17	11	0
1111	50	17	11	0
1112	64	19	13	0
1113	64	19	13	0
1114	64	19	13	0
1115	64	19	13	0
1116	64	19	13	0
1117	60	19	13	0
1118	54	19	13	0
1119	54	18	12	0
1120	40	18	12	0
1121	64	18	12	0
1122	56	18	12	0
1123	56	18	12	0
1124	64	18	12	0
1125	64	18	12	0
1126	54	19	30	2
1127	40	17	11	0
1128	54	18	12	0
1129	54	18	12	0
1130	50	17	11	0
1131	45	17	11	0
1132	54	18	12	0
1133	60	18	12	0
1134	60	18	12	0
1135	54	17	11	0
1136	54	18	12	0
1137	60	19	13	0
1138	18	18	12	0
1139	18	18	12	0
1140	4	18	12	0
1141	5	18	12	0
1142	64	19	13	0
1143	64	19	13	0
1144	45	19	13	0
1145	64	19	13	0
1146	18	18	12	0
1147	2	17	11	0
1148	15	20	14	0
1149	36	21	15	0
1150	64	22	16	0
1151	64	20	14	0
1152	64	20	14	0
1153	64	20	14	0
1154	28	19	13	0
1155	56	21	15	0
1156	64	22	16	0
1157	60	23	17	0
1159	64	21	15	0
1160	64	20	14	0
1161	64	20	14	0
1162	50	19	13	0
1166	50	17	11	0
1170	16	14	9	0
1171	60	17	11	0
1172	64	17	11	0
1173	60	17	11	0
1174	56	16	10	0
1175	64	21	30	2
1176	50	16	10	0
1177	50	16	10	0
1178	64	16	10	0
1179	64	16	10	0
1180	64	16	10	0
1181	56	16	10	0
1182	64	16	10	0
1183	16	16	10	0
1184	54	16	10	0
1185	6	14	9	0
1186	64	17	11	0
1187	44	16	10	0
1188	50	16	10	0
1189	64	16	10	0
1190	60	17	11	0
1191	64	16	10	0
1192	50	16	10	0
1193	45	17	11	0
1195	64	17	11	0
1196	32	17	11	0
1197	20	17	11	0
1219	12	14	9	0
1220	20	14	9	0
1221	20	16	10	0
1222	64	16	10	0
1223	64	16	10	0
1224	64	16	10	0
1225	64	16	10	0
1226	16	16	10	0
1227	40	16	10	0
1228	24	17	11	0
1229	54	17	11	0
1230	64	16	10	0
1231	64	16	10	0
1232	64	16	10	0
1233	54	16	10	0
1234	40	16	10	0
1235	32	16	10	0
1236	32	17	11	0
1237	12	18	12	0
1238	27	17	11	0
1239	20	17	11	0
1240	16	17	11	0
1241	16	17	11	0
1242	64	17	11	0
1243	64	18	12	0
1244	64	19	13	0
1246	64	17	11	0
1247	60	19	13	0
1248	24	18	12	0
1249	16	19	13	0
1250	64	18	12	0
1251	60	18	12	0
1252	64	17	11	0
1253	64	17	11	0
1254	64	16	10	0
1255	60	17	11	0
1256	16	16	10	0
1257	16	16	10	0
1258	64	17	11	0
1259	64	17	11	0
1260	64	17	11	0
1261	28	17	11	0
1262	16	17	11	0
1263	16	17	11	0
1264	16	17	11	0
1265	16	17	11	0
1266	64	17	11	0
1267	16	17	11	0
1268	16	17	11	0
1269	64	17	11	0
1270	64	17	11	0
1271	64	17	11	0
1272	28	17	11	0
1273	64	17	11	0
1274	64	17	11	0
1275	56	17	11	0
1276	54	17	11	0
1277	32	17	11	0
1278	56	18	12	0
1279	52	18	12	0
1280	12	18	12	0
1281	16	18	12	0
1282	64	18	12	0
1283	60	18	12	0
1284	54	18	12	0
1285	40	18	12	0
1287	60	18	30	2
1289	60	16	10	0
1290	64	18	30	2
1291	40	14	9	0
1292	54	14	9	0
1293	40	14	9	0
1294	64	16	10	0
1295	56	16	10	0
1296	32	14	9	0
1297	9	14	9	0
1298	32	13	8	0
1299	36	14	9	0
1300	54	14	9	0
1301	64	16	10	0
1302	64	17	11	0
1303	54	16	10	0
1304	32	16	10	0
1305	18	16	10	0
1306	32	14	9	0
1307	60	17	11	0
1308	64	18	12	0
1309	56	18	12	0
1310	64	17	11	0
1311	54	17	11	0
1312	36	17	11	0
1313	30	18	12	0
1314	64	19	13	0
1315	54	19	13	0
1316	64	19	13	0
1317	50	18	12	0
1318	64	18	12	0
1319	54	17	11	0
1320	8	17	11	0
1321	3	16	10	0
1323	54	19	30	2
1325	50	18	30	2
1327	3	13	8	0
1328	36	16	10	0
1329	36	16	10	0
1330	40	17	11	0
1331	64	17	11	0
1332	64	16	10	0
1333	64	16	10	0
1334	64	16	10	0
1335	64	16	10	0
1336	64	17	11	0
1337	60	17	11	0
1338	64	17	11	0
1339	64	17	11	0
1340	56	16	10	0
1341	56	14	9	0
1342	64	14	9	0
1343	64	14	9	0
1344	60	14	9	0
1345	60	14	9	0
1346	60	14	9	0
1347	28	13	8	0
1348	64	13	8	0
1349	60	14	9	0
1350	54	13	8	0
1351	60	14	9	0
1352	64	13	8	0
1353	64	13	8	0
1354	48	13	8	0
1355	30	12	7	0
1356	36	13	8	0
1357	36	13	8	0
1358	12	12	7	0
1359	36	13	8	0
1360	40	13	8	0
1361	60	14	9	0
1362	60	14	9	0
1363	32	13	8	0
1364	32	14	9	0
1365	36	14	9	0
1366	36	14	9	0
1367	50	16	10	0
1368	56	16	10	0
1369	60	17	11	0
1370	64	16	10	0
1371	60	14	9	0
1372	64	16	10	0
1373	64	16	10	0
1374	64	17	11	0
1375	54	16	10	0
1376	40	14	9	0
1377	48	16	10	0
1378	64	14	9	0
1379	64	14	9	0
1380	54	14	9	0
1381	50	14	9	0
1382	64	14	9	0
1383	64	14	9	0
1384	60	14	9	0
1385	64	14	9	0
1386	64	14	9	0
1387	48	14	9	0
1388	36	13	8	0
1389	36	13	8	0
1390	40	13	8	0
1391	40	13	8	0
1392	54	14	9	0
1393	50	14	9	0
1394	54	14	9	0
1395	27	13	8	0
1396	32	16	10	0
1397	27	17	11	0
1398	36	18	12	0
1399	36	19	13	0
1400	36	19	13	0
1401	32	19	13	0
1402	4	17	11	0
1403	36	18	12	0
1404	54	19	13	0
1405	54	20	14	0
1406	50	20	14	0
1429	64	17	11	0
1430	54	16	10	0
1431	50	17	11	0
1432	64	17	11	0
1433	64	18	12	0
1434	60	17	11	0
1435	64	16	10	0
1436	64	16	10	0
1438	36	16	10	0
1439	40	16	10	0
1440	60	17	11	0
1441	64	17	11	0
1442	60	17	11	0
1443	64	17	11	0
1444	64	17	11	0
1445	64	17	30	2
1446	28	16	10	0
1447	8	19	13	0
1448	20	20	14	0
1449	64	20	14	0
1450	60	19	13	0
1451	64	19	13	0
1452	64	18	12	0
1453	54	18	12	0
1454	64	18	12	0
1455	16	19	13	0
1456	40	20	14	0
1457	12	19	13	0
1458	36	19	13	0
1459	40	19	13	0
1460	40	19	13	0
1461	30	17	11	0
1462	20	19	13	0
1463	20	18	12	0
1464	20	20	14	0
1465	9	20	14	0
1466	27	19	13	0
1467	8	20	14	0
1468	64	20	14	0
1469	54	20	14	0
1471	64	19	13	0
1472	64	18	12	0
1473	20	18	12	0
1474	60	18	12	0
1476	64	18	12	0
1477	60	17	11	0
1478	8	18	12	0
1479	8	17	11	0
1480	8	17	11	0
1481	8	17	11	0
1482	27	17	11	0
1483	16	17	11	0
1484	64	17	11	0
1485	64	17	11	0
1486	24	17	11	0
1487	60	17	11	0
1488	60	17	11	0
1489	64	16	10	0
1490	24	16	10	0
1491	64	16	10	0
1492	64	16	10	0
1493	64	16	10	0
1494	60	18	12	0
1495	60	18	12	0
1496	64	18	12	0
1497	60	18	12	0
1498	20	18	12	0
1499	64	17	11	0
1500	64	17	11	0
1501	16	18	12	0
1502	64	18	12	0
1503	64	19	13	0
1504	64	19	13	0
1505	64	19	13	0
1506	64	19	13	0
1507	12	19	13	0
1508	64	19	13	0
1509	64	19	13	0
1510	16	19	13	0
1511	16	19	13	0
1512	64	19	13	0
1513	64	19	13	0
1518	36	16	10	0
1519	36	17	11	0
1520	44	16	10	0
1521	64	17	11	0
1522	64	17	11	0
1523	28	17	11	0
1524	64	17	11	0
1525	64	19	30	2
1526	15	17	11	0
1527	20	20	14	0
1528	54	20	14	0
1529	64	20	14	0
1530	54	19	13	0
1531	36	19	13	0
1532	32	19	13	0
1533	27	19	13	0
1534	32	19	13	0
1535	64	20	14	0
1536	15	20	14	0
1537	16	20	14	0
1538	64	19	13	0
1539	64	19	13	0
1540	64	20	14	0
1541	64	21	15	0
1542	64	22	16	0
1544	15	19	13	0
1545	64	20	14	0
1546	24	19	13	0
1547	60	19	13	0
1548	64	19	13	0
1551	24	17	11	0
1552	64	17	11	0
1554	12	17	11	0
1555	20	14	9	0
1557	12	14	9	0
1558	64	14	9	0
1559	64	14	9	0
1560	16	14	9	0
1561	64	16	10	0
1562	64	16	10	0
1563	64	16	10	0
1564	64	16	10	0
1565	36	16	10	0
1566	16	16	10	0
1567	3	14	9	0
1568	30	16	10	0
1569	4	17	11	0
1570	64	17	11	0
1571	64	17	11	0
1572	12	17	11	0
1573	28	17	11	0
1574	32	18	12	0
1575	64	19	13	0
1576	64	20	14	0
1577	16	21	15	0
1578	64	19	13	0
1579	64	19	13	0
1580	12	19	13	0
1581	64	19	13	0
1582	64	18	12	0
1583	64	19	13	0
1584	64	19	13	0
1585	16	19	13	0
1586	64	20	14	0
1587	12	19	13	0
1589	64	19	30	2
1590	12	17	11	0
1591	64	19	30	2
1592	64	19	30	2
1593	44	17	11	0
1594	64	20	30	2
1595	64	17	11	0
1596	64	17	11	0
1597	40	17	11	0
1598	64	17	11	0
1599	64	17	11	0
1600	64	17	11	0
1601	64	17	11	0
1602	64	18	12	0
1603	64	17	11	0
1604	64	17	11	0
1605	64	17	11	0
1606	48	17	11	0
1607	12	17	11	0
1608	64	17	11	0
1609	48	17	11	0
1610	50	17	11	0
1611	48	17	11	0
1612	64	17	11	0
1613	48	17	11	0
1614	64	17	11	0
1635	64	18	12	0
1636	64	18	12	0
1638	25	17	11	0
1639	64	19	13	0
1640	64	18	12	0
1641	64	18	12	0
1642	64	19	13	0
1643	64	19	13	0
1644	64	18	12	0
1645	64	19	30	2
1646	2	14	9	0
1647	6	19	13	0
1648	32	19	13	0
1649	32	19	13	0
1650	2	14	9	0
1651	36	18	12	0
1652	64	18	12	0
1653	64	18	12	0
1654	64	18	12	0
1655	6	19	30	2
1656	16	18	12	0
1657	27	19	13	0
1658	10	19	13	0
1659	18	18	12	0
1660	16	19	13	0
1661	12	19	13	0
1662	16	19	13	0
1663	12	18	12	0
1664	12	17	11	0
1665	20	19	13	0
1666	10	19	13	0
1667	20	20	14	0
1668	28	21	15	0
1670	28	19	13	0
1671	16	18	12	0
1672	18	17	11	0
1673	12	17	11	0
1674	4	17	11	0
1675	12	19	13	0
1676	20	19	13	0
1677	12	19	13	0
1678	20	19	13	0
1679	20	19	13	0
1680	16	19	13	0
1681	16	20	14	0
1682	12	19	13	0
1683	8	18	12	0
1684	8	20	14	0
1685	20	20	14	0
1686	8	19	13	0
1687	20	20	14	0
1688	8	21	15	0
1689	64	22	16	0
1690	64	22	16	0
1695	64	16	10	0
1699	64	16	10	0
1700	16	14	9	0
1701	16	14	9	0
1702	64	14	9	0
1703	64	14	9	0
1704	64	14	9	0
1705	64	22	30	2
1706	50	14	9	0
1707	60	14	9	0
1708	64	16	10	0
1709	64	16	10	0
1710	24	16	10	0
1711	64	16	10	0
1712	48	16	10	0
1713	4	16	10	0
1714	64	16	10	0
1715	64	17	11	0
1716	64	17	11	0
1717	16	17	11	0
1718	12	17	11	0
1719	64	18	12	0
1720	64	17	11	0
1721	60	18	12	0
1722	16	17	11	0
1723	64	17	11	0
1724	32	17	11	0
1725	27	16	10	0
1726	12	18	12	0
1727	16	17	11	0
1728	16	17	11	0
1729	16	17	11	0
1730	16	17	11	0
1731	12	17	11	0
1732	12	17	11	0
1733	12	17	11	0
1734	16	18	12	0
1735	16	17	11	0
1736	20	17	11	0
1737	18	17	11	0
1738	16	16	10	0
1739	20	16	10	0
1740	12	16	10	0
1741	4	17	11	0
1742	20	16	10	0
1743	30	19	13	0
1744	4	20	14	0
1745	8	20	14	0
1746	8	20	14	0
1747	12	20	14	0
1748	4	21	15	0
1749	8	20	14	0
1750	24	18	12	0
1751	24	19	13	0
1755	12	20	30	2
1757	32	20	30	2
1758	24	12	7	0
1759	24	16	10	0
1760	12	17	11	0
1761	4	17	11	0
1762	32	16	10	0
1763	28	16	10	0
1764	64	14	9	0
1765	8	13	8	0
1766	16	13	8	0
1767	8	16	10	0
1768	8	17	11	0
1769	24	17	11	0
1770	8	16	10	0
1771	8	16	10	0
1772	16	16	10	0
1773	48	16	10	0
1774	16	14	9	0
1775	12	14	9	0
1776	16	14	9	0
1777	27	14	9	0
1778	16	14	9	0
1779	16	14	9	0
1780	16	14	9	0
1781	16	13	8	0
1782	28	16	10	0
1783	28	16	10	0
1784	16	14	9	0
1785	27	14	30	2
1786	20	14	9	0
1787	60	14	9	0
1788	64	13	8	0
1789	64	13	8	0
1790	64	13	8	0
1791	60	14	9	0
1792	54	14	9	0
1793	36	13	8	0
1794	36	12	7	0
1795	36	12	7	0
1796	36	12	7	0
1797	40	13	8	0
1798	64	13	8	0
1799	64	13	8	0
1800	36	12	7	0
1801	36	13	8	0
1802	36	14	9	0
1803	36	16	10	0
1804	36	17	11	0
1805	64	18	12	0
1806	40	18	12	0
1807	36	17	11	0
1808	32	16	10	0
1809	36	17	11	0
1810	36	18	12	0
1811	36	19	13	0
1812	36	19	13	0
1813	36	19	13	0
1814	36	19	13	0
1815	40	19	13	0
1816	36	19	13	0
1817	16	19	13	0
1818	28	19	13	0
1819	64	20	14	0
1820	64	20	14	0
1821	64	21	15	0
1822	64	21	15	0
1823	40	19	30	2
1824	64	19	13	0
1825	54	19	13	0
1826	64	19	13	0
1830	64	16	10	0
1831	64	16	10	0
1833	54	19	30	2
1835	64	20	30	2
1836	60	13	8	0
1837	16	12	7	0
1838	64	12	7	0
1839	64	12	7	0
1840	24	12	7	0
1841	64	13	8	0
1842	64	13	8	0
1843	60	13	8	0
1844	64	12	7	0
1845	24	12	7	0
1846	36	13	8	0
1847	2	8	4	0
1848	25	12	7	0
1849	24	13	8	0
1850	24	13	8	0
1851	24	14	9	0
1852	24	14	9	0
1853	28	14	9	0
1854	24	14	9	0
1855	12	16	10	0
1856	5	13	8	0
1857	12	17	11	0
1859	64	16	10	0
1860	64	16	10	0
1861	28	16	10	0
1862	64	16	10	0
1863	64	16	10	0
1864	25	16	10	0
1865	64	17	11	0
1866	60	17	11	0
1867	16	16	10	0
1868	64	17	11	0
1869	64	17	11	0
1870	64	16	10	0
1871	60	17	11	0
1872	24	16	10	0
1873	24	18	12	0
1874	12	18	12	0
1875	12	18	12	0
1876	24	17	11	0
1877	3	14	9	0
1879	64	17	11	0
1880	20	17	11	0
1881	60	18	12	0
1882	64	17	11	0
1883	64	17	11	0
1884	64	17	11	0
1885	8	16	10	0
1886	64	16	10	0
1887	60	16	10	0
1888	64	17	11	0
1889	64	17	11	0
1890	64	17	11	0
1891	64	17	11	0
1892	64	17	11	0
1893	45	16	10	0
1894	64	16	10	0
1895	64	16	10	0
1896	64	16	10	0
1897	40	16	10	0
1898	64	16	10	0
1899	64	16	10	0
1900	64	16	10	0
1901	64	16	10	0
1902	64	17	11	0
1903	56	16	10	0
1904	64	16	10	0
1905	40	14	9	0
1906	36	14	9	0
1907	6	16	10	0
1908	36	14	9	0
1909	36	14	9	0
1910	50	14	9	0
1911	64	14	9	0
1912	64	16	10	0
1913	54	14	9	0
1914	32	16	10	0
1915	27	16	10	0
1916	36	13	8	0
1917	25	14	9	0
1918	64	17	11	0
1919	60	17	11	0
1920	60	17	11	0
1921	64	16	10	0
1922	64	16	10	0
1923	64	17	11	0
1924	64	19	13	0
1925	32	19	13	0
1926	24	19	13	0
1927	4	17	11	0
1928	32	18	12	0
1929	54	17	11	0
1930	45	17	11	0
1931	36	16	10	0
1932	50	17	11	0
1933	32	17	11	0
1934	54	19	13	0
1935	54	19	13	0
1936	32	18	30	2
1937	54	17	30	2
1938	54	17	11	0
1939	36	17	11	0
1940	36	18	12	0
1941	36	18	12	0
1942	30	18	12	0
1943	36	18	12	0
1944	36	18	12	0
1945	36	16	10	0
1946	32	16	10	0
1947	9	14	9	0
1948	6	18	12	0
1949	15	18	12	0
1950	40	19	13	0
1951	64	20	14	0
1952	48	20	14	0
1953	64	21	15	0
1954	64	21	15	0
1955	64	21	15	0
1956	6	18	30	2
1957	40	19	13	0
1958	64	20	14	0
1964	64	16	10	0
1965	60	14	9	0
1967	44	14	9	0
1968	64	14	9	0
1969	64	14	9	0
1970	64	14	9	0
1971	64	14	9	0
1972	64	14	9	0
1973	64	14	9	0
1974	64	14	9	0
1975	64	14	9	0
1976	64	16	10	0
1977	24	16	10	0
1978	64	16	10	0
1979	64	16	10	0
1980	48	14	9	0
1981	64	16	10	0
1982	50	14	9	0
1983	64	16	10	0
1984	52	16	10	0
1985	64	16	10	0
1986	52	16	10	0
1987	8	16	10	0
1988	64	16	10	0
1989	64	16	10	0
1990	54	16	10	0
1991	64	17	11	0
1992	64	17	11	0
1993	16	16	10	0
1994	16	16	10	0
1995	60	17	11	0
1996	64	16	10	0
1997	40	16	10	0
1998	64	16	10	0
1999	64	17	11	0
2000	64	17	11	0
2001	16	17	11	0
2002	60	18	12	0
2003	8	19	13	0
2004	64	19	13	0
2005	64	18	12	0
2006	8	19	13	0
2007	60	18	12	0
2008	60	18	12	0
2009	64	17	11	0
2032	20	17	11	0
2033	16	17	11	0
2034	16	16	10	0
2035	16	16	10	0
2036	16	16	10	0
2037	8	16	10	0
2038	64	16	10	0
2039	64	17	11	0
2040	64	17	11	0
2041	60	18	12	0
2042	64	17	11	0
2043	16	17	11	0
2044	64	16	10	0
2045	64	17	11	0
2046	16	16	10	0
2047	8	17	11	0
2048	16	17	11	0
2049	40	17	11	0
2050	48	17	11	0
2051	40	17	11	0
2052	12	19	13	0
2053	12	18	12	0
2054	18	18	12	0
2055	12	18	12	0
2056	12	17	11	0
2057	10	16	10	0
2058	12	19	13	0
2059	12	19	13	0
2061	12	19	13	0
2062	12	18	12	0
2063	12	19	13	0
2064	64	19	13	0
2065	8	18	12	0
2066	8	19	13	0
2067	36	19	30	2
2068	60	18	12	0
2070	64	16	10	0
2072	64	16	10	0
2073	64	16	10	0
2074	64	16	10	0
2075	45	16	10	0
2076	16	16	10	0
2077	8	16	10	0
2078	64	16	10	0
2079	12	17	11	0
2080	8	17	11	0
2081	36	17	11	0
2082	36	17	11	0
2083	36	17	11	0
2084	48	18	12	0
2085	64	18	12	0
2086	50	17	11	0
2087	44	17	11	0
2088	64	17	11	0
2089	64	16	10	0
2090	60	18	12	0
2091	64	19	13	0
2092	64	20	14	0
2093	64	21	15	0
2094	64	20	14	0
2095	64	20	14	0
2096	64	20	14	0
2097	40	19	13	0
2098	64	19	13	0
2100	44	18	12	0
2102	64	18	12	0
2105	60	17	11	0
2106	60	18	12	0
2107	48	17	11	0
2108	64	17	11	0
2109	64	18	12	0
2110	60	18	12	0
2111	64	17	11	0
2112	64	17	11	0
2113	64	17	11	0
2114	64	17	11	0
2115	64	17	11	0
2116	64	18	12	0
2117	40	17	11	0
2118	64	18	12	0
2119	54	17	11	0
2120	56	17	11	0
2121	60	18	12	0
2124	64	16	10	0
2125	36	14	9	0
2126	56	16	10	0
2127	36	16	10	0
2128	36	16	10	0
2129	36	16	10	0
2130	60	17	11	0
2131	32	16	10	0
2132	32	16	10	0
2133	36	16	10	0
2134	36	17	11	0
2135	50	17	11	0
2136	36	18	12	0
2137	20	19	13	0
2138	64	20	14	0
2139	64	19	13	0
2140	50	19	13	0
2141	64	20	14	0
2142	64	21	15	0
2143	64	21	15	0
2144	64	20	14	0
2145	64	20	14	0
2146	64	21	15	0
2147	8	19	13	0
2148	56	19	13	0
2149	64	19	13	0
2152	64	17	11	0
2153	64	17	11	0
2155	54	16	10	0
2156	56	17	11	0
2157	45	18	12	0
2158	56	17	11	0
2159	56	17	11	0
2160	56	16	10	0
2161	56	16	10	0
2162	60	17	11	0
2163	52	17	11	0
2164	48	17	11	0
2165	45	17	11	0
2166	44	18	12	0
2167	36	18	12	0
2168	40	17	11	0
2169	36	17	11	0
2170	50	17	11	0
2171	40	17	11	0
2172	24	17	11	0
2173	40	18	12	0
2174	40	19	13	0
2175	36	19	13	0
2280	28	19	13	0
2281	64	19	13	0
2283	52	17	11	0
2285	64	17	11	0
2286	36	21	30	2
2287	60	18	12	0
2290	64	16	10	0
2291	64	16	10	0
2292	64	17	11	0
2294	64	14	9	0
2295	64	14	9	0
2296	60	14	9	0
2297	27	16	10	0
2298	64	16	10	0
2299	64	16	10	0
2300	64	16	10	0
2301	64	16	10	0
2302	64	16	10	0
2303	64	16	10	0
2304	64	16	10	0
2305	64	17	11	0
2306	64	18	12	0
2307	54	17	11	0
2308	64	17	11	0
2309	64	17	11	0
2310	60	16	10	0
2311	60	17	11	0
2312	64	17	11	0
2313	64	17	11	0
2314	60	17	11	0
2315	60	17	11	0
2316	64	17	11	0
2317	36	17	11	0
2318	50	16	10	0
2319	64	17	11	0
2320	64	17	11	0
2321	64	17	11	0
2322	64	17	11	0
2323	64	17	11	0
2325	32	16	10	0
2326	16	17	11	0
2327	6	18	12	0
2328	36	17	11	0
2329	36	17	11	0
2330	36	16	10	0
2331	36	16	10	0
2332	54	16	10	0
2333	64	16	10	0
2334	64	17	11	0
2335	54	18	12	0
2336	64	17	11	0
2337	20	18	12	0
2338	64	19	13	0
2339	64	20	14	0
2340	64	20	14	0
2341	50	20	14	0
2342	48	19	13	0
2343	54	18	30	2
2344	64	18	12	0
2345	64	17	11	0
2348	64	17	11	0
2349	64	17	11	0
2350	40	17	11	0
2351	4	16	10	0
2352	45	16	10	0
2353	64	17	11	0
2354	64	17	11	0
2355	64	20	30	2
2356	60	17	11	0
2357	36	16	10	0
2358	64	16	10	0
2359	24	17	11	0
2360	64	16	10	0
2361	64	18	12	0
2362	60	18	12	0
2363	64	17	11	0
2364	64	17	11	0
2365	64	17	11	0
2366	45	18	12	0
2367	60	17	11	0
2368	64	19	13	0
2370	36	17	11	0
2371	64	17	11	0
2372	64	17	11	0
2373	64	17	11	0
2374	64	17	11	0
2375	64	18	12	0
2377	24	16	10	0
2378	64	17	11	0
2379	64	18	12	0
2380	50	18	12	0
2381	64	17	11	0
2382	64	17	11	0
2383	64	17	11	0
2384	64	17	11	0
2385	28	17	11	0
2386	64	19	13	0
2387	60	18	12	0
2388	64	18	12	0
2389	64	18	12	0
2390	64	18	12	0
2391	64	17	11	0
2392	28	17	11	0
2393	8	16	10	0
2395	36	17	11	0
2396	56	17	11	0
2397	16	17	11	0
2398	64	17	11	0
2399	64	17	11	0
2400	36	16	10	0
2401	24	16	10	0
2402	64	17	11	0
2403	36	17	11	0
2404	36	18	12	0
2405	50	18	12	0
2406	44	19	13	0
2407	60	18	12	0
2408	36	17	11	0
2409	64	19	13	0
2410	54	19	13	0
2411	48	18	12	0
2413	64	19	13	0
2414	64	19	13	0
2415	64	19	13	0
2416	64	18	12	0
2419	64	17	11	0
2420	64	18	12	0
2425	64	19	30	2
2426	60	14	9	0
2427	54	16	10	0
2428	54	14	9	0
2429	64	14	9	0
2430	64	14	9	0
2431	64	14	9	0
2432	64	14	9	0
2433	64	14	9	0
2434	60	14	9	0
2435	64	14	9	0
2436	64	14	9	0
2437	48	14	9	0
2438	64	14	9	0
2439	64	14	9	0
2440	64	14	9	0
2441	64	14	9	0
2442	64	14	9	0
2443	64	14	9	0
2444	64	14	9	0
2445	36	14	9	0
2446	54	16	10	0
2447	27	16	10	0
2448	64	16	10	0
2449	64	16	10	0
2450	64	16	10	0
2451	64	16	10	0
2452	64	16	10	0
2453	64	16	10	0
2454	52	17	11	0
2455	32	17	11	0
2456	36	18	12	0
2457	9	18	12	0
2458	60	17	11	0
2459	64	17	11	0
2460	36	16	10	0
2461	64	17	11	0
2462	54	16	10	0
2463	36	17	11	0
2464	36	18	12	0
2466	50	17	11	0
2467	54	17	11	0
2468	48	17	11	0
2469	64	18	12	0
2470	64	17	11	0
2471	64	17	11	0
2472	60	19	13	0
2473	64	19	13	0
2474	64	17	11	0
2475	54	18	12	0
2476	60	18	12	0
2477	12	17	11	0
2478	64	17	11	0
2479	64	17	11	0
2480	64	17	11	0
2482	60	17	11	0
2483	12	16	10	0
2484	64	17	11	0
2485	64	17	11	0
2486	56	19	13	0
2487	60	18	12	0
2488	60	18	12	0
2489	64	17	11	0
2490	60	16	10	0
2491	64	17	11	0
2492	64	16	10	0
2493	64	16	10	0
2495	60	17	11	0
2497	36	16	10	0
2498	54	16	10	0
2499	64	16	10	0
2500	64	16	10	0
2501	40	14	9	0
2502	40	14	9	0
2503	36	16	10	0
2504	32	16	10	0
2505	32	14	9	0
2506	4	16	10	0
2507	16	17	11	0
2508	36	16	10	0
2509	36	16	10	0
2510	36	17	11	0
2511	64	18	12	0
2512	64	19	13	0
2513	64	19	13	0
2514	64	19	13	0
2515	36	17	11	0
2516	28	16	10	0
2517	4	17	11	0
2518	36	19	13	0
2519	36	19	13	0
2520	28	19	13	0
2521	36	18	12	0
2523	64	17	11	0
2524	60	19	13	0
2525	9	17	11	0
2527	12	19	13	0
2528	64	19	13	0
2529	16	19	13	0
2530	64	20	14	0
2531	64	19	13	0
2532	64	19	13	0
2533	20	18	12	0
2534	32	19	13	0
2535	20	19	13	0
2536	52	18	12	0
2537	40	18	12	0
2538	64	17	11	0
2539	64	17	11	0
2540	64	17	11	0
2541	64	17	11	0
2542	40	17	11	0
2543	40	18	12	0
2544	40	18	12	0
2545	16	18	12	0
2546	16	19	13	0
2547	6	18	12	0
2548	32	18	12	0
2549	48	18	12	0
2550	54	18	12	0
2551	64	19	13	0
2552	64	20	14	0
2553	27	20	14	0
2554	64	20	14	0
2555	6	18	30	2
2556	64	19	13	0
2557	50	19	13	0
2558	64	20	14	0
2559	64	19	13	0
2561	64	18	12	0
2562	64	19	13	0
2563	64	19	13	0
2564	64	17	11	0
2565	64	17	11	0
2566	27	18	12	0
2567	48	18	12	0
2568	64	18	12	0
2569	64	17	11	0
2570	44	17	11	0
2571	64	17	11	0
2572	64	17	11	0
2573	64	17	11	0
2574	56	17	11	0
2575	36	19	13	0
2576	36	19	13	0
2577	10	18	12	0
2578	20	18	12	0
2579	16	19	13	0
2580	8	19	13	0
2581	54	19	13	0
2582	20	18	12	0
2583	4	18	12	0
2584	24	19	13	0
2585	10	20	14	0
2586	8	20	14	0
2587	3	19	13	0
2588	6	19	13	0
2589	54	19	30	2
2590	3	17	11	0
2592	12	17	11	0
2595	8	18	12	0
2597	48	20	14	0
2598	64	19	13	0
2599	60	19	13	0
2600	64	18	12	0
2601	48	19	13	0
2602	48	19	13	0
2603	28	19	13	0
2604	48	20	14	0
2605	48	20	14	0
2607	36	19	13	0
2672	64	16	10	0
2673	64	16	10	0
2677	40	14	9	0
2678	8	13	8	0
2679	20	14	9	0
2680	8	14	9	0
2681	64	14	9	0
2682	64	14	9	0
2683	36	14	9	0
2684	36	14	9	0
2685	32	14	9	0
2686	36	14	9	0
2687	12	14	9	0
2688	64	14	9	0
2689	64	14	9	0
2690	64	14	9	0
2691	64	14	9	0
2692	64	16	10	0
2693	60	18	12	0
2694	60	19	13	0
2695	64	19	13	0
2696	64	17	11	0
2697	45	16	10	0
2698	64	16	10	0
2699	64	16	10	0
2700	20	14	9	0
2701	56	16	10	0
2704	64	14	9	0
2705	54	14	9	0
2706	20	16	10	0
2707	60	16	10	0
2708	54	16	10	0
2709	64	16	10	0
2710	60	16	10	0
2711	64	16	10	0
2712	64	16	10	0
2713	64	16	10	0
2715	64	16	10	0
2716	54	14	9	0
2717	16	14	9	0
2718	64	16	10	0
2719	64	16	10	0
2720	56	14	9	0
2721	64	14	9	0
2722	64	14	9	0
2723	64	14	9	0
2724	36	14	9	0
2725	36	14	9	0
2726	36	16	10	0
2727	36	16	10	0
2728	32	16	10	0
2729	32	16	10	0
2730	36	14	9	0
2731	36	14	9	0
2732	36	14	9	0
2733	5	16	10	0
2734	64	18	12	0
2735	60	19	13	0
2736	64	18	12	0
2737	20	18	12	0
2738	64	19	13	0
2739	64	19	13	0
2740	50	20	14	0
2741	64	20	14	0
2742	54	20	14	0
2745	64	17	11	0
2746	64	18	12	0
2747	60	17	11	0
2748	40	16	10	0
2750	12	14	9	0
2751	45	16	10	0
2752	12	14	9	0
2753	40	14	9	0
2754	8	14	9	0
2755	16	14	9	0
2756	54	14	9	0
2757	16	17	11	0
2758	64	16	10	0
2759	64	17	11	0
2760	64	17	11	0
2761	40	16	10	0
2762	12	17	11	0
2763	12	17	11	0
2764	20	17	11	0
2765	16	17	11	0
2766	12	17	11	0
2767	20	16	10	0
2768	12	16	10	0
2769	16	16	10	0
2770	16	17	11	0
2771	16	16	10	0
2772	16	16	10	0
2773	12	16	10	0
2774	20	16	10	0
2775	20	14	9	0
2776	64	16	10	0
2777	60	16	10	0
2778	64	16	10	0
2779	24	16	10	0
2780	64	16	10	0
2781	64	14	9	0
2782	20	14	9	0
2783	64	16	10	0
2784	64	16	10	0
2785	64	16	10	0
2786	20	16	10	0
2787	8	16	10	0
2788	64	16	10	0
2789	60	17	11	0
2790	64	17	11	0
2791	60	17	11	0
2792	20	16	10	0
2793	64	17	11	0
2794	64	17	11	0
2795	36	17	11	0
2796	40	18	12	0
2797	12	18	12	0
2798	24	17	11	0
2799	20	17	11	0
2800	25	17	11	0
2801	20	18	12	0
2802	20	17	11	0
2803	20	17	11	0
2804	16	18	12	0
2806	40	17	11	0
2807	2	16	10	0
2808	25	19	13	0
2809	36	19	13	0
2810	36	19	13	0
2811	30	18	12	0
2813	12	17	11	0
2814	20	16	10	0
2817	16	17	11	0
2818	64	18	12	0
2819	64	19	13	0
2820	20	19	13	0
2821	54	18	12	0
2822	64	19	13	0
2823	24	19	13	0
2824	64	17	11	0
2825	64	18	12	0
2832	40	13	8	0
2833	40	13	8	0
2834	10	12	7	0
2835	64	19	30	2
2836	32	12	7	0
2837	24	13	8	0
2838	54	14	9	0
2859	64	19	13	0
2860	24	19	13	0
2861	16	19	13	0
2862	24	19	13	0
2865	36	14	9	0
2867	6	12	7	0
2868	30	13	8	0
2870	56	14	9	0
2871	64	14	9	0
2872	64	14	9	0
2873	64	14	9	0
2874	64	16	10	0
2875	64	14	9	0
2876	60	13	8	0
2877	45	14	9	0
2878	24	14	9	0
2879	64	14	9	0
2880	54	14	9	0
2881	64	14	9	0
2882	56	14	9	0
2883	64	14	9	0
2884	60	14	9	0
2885	50	14	9	0
2886	64	14	9	0
2887	60	14	9	0
2888	54	14	9	0
2889	64	14	9	0
2890	50	14	9	0
2891	64	14	9	0
2892	60	14	9	0
2893	64	14	9	0
2894	64	16	10	0
2895	64	16	10	0
2896	56	14	9	0
2897	50	14	9	0
2898	4	13	8	0
2899	64	14	9	0
2900	64	14	9	0
2901	64	14	9	0
2902	64	14	9	0
2903	64	14	9	0
2904	64	14	9	0
2905	64	14	9	0
2906	64	16	10	0
2907	50	17	11	0
2908	64	17	11	0
2909	64	16	10	0
2910	56	14	9	0
2911	64	14	9	0
2912	64	14	9	0
2913	64	14	9	0
2914	64	14	9	0
2915	64	14	9	0
2916	64	16	10	0
2917	16	16	10	0
2918	54	16	10	0
2919	64	16	10	0
2920	16	16	10	0
2921	64	16	10	0
2922	64	16	10	0
2923	64	16	10	0
2924	64	16	10	0
2925	16	16	10	0
2926	16	16	10	0
2927	8	16	10	0
2928	20	14	9	0
2929	24	14	9	0
2930	4	14	9	0
2931	8	14	9	0
2932	8	14	9	0
2933	20	14	9	0
2934	12	14	9	0
2935	28	14	9	0
2936	56	14	9	0
2937	16	16	10	0
2938	20	18	12	0
2939	8	17	11	0
2940	8	16	10	0
2941	12	14	9	0
2942	2	13	8	0
2943	18	16	10	0
2944	36	17	11	0
2945	36	16	10	0
2946	5	17	11	0
2947	40	19	13	0
2948	64	19	13	0
2949	50	19	13	0
2950	64	19	13	0
2951	32	19	13	0
2952	64	20	14	0
2953	64	20	14	0
2954	64	20	14	0
2955	64	20	14	0
2957	54	19	13	0
2958	64	19	13	0
2959	64	18	12	0
2964	64	16	10	0
2965	54	19	30	2
2966	60	14	9	0
2967	4	14	9	0
2968	64	14	9	0
2969	54	14	9	0
2970	60	14	9	0
2971	64	14	9	0
2972	64	14	9	0
2973	64	14	9	0
2974	64	14	9	0
2975	64	14	9	0
2976	64	16	10	0
2977	12	14	9	0
2978	64	16	10	0
2979	12	14	9	0
2980	32	14	9	0
2981	54	14	9	0
2982	16	14	9	0
2983	54	14	9	0
2984	50	14	9	0
2985	27	14	9	0
2986	24	17	11	0
2987	8	16	10	0
2988	36	17	11	0
2989	45	18	12	0
2990	6	17	11	0
2991	4	17	11	0
2992	18	17	11	0
2993	4	17	11	0
2994	16	18	12	0
2995	8	17	11	0
2996	45	16	10	0
2997	8	18	12	0
2998	6	17	30	2
2999	10	16	10	0
3000	16	16	10	0
3001	18	17	11	0
3003	6	17	11	0
3004	18	18	12	0
3005	18	19	13	0
3006	8	20	14	0
3007	9	17	11	0
3008	5	17	11	0
3009	64	19	13	0
3010	64	19	13	0
3011	64	19	13	0
3012	64	20	14	0
3015	50	19	13	0
3016	64	20	14	0
3021	56	14	9	0
3022	64	16	10	0
3023	54	17	11	0
3025	64	19	30	2
3026	54	14	9	0
3027	60	14	9	0
3028	60	14	9	0
3029	48	13	8	0
3030	48	13	8	0
3031	48	13	8	0
3032	64	14	9	0
3033	60	14	9	0
3034	56	13	8	0
3035	64	14	9	0
3036	64	13	8	0
3037	36	12	7	0
3038	64	12	7	0
3039	64	12	7	0
3040	64	12	7	0
3041	60	12	7	0
3042	64	12	7	0
3043	64	12	7	0
3044	54	12	7	0
3045	40	11	6	0
3046	36	12	7	0
3047	16	11	6	0
3048	32	11	6	0
3049	36	10	5	0
3050	20	10	5	0
3051	36	11	6	0
3052	4	0	29	0
3053	18	10	5	0
3054	18	10	5	0
3055	30	11	6	0
3056	40	12	7	0
3057	27	12	7	0
3058	3	6	3	0
3059	48	13	8	0
3060	50	13	8	0
3061	50	14	9	0
3062	40	14	9	0
3063	54	16	10	0
3064	50	14	9	0
3065	48	14	9	0
3066	60	14	9	0
3067	36	14	9	0
3068	40	13	8	0
3069	50	13	8	0
3070	48	13	8	0
3071	54	12	7	0
3072	50	11	6	0
3073	48	11	6	0
3074	50	12	7	0
3075	54	12	7	0
3076	60	13	8	0
3077	32	13	8	0
3078	60	14	9	0
3079	48	13	8	0
3080	50	12	7	0
3081	48	13	8	0
3082	64	13	8	0
3083	64	12	7	0
3084	54	11	6	0
3085	10	8	4	0
3086	15	10	5	0
3087	9	10	5	0
3088	15	11	6	0
3089	15	10	5	0
3090	16	10	5	0
3091	50	11	6	0
3092	64	11	6	0
3093	50	11	6	0
3094	64	12	7	0
3095	50	14	9	0
3096	64	14	9	0
3097	40	14	9	0
3098	64	14	9	0
3099	54	14	9	0
3100	64	13	8	0
3101	64	12	7	0
3102	64	12	7	0
3103	60	12	7	0
3104	60	12	7	0
3105	60	12	7	0
3106	64	12	7	0
3107	40	12	7	0
3108	64	12	7	0
3109	64	12	7	0
3110	60	13	8	0
3111	60	13	8	0
3112	60	13	8	0
3113	45	12	7	0
3114	54	12	7	0
3115	64	12	7	0
3116	60	13	8	0
3117	45	12	7	0
3118	54	12	7	0
3119	64	12	7	0
3120	64	12	7	0
3121	64	12	7	0
3122	20	10	5	0
3123	50	13	8	0
3124	64	12	7	0
3125	48	11	6	0
3126	20	10	5	0
3127	36	12	7	0
3128	40	12	7	0
3129	12	10	5	0
3130	36	12	7	0
3131	40	13	8	0
3132	36	13	8	0
3133	40	12	7	0
3134	4	14	9	0
3135	25	13	8	0
3136	64	17	11	0
3137	32	16	10	0
3138	48	17	11	0
3139	45	16	10	0
3140	40	16	10	0
3141	45	14	9	0
3142	4	14	30	2
3143	40	12	7	0
3144	64	17	30	2
3145	24	11	6	0
3147	48	13	8	0
3148	64	13	8	0
3149	64	13	8	0
3150	64	13	8	0
3151	64	11	6	0
3152	64	12	7	0
3153	64	12	7	0
3154	64	13	8	0
3155	60	13	8	0
3156	64	12	7	0
3157	50	13	8	0
3158	64	12	7	0
3159	50	11	6	0
3160	64	12	7	0
3161	64	12	7	0
3162	64	12	7	0
3163	64	12	7	0
3164	60	12	7	0
3165	64	12	7	0
3166	54	12	7	0
3167	50	12	7	0
3168	60	13	8	0
3169	64	12	7	0
3170	64	12	7	0
3171	64	13	8	0
3172	64	13	8	0
3173	64	13	8	0
3174	36	12	7	0
3175	36	11	6	0
3176	36	12	7	0
3177	12	11	6	0
3178	25	10	5	0
3179	20	10	5	0
3180	16	8	4	0
3181	20	11	6	0
3182	25	10	5	0
3183	25	11	6	0
3184	18	11	6	0
3185	64	14	9	0
3186	64	14	9	0
3187	54	16	10	0
3188	64	16	10	0
3189	60	17	11	0
3190	64	16	10	0
3191	64	16	10	0
3192	64	16	10	0
3193	60	17	11	0
3194	64	14	9	0
3195	54	16	30	2
3196	60	13	8	0
3198	60	12	7	0
3199	60	12	7	0
3200	60	12	7	0
3201	60	12	7	0
3202	60	12	7	0
3203	54	11	6	0
3204	64	11	6	0
3205	64	12	7	0
3206	60	12	7	0
3207	48	13	8	0
3208	60	13	8	0
3209	60	13	8	0
3210	60	13	8	0
3211	60	13	8	0
3212	60	13	8	0
3213	60	13	8	0
3214	48	13	8	0
3215	45	11	6	0
3216	45	11	6	0
3217	36	11	6	0
3218	45	11	6	0
3219	45	11	6	0
3220	45	11	6	0
3221	36	10	5	0
3222	54	12	7	0
3223	54	13	8	0
3224	64	14	9	0
3225	64	16	10	0
3226	64	16	10	0
3227	48	17	11	0
3228	64	16	10	0
3229	36	13	8	0
3230	54	14	9	0
3231	64	16	10	0
3232	64	14	9	0
3233	64	14	9	0
3234	60	14	9	0
3235	48	17	30	2
3236	60	12	7	0
3237	54	13	8	0
3238	36	12	7	0
3239	32	11	6	0
3240	32	11	6	0
3241	30	11	6	0
3242	48	12	7	0
3243	32	12	7	0
3244	36	11	6	0
3245	36	12	7	0
3246	40	12	7	0
3247	12	11	6	0
3248	30	13	8	0
3249	48	14	9	0
3250	54	16	10	0
3251	54	16	10	0
3252	60	17	11	0
3253	60	17	11	0
3254	64	17	11	0
3255	54	16	10	0
3256	64	17	11	0
3257	50	18	12	0
3259	50	16	10	0
3260	60	17	30	2
3261	60	17	30	2
3262	64	17	30	2
3263	64	13	8	0
3265	50	18	30	2
3266	64	12	7	0
3267	36	11	6	0
3268	30	10	5	0
3269	40	11	6	0
3270	25	10	5	0
3271	45	10	5	0
3272	48	11	6	0
3273	60	12	7	0
3274	64	11	6	0
3275	64	11	6	0
3276	2	2	1	0
3277	6	8	4	0
3278	64	13	8	0
3279	60	14	9	0
3280	64	14	9	0
3281	60	14	9	0
3282	64	13	8	0
3283	64	13	8	0
3284	48	13	8	0
3285	48	14	9	0
3286	48	17	11	0
3287	40	16	10	0
3288	64	16	10	0
3289	64	16	10	0
3290	64	16	10	0
3291	64	16	10	0
3292	64	16	10	0
3293	64	17	11	0
3294	54	17	11	0
3295	64	18	12	0
3296	40	18	12	0
3297	40	18	12	0
3298	64	18	12	0
3299	60	18	12	0
3300	60	18	12	0
3301	60	18	12	0
3302	45	18	12	0
3303	64	18	12	0
3304	40	18	30	2
3305	32	18	12	0
3306	40	19	13	0
3307	36	19	13	0
3308	36	18	12	0
3309	60	18	30	2
3310	32	17	11	0
3311	36	18	12	0
3312	36	18	12	0
3314	36	19	13	0
3315	8	19	13	0
3316	36	19	13	0
3317	40	20	14	0
3318	60	19	13	0
3319	64	21	15	0
3320	64	21	15	0
3321	64	22	16	0
3324	50	20	14	0
3325	64	20	14	0
3326	64	20	14	0
3330	27	16	10	0
3331	36	17	11	0
3332	50	20	30	2
3335	64	21	30	2
3336	45	16	10	0
3337	32	16	10	0
3338	4	14	9	0
3339	50	17	11	0
3340	40	17	11	0
3341	6	14	9	0
3342	45	16	10	0
3343	36	16	10	0
3344	40	16	10	0
3345	36	17	11	0
3346	12	17	11	0
3347	6	17	11	0
3348	60	18	12	0
3349	60	19	13	0
3350	64	19	13	0
3351	64	19	13	0
3352	64	19	13	0
3353	64	19	13	0
3354	64	20	14	0
3355	64	20	14	0
3356	60	18	12	0
3361	60	14	9	0
3363	64	20	30	2
3365	64	13	8	0
3366	20	12	7	0
3367	54	13	8	0
3368	64	13	8	0
3369	64	13	8	0
3370	64	13	8	0
3371	64	13	8	0
3372	64	13	8	0
3373	64	13	8	0
3374	36	13	8	0
3375	48	14	9	0
3376	64	14	9	0
3377	24	14	9	0
3378	64	14	9	0
3379	64	14	9	0
3380	60	14	9	0
3381	48	14	9	0
3382	64	14	9	0
3383	54	16	10	0
3384	64	16	10	0
3385	12	14	9	0
3386	36	16	10	0
3387	32	16	10	0
3388	36	14	9	0
3389	36	14	9	0
3390	64	14	9	0
3391	64	14	9	0
3392	48	14	9	0
3393	52	14	9	0
3394	25	16	10	0
3395	40	18	12	0
3396	36	18	12	0
3397	10	18	12	0
3398	60	19	13	0
3399	64	17	11	0
3400	64	17	11	0
3401	64	17	11	0
3402	48	16	10	0
3403	64	18	12	0
3404	64	18	12	0
3405	24	18	12	0
3406	40	19	13	0
3407	18	18	12	0
3408	40	17	11	0
3411	28	17	11	0
3412	54	16	10	0
3413	64	16	10	0
3414	60	18	12	0
3415	50	18	12	0
3416	64	19	13	0
3417	24	19	13	0
3418	24	18	12	0
3419	64	18	12	0
3420	64	19	13	0
3421	60	19	13	0
3422	64	18	12	0
3423	64	17	11	0
3425	64	17	11	0
3426	64	17	11	0
3427	60	18	12	0
3430	64	16	10	0
3431	64	14	9	0
3432	64	14	9	0
3433	64	14	9	0
3434	54	14	9	0
3435	64	14	9	0
3436	60	14	9	0
3437	16	14	9	0
3438	64	14	9	0
3439	64	14	9	0
3440	64	14	9	0
3441	60	14	9	0
3442	64	14	9	0
3443	64	16	10	0
3444	64	16	10	0
3445	12	14	9	0
3446	64	16	10	0
3447	54	16	10	0
3448	64	16	10	0
3449	64	16	10	0
3450	64	16	10	0
3451	64	16	10	0
3452	64	16	10	0
3453	32	16	10	0
3454	12	16	10	0
3455	20	16	10	0
3456	16	16	10	0
3457	16	16	10	0
3458	8	16	10	0
3459	36	16	10	0
3460	36	16	10	0
3461	15	14	9	0
3462	25	17	11	0
3463	64	17	11	0
3464	64	17	11	0
3465	64	18	12	0
3466	27	19	13	0
3467	50	18	12	0
3468	64	19	13	0
3469	64	19	13	0
3470	32	20	14	0
3471	64	20	14	0
3472	54	19	13	0
3473	60	19	13	0
3474	4	17	11	0
3475	3	17	11	0
3476	2	2	1	0
3477	2	2	1	0
3478	50	17	11	0
3480	64	18	12	0
3481	64	18	12	0
3482	60	17	11	0
3484	60	17	11	0
3485	40	16	10	0
3486	64	14	9	0
3487	60	16	10	0
3488	64	16	10	0
3490	50	14	9	0
3491	50	16	10	0
3492	64	14	9	0
3493	48	16	10	0
3494	64	18	12	0
3495	60	18	12	0
3496	50	17	11	0
3497	45	17	11	0
3498	60	17	11	0
3499	52	18	12	0
3500	50	18	12	0
3501	24	18	12	0
3502	48	19	13	0
3503	64	19	13	0
3504	60	19	13	0
3505	12	19	13	0
3506	16	19	13	0
3507	20	19	13	0
3508	16	19	13	0
3510	25	19	13	0
3511	16	19	13	0
3512	20	18	12	0
3515	64	17	11	0
3516	36	18	12	0
3517	27	17	11	0
3518	36	18	12	0
3519	36	19	13	0
3520	64	18	12	0
3521	60	18	12	0
3522	64	17	11	0
3523	24	17	11	0
3524	64	17	11	0
3525	60	18	12	0
3526	40	19	13	0
3527	60	19	13	0
3528	64	20	14	0
3529	64	19	13	0
3530	48	19	13	0
3531	28	18	12	0
3532	32	18	12	0
3533	32	18	12	0
3534	8	18	12	0
3535	36	19	13	0
3536	36	18	12	0
3537	18	17	11	0
3538	36	18	12	0
3539	50	18	12	0
3540	48	19	13	0
3541	64	19	13	0
3542	20	20	14	0
3543	64	19	13	0
3544	64	20	14	0
3545	16	20	14	0
3546	24	21	15	0
3547	12	21	15	0
3548	28	21	15	0
3551	64	17	11	0
3552	64	17	11	0
3557	54	16	10	0
3558	54	16	10	0
3559	64	14	9	0
3560	32	14	9	0
3561	64	14	9	0
3562	64	14	9	0
3563	50	16	10	0
3564	64	14	9	0
3565	60	14	9	0
3566	48	14	9	0
3567	54	16	10	0
3568	36	14	9	0
3569	64	16	10	0
3570	64	14	9	0
3571	50	14	9	0
3572	60	17	11	0
3573	64	16	10	0
3574	50	16	10	0
3575	64	17	11	0
3576	36	16	10	0
3577	45	17	11	0
3578	64	16	10	0
3579	54	16	10	0
3580	54	16	10	0
3581	64	16	10	0
3582	64	16	10	0
3584	64	14	9	0
3585	36	16	10	0
3586	36	17	11	0
3587	36	16	10	0
3588	24	16	10	0
3589	36	16	10	0
3590	32	16	10	0
3591	32	16	10	0
3592	48	14	9	0
3593	36	14	9	0
3594	36	17	11	0
3595	18	17	11	0
3596	27	17	11	0
3597	10	18	12	0
3598	64	19	13	0
3599	64	19	13	0
3600	64	19	13	0
3601	64	19	13	0
3602	64	19	13	0
3603	64	19	13	0
3604	27	17	30	2
3605	64	19	13	0
3606	48	19	13	0
3610	60	14	9	0
3612	64	13	8	0
3614	48	19	30	2
3615	64	19	30	2
3616	64	13	8	0
3617	40	12	7	0
3618	48	13	8	0
3619	64	13	8	0
3620	64	12	7	0
3621	64	12	7	0
3622	64	12	7	0
3623	64	12	7	0
3624	64	12	7	0
3625	36	12	7	0
3626	36	13	8	0
3627	6	13	8	0
3628	36	13	8	0
3629	36	13	8	0
3630	50	12	7	0
3631	60	13	8	0
3632	56	12	7	0
3633	64	13	8	0
3634	64	14	9	0
3635	56	16	10	0
3636	64	14	9	0
3637	54	16	10	0
3638	64	16	10	0
3639	64	16	10	0
3640	50	14	9	0
3641	60	14	9	0
3642	60	14	9	0
3643	60	14	9	0
3644	60	14	9	0
3645	64	14	9	0
3646	60	14	9	0
3647	50	14	9	0
3648	60	14	9	0
3649	60	14	9	0
3650	32	14	9	0
3651	64	14	9	0
3652	64	14	9	0
3653	64	16	10	0
3654	64	14	9	0
3655	50	14	9	0
3656	64	16	10	0
3657	60	16	10	0
3658	50	16	10	0
3659	54	16	10	0
3660	54	16	10	0
3661	54	16	10	0
3662	64	16	10	0
3663	64	14	9	0
3664	64	14	9	0
3665	64	14	9	0
3666	64	14	9	0
3667	32	16	10	0
3668	32	16	10	0
3669	32	16	10	0
3670	36	14	9	0
3671	36	14	9	0
3672	27	13	8	0
3673	36	14	9	0
3674	18	13	8	0
3675	45	14	9	0
3676	64	17	11	0
3677	50	18	12	0
3678	60	19	13	0
3679	64	19	13	0
3680	64	19	13	0
3681	64	20	14	0
3682	64	20	14	0
3683	48	20	14	0
3685	64	18	12	0
3692	54	13	8	0
3693	64	13	8	0
3694	64	13	8	0
3695	64	19	30	2
3696	64	13	8	0
3697	45	13	8	0
3698	64	13	8	0
3699	64	13	8	0
3700	20	12	7	0
3701	36	13	8	0
3702	36	13	8	0
3703	36	13	8	0
3704	15	12	7	0
3705	48	13	8	0
3706	64	14	9	0
3707	54	14	9	0
3708	64	14	9	0
3709	64	16	10	0
3710	64	16	10	0
3711	64	17	11	0
3712	64	17	11	0
3713	64	18	12	0
3714	64	18	12	0
3715	64	17	11	0
3716	64	16	10	0
3717	40	16	10	0
3718	64	14	9	0
3719	64	14	9	0
3720	64	14	9	0
3721	64	14	9	0
3722	64	14	9	0
3723	64	14	9	0
3724	64	14	9	0
3725	12	14	9	0
3726	16	14	9	0
3727	25	14	9	0
3728	16	14	9	0
3729	36	14	9	0
3730	36	14	9	0
3731	36	14	9	0
3732	36	14	9	0
3733	48	14	9	0
3734	64	14	9	0
3735	5	13	8	0
3736	9	12	7	0
3737	12	14	9	0
3738	9	14	9	0
3739	9	17	11	0
3740	6	17	11	0
3741	9	18	12	0
3742	9	18	12	0
3743	5	17	11	0
3744	5	17	11	0
3745	16	19	13	0
3746	64	17	11	0
3747	12	18	12	0
3771	64	14	9	0
3772	64	14	9	0
3773	12	14	9	0
3774	64	14	9	0
3775	64	16	10	0
3776	64	17	11	0
3777	12	16	10	0
3778	60	17	11	0
3779	64	16	10	0
3780	44	16	10	0
3781	16	16	10	0
3782	64	16	10	0
3783	20	17	11	0
3784	64	17	11	0
3785	50	17	11	0
3786	64	17	11	0
3787	60	17	11	0
3788	64	17	11	0
3789	64	17	11	0
3790	64	17	11	0
3791	64	17	11	0
3792	64	17	11	0
3793	8	17	11	0
3794	20	18	12	0
3795	64	18	12	0
3796	64	18	12	0
3797	16	18	12	0
3798	64	18	12	0
3799	64	17	11	0
3800	64	17	11	0
3801	60	18	12	0
3802	16	18	12	0
3803	64	19	13	0
3804	12	18	12	0
3805	45	18	12	0
3806	64	17	11	0
3807	8	16	10	0
3808	16	16	10	0
3809	64	17	11	0
3810	24	17	11	0
3811	64	17	11	0
3812	64	17	11	0
3813	20	17	11	0
3814	20	18	12	0
3815	20	17	11	0
3816	24	16	10	0
3817	18	16	10	0
3818	20	16	10	0
3819	12	16	10	0
3820	12	16	10	0
3821	36	16	10	0
3822	36	17	11	0
3823	36	17	11	0
3824	40	16	10	0
3825	24	18	12	0
3826	25	19	13	0
3827	10	19	13	0
3828	12	18	12	0
3829	64	17	11	0
3830	64	18	12	0
3831	64	19	13	0
3832	15	19	13	0
3833	15	19	13	0
3834	25	19	30	2
3837	2	13	8	0
3840	24	13	8	0
3841	24	16	10	0
3842	12	17	11	0
3843	16	16	10	0
3844	32	13	8	0
3845	20	13	8	0
3846	64	12	7	0
3847	16	14	9	0
3848	24	13	8	0
3849	24	16	10	0
3850	24	17	11	0
3851	18	18	12	0
3852	32	19	13	0
3853	20	19	13	0
3854	20	20	14	0
3855	20	19	13	0
3856	24	18	12	0
3857	16	19	13	0
3858	10	20	14	0
3866	8	18	12	0
3867	12	18	12	0
3868	1	12	7	0
3869	20	17	11	0
3870	54	18	12	0
3871	45	14	9	0
3872	24	14	9	0
3874	64	17	11	0
3875	60	18	12	0
3876	32	17	11	0
3877	50	18	12	0
3878	54	18	30	2
3879	25	16	10	0
3881	20	16	10	0
3882	5	17	11	0
3883	45	14	9	0
3884	40	14	9	0
3885	9	14	9	0
3886	64	16	10	0
3887	36	14	9	0
3888	64	17	11	0
3889	56	16	10	0
3891	54	14	9	0
3892	64	16	10	0
3893	64	16	10	0
3894	64	17	11	0
3895	64	16	10	0
3896	64	17	11	0
3897	54	16	10	0
3898	64	16	10	0
3899	60	14	9	0
3900	48	13	8	0
3901	54	14	9	0
3902	64	14	9	0
3903	64	14	9	0
3904	54	14	9	0
3905	50	13	8	0
3906	64	14	9	0
3907	54	14	9	0
3908	64	14	9	0
3909	64	16	10	0
3910	64	16	10	0
3911	64	16	10	0
3912	36	16	10	0
3913	60	17	11	0
3914	56	17	11	0
3915	36	17	11	0
3916	36	16	10	0
3917	6	16	10	0
3918	15	14	9	0
3919	52	16	10	0
3920	54	16	10	0
3921	64	18	12	0
3922	54	18	12	0
3923	36	18	12	0
3924	20	18	12	0
3925	27	19	13	0
3926	36	17	11	0
3927	36	19	13	0
3928	36	19	13	0
3929	36	18	12	0
3930	54	18	30	2
3931	27	16	10	0
3932	36	18	12	0
3933	36	19	13	0
3934	8	19	13	0
3935	18	19	13	0
3936	32	19	13	0
3937	28	19	13	0
3938	64	20	14	0
3939	64	18	12	0
3940	54	19	13	0
3941	64	19	13	0
3943	64	18	12	0
3944	64	19	13	0
3945	64	19	13	0
3947	60	18	12	0
3948	54	19	30	2
3950	64	14	9	0
3951	64	14	9	0
3954	64	13	8	0
3955	64	13	8	0
3956	48	13	8	0
3957	4	0	29	0
3958	64	13	8	0
3959	64	14	9	0
3960	64	14	9	0
3961	48	14	9	0
3962	64	14	9	0
3963	64	14	9	0
3964	64	14	9	0
3965	15	13	8	0
3966	36	14	9	0
3967	36	14	9	0
3968	36	14	9	0
3969	36	14	9	0
3970	52	14	9	0
3971	64	14	9	0
3972	64	14	9	0
3973	5	13	8	0
3975	28	17	11	0
3976	60	18	12	0
3977	40	18	12	0
3978	60	19	13	0
3979	64	18	12	0
3980	32	17	11	0
3981	60	16	10	0
3982	30	18	12	0
3983	40	17	11	0
3985	64	17	11	0
3986	64	17	11	0
3988	64	16	10	0
3989	64	14	9	0
3991	16	13	8	0
3992	64	16	10	0
3993	64	14	9	0
3994	64	14	9	0
3995	64	18	30	2
3996	36	14	9	0
3997	4	13	8	0
3998	36	13	8	0
3999	36	13	8	0
4000	36	14	9	0
4001	56	14	9	0
4002	36	14	9	0
4003	64	14	9	0
4004	5	13	8	0
4005	20	14	9	0
4006	40	14	9	0
4007	18	16	10	0
4008	36	17	11	0
4009	36	18	12	0
4010	40	17	11	0
4011	40	17	11	0
4012	36	17	11	0
4013	32	14	9	0
4014	6	14	9	0
4015	6	14	9	0
4016	64	18	12	0
4017	44	18	12	0
4018	64	19	13	0
4019	64	19	13	0
4020	64	19	13	0
4021	28	19	13	0
4022	12	19	13	0
4023	48	19	13	0
4025	60	19	13	0
4031	54	12	7	0
4032	64	13	8	0
4034	64	12	7	0
4035	64	19	30	2
4036	64	12	7	0
4037	8	11	6	0
4038	44	13	8	0
4039	56	12	7	0
4040	60	13	8	0
4041	18	12	7	0
4042	64	12	7	0
4043	64	12	7	0
4044	45	12	7	0
4045	36	12	7	0
4046	36	14	9	0
4047	10	14	9	0
4048	20	14	9	0
4049	36	13	8	0
4050	28	13	8	0
4051	20	12	7	0
4052	20	12	7	0
4053	64	14	9	0
4054	36	14	9	0
4055	64	16	10	0
4056	27	13	8	0
4057	25	12	7	0
4058	64	14	9	0
4059	20	13	8	0
4061	64	17	11	0
4062	64	14	9	0
4063	64	16	10	0
4064	50	14	9	0
4065	44	16	10	0
4066	64	17	11	0
4067	60	16	10	0
4068	36	16	10	0
4070	16	12	7	0
4071	32	13	8	0
4072	32	13	8	0
4073	18	13	8	0
4074	4	13	8	0
4075	36	12	7	0
4076	36	12	7	0
4077	4	13	8	0
4078	24	12	7	0
4079	52	14	9	0
4080	64	14	9	0
4081	64	16	10	0
4082	5	13	8	0
4083	50	14	9	0
4084	64	14	9	0
4085	52	14	9	0
4086	50	12	7	0
4087	50	13	8	0
4088	52	13	8	0
4090	64	12	7	0
4091	64	13	8	0
4092	48	14	9	0
4093	50	13	8	0
4094	60	14	9	0
4095	64	14	9	0
4096	60	14	9	0
4097	36	13	8	0
4098	64	13	8	0
4099	64	13	8	0
4100	24	12	7	0
4101	15	12	7	0
4102	50	14	9	0
4103	50	14	9	0
4104	48	13	8	0
4105	8	12	7	0
4106	36	13	8	0
4107	45	13	8	0
4108	64	12	7	0
4109	15	12	7	0
4110	64	14	9	0
4111	64	14	9	0
4112	60	14	9	0
4113	4	13	8	0
4114	27	12	7	0
4115	4	14	9	0
4117	3	8	4	0
4119	32	12	7	0
4120	25	11	6	0
4121	32	12	7	0
4122	40	11	6	0
4125	20	10	5	0
4126	36	13	8	0
4127	48	14	9	0
4128	40	13	8	0
4129	40	13	8	0
4130	1	2	1	0
4131	6	13	8	0
4132	10	12	7	0
4133	40	13	8	0
4134	40	14	9	0
4135	32	14	9	0
4136	36	13	8	0
4137	36	14	9	0
4138	45	14	9	0
4139	60	17	11	0
4140	54	17	11	0
4141	60	17	11	0
4142	64	17	11	0
4143	50	17	11	0
4144	54	16	10	0
4145	50	16	10	0
4146	54	17	11	0
4147	25	17	11	0
4148	48	16	10	0
4149	60	17	11	0
4151	50	17	30	2
4152	64	13	8	0
4153	60	14	9	0
4154	60	14	9	0
4156	20	14	9	0
4157	6	14	9	0
4158	60	16	10	0
4159	64	16	10	0
4160	64	14	9	0
4161	45	13	8	0
4162	64	14	9	0
4163	60	14	9	0
4164	64	14	9	0
4165	10	13	8	0
4166	64	17	11	0
4167	50	16	10	0
4168	64	14	9	0
4169	15	11	6	0
4170	64	14	9	0
4171	9	11	6	0
4172	48	13	8	0
4173	60	13	8	0
4174	54	14	9	0
4175	30	14	9	0
4176	36	14	9	0
4177	20	14	9	0
4178	36	16	10	0
4179	32	14	9	0
4180	36	17	11	0
4181	36	17	11	0
4182	27	16	10	0
4183	16	16	10	0
4184	56	18	12	0
4185	52	18	12	0
4186	60	19	13	0
4187	60	19	13	0
4188	64	19	13	0
4189	64	19	13	0
4190	64	19	13	0
4191	50	19	13	0
4192	45	19	13	0
4193	50	19	13	0
4196	60	17	11	0
4199	64	14	9	0
4201	32	16	10	0
4202	36	16	10	0
4203	36	14	9	0
4204	50	14	9	0
4205	64	19	30	2
4206	64	14	9	0
4207	60	14	9	0
4208	64	14	9	0
4209	64	16	10	0
4210	36	16	10	0
4211	36	17	11	0
4212	60	19	13	0
4213	5	16	10	0
4214	64	17	11	0
4215	64	17	11	0
4216	60	16	10	0
4217	60	16	10	0
4218	64	16	10	0
4219	64	17	11	0
4221	64	17	11	0
4222	64	17	11	0
4223	60	17	11	0
4224	50	16	10	0
4225	36	16	10	0
4226	64	16	10	0
4227	54	16	10	0
4228	64	16	10	0
4229	64	14	9	0
4230	64	14	9	0
4231	64	14	9	0
4232	64	14	9	0
4233	30	14	9	0
4234	64	16	10	0
4235	64	16	10	0
4236	64	16	10	0
4237	32	16	10	0
4238	64	16	10	0
4239	64	16	10	0
4240	64	16	10	0
4241	40	14	9	0
4242	64	17	11	0
4243	64	17	11	0
4244	64	16	10	0
4245	27	14	9	0
4246	40	16	10	0
4247	36	16	10	0
4248	40	16	10	0
4249	40	16	10	0
4250	40	16	10	0
4251	16	16	10	0
4252	8	16	10	0
4253	20	14	9	0
4254	36	17	11	0
4255	20	17	11	0
4256	40	18	12	0
4257	36	18	12	0
4258	36	18	12	0
4259	20	18	12	0
4260	36	19	13	0
4261	36	18	12	0
4262	36	19	13	0
4263	27	19	13	0
4264	16	20	14	0
4265	36	19	13	0
4266	36	19	13	0
4267	36	19	13	0
4268	36	19	13	0
4269	60	20	14	0
4270	64	20	14	0
4271	64	20	14	0
4273	64	19	13	0
4274	64	19	13	0
4275	54	19	13	0
4276	64	20	14	0
4277	60	20	30	2
4280	60	17	11	0
4283	60	14	9	0
4285	64	14	9	0
4286	64	14	9	0
4287	50	14	9	0
4288	64	14	9	0
4289	64	14	9	0
4290	64	14	9	0
4291	44	14	9	0
4292	50	14	9	0
4293	54	14	9	0
4294	50	14	9	0
4295	40	14	9	0
4296	50	14	9	0
4297	32	14	9	0
4298	54	14	9	0
4299	54	14	9	0
4300	60	16	10	0
4301	45	16	10	0
4302	48	17	11	0
4303	50	17	11	0
4304	54	18	12	0
4305	32	18	12	0
4306	4	18	12	0
4307	36	18	12	0
4308	36	17	11	0
4309	36	17	11	0
4310	36	17	11	0
4311	50	18	12	0
4312	54	18	30	2
4313	60	17	11	0
4315	30	14	9	0
4316	30	16	10	0
4317	12	17	11	0
4318	27	18	12	0
4319	50	19	13	0
4320	50	19	13	0
4322	54	16	10	0
4323	50	14	9	0
4324	64	17	11	0
4325	64	17	11	0
4326	64	18	12	0
4327	60	18	12	0
4328	64	18	12	0
4329	64	18	12	0
4330	64	17	11	0
4331	20	16	10	0
4332	32	16	10	0
4333	6	12	7	0
4334	64	18	30	2
4335	36	14	9	0
4336	9	13	8	0
4337	45	14	9	0
4338	64	14	9	0
4339	60	14	9	0
4340	64	17	11	0
4341	50	17	11	0
4342	50	19	13	0
4343	54	17	11	0
4344	64	18	12	0
4345	64	19	13	0
4346	64	19	13	0
4347	60	18	12	0
4348	60	18	12	0
4349	64	17	11	0
4350	64	17	11	0
4351	64	17	11	0
4352	64	17	11	0
4355	64	14	9	0
4356	64	14	9	0
4357	18	14	9	0
4358	64	14	9	0
4359	64	14	9	0
4360	64	14	9	0
4361	64	14	9	0
4362	54	14	9	0
4363	64	14	9	0
4364	56	14	9	0
4365	12	13	8	0
4366	60	17	11	0
4367	60	17	11	0
4368	60	17	11	0
4369	64	16	10	0
4370	54	16	10	0
4371	64	16	10	0
4372	48	16	10	0
4373	40	16	10	0
4374	40	18	12	0
4375	16	17	11	0
4376	40	17	11	0
4377	12	16	10	0
4378	28	16	10	0
4379	8	16	10	0
4380	32	16	10	0
4381	40	17	11	0
4382	36	18	12	0
4383	27	18	12	0
4384	15	18	12	0
4385	40	19	13	0
4386	64	19	13	0
4387	40	19	13	0
4388	64	18	12	0
4389	64	18	12	0
4390	64	18	12	0
4391	64	19	13	0
4392	64	19	13	0
4393	16	20	14	0
4395	54	19	13	0
4396	64	19	13	0
4459	56	16	10	0
4461	54	14	9	0
4462	64	16	10	0
4463	64	14	9	0
4464	64	14	9	0
4465	64	19	30	2
4466	36	14	9	0
4467	16	14	9	0
4468	64	16	10	0
4469	64	14	9	0
4470	64	14	9	0
4471	64	14	9	0
4472	50	14	9	0
4473	44	14	9	0
4474	50	13	8	0
4475	16	13	8	0
4476	20	13	8	0
4478	48	14	9	0
4479	45	14	9	0
4480	40	14	9	0
4481	40	14	9	0
4482	40	16	10	0
4483	8	16	10	0
4484	45	18	12	0
4485	50	18	12	0
4486	60	18	12	0
4487	60	19	13	0
4488	64	19	13	0
4489	64	19	13	0
4490	64	19	13	0
4491	64	19	13	0
4492	60	18	12	0
4493	64	19	13	0
4495	64	17	11	0
4500	60	14	9	0
4501	64	14	9	0
4502	64	14	9	0
4503	64	14	9	0
4504	60	14	9	0
4505	64	19	30	2
4506	12	12	7	0
4507	36	13	8	0
4508	36	13	8	0
4509	40	13	8	0
4510	36	13	8	0
4511	8	12	7	0
4512	24	13	8	0
4513	12	13	8	0
4514	36	14	9	0
4515	28	16	10	0
4516	48	17	11	0
4517	50	18	12	0
4518	45	18	12	0
4519	60	19	13	0
4520	60	18	12	0
4521	64	18	12	0
4522	60	18	12	0
4523	64	18	12	0
4524	60	18	12	0
4525	64	18	12	0
4526	24	17	11	0
4527	36	18	12	0
4528	36	17	11	0
4530	24	14	9	0
4531	36	14	9	0
4532	36	14	9	0
4533	54	14	9	0
4534	54	14	9	0
4535	60	17	11	0
4536	64	17	11	0
4537	50	18	12	0
4538	64	17	11	0
4539	64	18	12	0
4540	64	19	13	0
4541	64	19	13	0
4542	8	17	11	0
4543	64	18	12	0
4544	54	17	11	0
4545	50	16	10	0
4546	64	17	11	0
4547	44	16	10	0
4548	64	16	10	0
4550	64	14	9	0
4551	64	16	10	0
4552	48	16	10	0
4553	54	16	10	0
4554	52	17	11	0
4555	64	16	10	0
4556	64	17	11	0
4557	50	16	10	0
4558	64	16	10	0
4559	64	16	10	0
4560	64	16	10	0
4561	52	16	10	0
4562	40	16	10	0
4563	50	16	10	0
4564	40	16	10	0
4565	50	14	9	0
4566	40	16	10	0
4567	36	16	10	0
4568	48	16	10	0
4569	50	16	10	0
4570	54	16	10	0
4571	54	17	11	0
4572	50	17	11	0
4573	60	18	12	0
4574	16	18	12	0
4575	36	19	13	0
4576	45	19	13	0
4577	36	19	13	0
4578	40	19	13	0
4579	40	19	13	0
4580	40	19	13	0
4581	40	19	13	0
4582	24	18	12	0
4583	40	19	13	0
4585	28	18	12	0
4586	36	19	13	0
4587	40	19	13	0
4588	40	19	13	0
4589	40	19	13	0
4590	40	19	13	0
4591	36	19	13	0
4592	28	19	13	0
4594	28	18	12	0
4595	40	19	30	2
4596	50	18	12	0
4597	45	19	13	0
4598	64	19	13	0
4599	64	19	13	0
4600	64	19	13	0
4601	50	19	13	0
4602	50	19	13	0
4603	64	19	13	0
4604	54	18	12	0
4650	20	14	9	0
4651	64	14	9	0
4652	48	17	11	0
4653	64	18	12	0
4654	56	18	12	0
4655	64	19	13	0
4656	56	18	12	0
4657	45	17	11	0
4658	64	16	10	0
4659	64	16	10	0
4660	24	16	10	0
4661	64	17	11	0
4662	16	16	10	0
4663	64	19	30	2
4664	64	16	10	0
4665	25	14	9	0
4666	16	17	11	0
4667	6	14	9	0
4668	32	16	10	0
4669	40	16	10	0
4670	64	16	10	0
4671	64	16	10	0
4672	48	14	9	0
4673	64	16	10	0
4674	36	17	11	0
4675	40	16	10	0
4676	64	17	11	0
4677	25	18	12	0
4678	64	19	13	0
4679	64	18	12	0
4680	64	17	11	0
4681	64	17	11	0
4682	64	17	11	0
4683	64	18	12	0
4684	64	17	30	2
4685	54	18	12	0
4686	64	19	30	2
4687	50	18	12	0
4688	64	17	11	0
4689	64	17	11	0
4690	60	17	11	0
4691	64	16	10	0
4692	54	16	10	0
4693	60	16	10	0
4694	56	16	10	0
4695	56	16	10	0
4696	60	17	11	0
4697	36	16	10	0
4698	64	16	10	0
4699	64	16	10	0
4700	56	16	10	0
4701	64	17	11	0
4702	64	17	11	0
4703	54	17	11	0
4705	36	16	10	0
4706	40	17	11	0
4707	32	17	11	0
4708	3	14	9	0
4709	32	16	10	0
4733	12	13	8	0
4734	20	14	9	0
4735	40	14	9	0
4736	30	14	9	0
4737	6	12	7	0
4738	36	13	8	0
4739	60	13	8	0
4740	64	13	8	0
4741	56	13	8	0
4742	48	16	10	0
4743	64	16	10	0
4744	60	17	11	0
4745	48	16	10	0
4746	50	16	10	0
4747	45	16	10	0
4748	64	14	9	0
4749	44	14	9	0
4750	64	14	9	0
4751	64	14	9	0
4752	60	14	9	0
4753	54	13	8	0
4754	54	14	9	0
4755	40	13	8	0
4756	64	14	9	0
4757	60	14	9	0
4758	54	14	9	0
4759	60	14	9	0
4760	64	13	8	0
4761	64	13	8	0
4762	48	13	8	0
4763	32	12	7	0
4764	64	14	9	0
4765	64	14	9	0
4766	50	14	9	0
4767	50	14	9	0
4768	64	14	9	0
4769	64	14	9	0
4770	54	14	9	0
4771	32	14	9	0
4772	64	17	11	0
4773	64	17	11	0
4774	64	17	11	0
4775	64	17	11	0
4776	60	17	11	0
4777	48	17	11	0
4778	40	16	10	0
4779	12	17	11	0
4780	16	17	11	0
4781	12	16	10	0
4782	16	16	10	0
4783	12	17	11	0
4784	12	17	11	0
4785	40	16	10	0
4786	40	16	10	0
4787	12	17	30	2
4788	27	14	9	0
4789	40	16	10	0
4790	64	17	11	0
4791	12	17	30	2
4792	12	17	30	2
4793	56	13	8	0
4794	64	14	9	0
4795	64	17	11	0
4796	15	14	9	0
4797	32	17	11	0
4798	36	18	12	0
4799	6	16	10	0
4800	36	16	10	0
4801	3	11	6	0
4802	32	16	10	0
4803	64	16	10	0
4804	64	16	10	0
4805	64	17	11	0
4806	56	19	13	0
4807	60	19	13	0
4808	64	20	14	0
4809	64	21	15	0
4810	64	21	15	0
4811	64	21	15	0
4812	64	20	14	0
4813	64	19	13	0
4814	56	19	13	0
4815	64	19	13	0
4816	64	19	13	0
4818	60	19	13	0
4820	60	19	13	0
4821	52	18	12	0
4822	40	17	11	0
4823	64	18	12	0
4825	64	21	30	2
4826	60	18	12	0
4827	45	18	12	0
4830	64	16	10	0
4831	64	17	11	0
4832	64	17	11	0
4833	48	16	10	0
4834	64	16	10	0
4835	36	16	10	0
4836	36	17	11	0
4837	36	17	11	0
4838	36	17	11	0
4839	32	16	10	0
4840	60	17	11	0
4841	48	16	10	0
4842	40	17	11	0
4843	36	17	11	0
4844	36	18	12	0
4845	40	19	13	0
4846	36	19	13	0
4869	36	19	13	0
4870	56	19	13	0
4871	64	19	13	0
4872	64	19	13	0
4873	60	18	12	0
4874	64	17	11	0
4875	64	17	11	0
4876	64	14	9	0
4877	60	17	11	0
4878	56	17	11	0
4879	54	17	11	0
4880	64	17	11	0
4881	50	16	10	0
4882	64	16	10	0
4883	64	16	10	0
4884	64	16	10	0
4885	64	16	10	0
4886	56	16	10	0
4887	50	16	10	0
4888	64	17	11	0
4909	36	18	12	0
4910	40	17	11	0
4911	40	17	11	0
4912	40	17	11	0
4913	40	17	11	0
4914	40	18	12	0
4915	36	19	13	0
4916	40	19	13	0
4917	40	20	14	0
4918	64	20	14	0
4919	64	21	15	0
4920	40	17	30	2
4921	40	17	30	2
4923	36	19	30	2
4928	20	12	7	0
4929	36	10	5	0
4930	36	10	5	0
4931	36	11	6	0
4932	64	11	6	0
4933	64	13	8	0
4934	64	14	9	0
4935	64	21	30	2
4936	64	13	8	0
4937	60	16	10	0
4938	64	17	11	0
4939	36	16	10	0
4940	64	18	12	0
4941	60	17	11	0
4942	64	16	10	0
4943	64	14	9	0
4944	64	14	9	0
4945	54	14	9	0
4946	64	14	9	0
4947	60	14	9	0
4948	64	16	10	0
4949	64	16	10	0
4950	64	14	9	0
4951	64	14	9	0
4952	64	14	9	0
4953	64	14	9	0
4954	64	16	10	0
4955	64	14	9	0
4956	64	14	9	0
4957	8	13	8	0
4958	64	14	9	0
4959	64	14	9	0
4960	64	14	9	0
4961	64	14	9	0
4962	64	14	9	0
4963	64	14	9	0
4964	64	14	9	0
4965	40	14	9	0
4966	36	17	11	0
4967	36	16	10	0
4968	40	16	10	0
4969	40	16	10	0
4970	5	14	9	0
4971	40	16	10	0
4972	40	16	10	0
4973	40	16	10	0
4974	40	17	11	0
4975	54	18	12	0
4976	64	19	13	0
4977	50	19	13	0
4978	60	19	13	0
4979	60	18	12	0
4980	60	19	13	0
4981	64	19	13	0
4982	64	19	13	0
4983	64	19	13	0
4984	44	19	13	0
4985	60	19	13	0
4986	64	18	12	0
4987	60	18	12	0
4988	64	18	12	0
4991	24	16	10	0
4992	64	16	10	0
4995	64	16	10	0
4996	64	16	10	0
4997	12	16	10	0
4998	64	16	10	0
4999	64	16	10	0
5000	50	17	11	0
5001	64	17	11	0
5002	64	16	10	0
5003	64	16	10	0
5004	64	16	10	0
5005	32	16	10	0
5006	32	16	10	0
5007	32	16	10	0
5008	25	16	10	0
5009	64	17	11	0
5010	64	16	10	0
5011	15	16	10	0
5012	40	14	9	0
5013	24	14	9	0
5014	30	16	10	0
5015	36	17	11	0
5016	64	18	12	0
5017	44	19	13	0
5018	64	18	12	0
5019	64	17	11	0
5020	50	19	13	0
5021	64	18	12	0
5022	64	18	12	0
5023	64	19	13	0
5024	64	19	13	0
5025	60	19	13	0
5026	64	18	12	0
5027	45	18	12	0
5028	64	17	11	0
5030	64	17	11	0
5033	60	19	30	2
5035	64	14	9	0
5036	64	14	9	0
5037	28	14	9	0
5038	64	14	9	0
5039	64	14	9	0
5040	64	14	9	0
5041	60	14	9	0
5042	50	14	9	0
5043	64	14	9	0
5044	64	14	9	0
5045	24	13	8	0
5046	52	14	9	0
5047	9	14	9	0
5048	24	14	9	0
5049	24	14	9	0
5050	30	14	9	0
5051	24	16	10	0
5052	28	14	9	0
5053	4	14	9	0
5054	12	14	9	0
5055	28	16	10	0
5056	30	14	9	0
5057	24	14	9	0
5058	16	17	11	0
5059	64	18	12	0
5060	64	17	11	0
5061	64	18	12	0
5062	48	17	11	0
5063	64	16	10	0
5064	64	17	11	0
5065	64	18	12	0
5066	27	19	13	0
5067	40	19	13	0
5068	64	18	12	0
5070	48	16	10	0
5071	64	16	10	0
5072	64	16	10	0
5073	64	16	10	0
5074	27	19	30	2
5076	64	18	30	2
5077	40	14	9	0
5078	64	14	9	0
5079	64	14	9	0
5080	48	14	9	0
5081	64	14	9	0
5082	60	14	9	0
5083	20	13	8	0
5084	48	14	9	0
5085	36	14	9	0
5086	28	16	10	0
5087	32	16	10	0
5088	1	8	4	0
5089	50	14	9	0
5090	64	14	9	0
5091	64	14	9	0
5092	64	17	11	0
5093	56	17	11	0
5094	40	18	12	0
5095	36	18	12	0
5096	40	19	13	0
5097	6	18	12	0
5098	24	19	13	0
5099	32	18	12	0
5100	50	17	11	0
5101	16	16	10	0
5102	64	17	11	0
5103	64	18	12	0
5104	16	18	12	0
5105	6	18	30	2
5107	60	16	10	0
5108	54	16	10	0
5109	64	17	11	0
5110	64	16	10	0
5111	64	16	10	0
5112	5	13	8	0
5113	2	13	8	0
5114	10	17	11	0
5115	2	14	9	0
5116	40	16	10	0
5117	8	17	11	0
5118	40	16	10	0
5119	40	16	10	0
5120	40	14	9	0
5121	6	17	11	0
5122	2	11	6	0
5123	28	17	11	0
5124	64	16	10	0
5126	64	13	8	0
5127	60	14	9	0
5128	64	16	10	0
5129	64	17	11	0
5130	64	14	9	0
5131	56	16	10	0
5132	64	16	10	0
5133	64	16	10	0
5134	60	14	9	0
5135	64	14	9	0
5136	64	14	9	0
5137	40	14	9	0
5138	64	14	9	0
5139	64	16	10	0
5140	44	14	9	0
5141	64	16	10	0
5142	48	14	9	0
5143	60	16	10	0
5144	60	14	9	0
5145	8	14	9	0
5146	3	14	9	0
5147	36	17	11	0
5148	9	17	11	0
5149	52	17	11	0
5150	60	17	11	0
5151	48	17	11	0
5152	64	17	11	0
5153	60	17	11	0
5154	64	16	10	0
5155	40	14	9	0
5156	48	17	11	0
5157	48	14	9	0
5158	64	16	10	0
5159	64	17	11	0
5160	64	17	11	0
5161	52	17	11	0
5162	60	18	12	0
5163	64	17	11	0
5164	64	18	12	0
5165	64	18	12	0
5166	64	18	12	0
5167	48	18	12	0
5168	56	17	11	0
5169	52	17	11	0
5170	54	17	11	0
5171	64	17	11	0
5172	64	17	11	0
5174	64	17	11	0
5175	64	17	11	0
5176	60	18	12	0
5177	45	18	12	0
5178	64	18	12	0
5179	64	18	12	0
5180	64	17	30	2
5181	64	17	11	0
5182	64	17	11	0
5183	45	16	10	0
5184	48	17	11	0
5185	36	16	10	0
5186	36	17	11	0
5187	27	17	11	0
5188	36	17	11	0
5189	36	16	10	0
5190	10	14	9	0
5191	54	16	10	0
5192	64	18	12	0
5193	60	18	12	0
5194	36	19	13	0
5195	40	19	13	0
5196	36	20	14	0
5197	18	20	14	0
5198	32	21	15	0
5199	64	22	16	0
5200	64	21	15	0
5201	64	20	14	0
5202	64	19	13	0
5203	40	19	30	2
5204	36	20	30	2
5205	64	19	13	0
5206	36	19	13	0
5211	36	14	9	0
5212	36	14	9	0
5214	36	13	8	0
5215	64	22	30	2
5216	32	16	10	0
5217	16	14	9	0
5218	40	14	9	0
5219	32	14	9	0
5220	40	16	10	0
5221	9	16	10	0
5222	32	16	10	0
5223	64	16	10	0
5224	54	16	10	0
5225	60	16	10	0
5226	60	18	12	0
5227	54	18	12	0
5228	52	18	12	0
5229	60	18	12	0
5230	54	18	12	0
5231	60	19	13	0
5232	64	18	12	0
5233	50	17	11	0
5234	64	16	10	0
5235	54	16	10	0
5236	64	16	10	0
5237	40	16	10	0
5238	64	16	10	0
5239	60	19	30	2
5240	64	14	9	0
5241	64	14	9	0
5242	64	16	10	0
5243	64	14	9	0
5244	64	16	30	2
5245	40	14	9	0
5246	64	16	30	2
5247	30	14	9	0
5248	36	13	8	0
5249	36	13	8	0
5250	36	13	8	0
5251	36	13	8	0
5252	36	13	8	0
5253	54	14	9	0
5254	64	16	10	0
5255	64	14	9	0
5256	64	16	10	0
5257	60	17	11	0
5258	36	17	11	0
5259	36	17	11	0
5260	12	14	9	0
5261	54	16	10	0
5262	60	16	10	0
5263	64	16	10	0
5264	64	14	9	0
5265	64	14	9	0
5266	64	14	9	0
5267	45	16	10	0
5268	36	16	10	0
5269	36	17	11	0
5270	40	16	10	0
5271	40	16	10	0
5272	40	16	10	0
5273	40	14	9	0
5274	50	14	9	0
5275	64	14	9	0
5276	64	16	10	0
5277	50	17	11	0
5300	56	14	9	0
5301	64	14	9	0
5302	64	14	9	0
5303	60	14	9	0
5304	64	13	8	0
5305	54	13	8	0
5306	64	14	9	0
5307	50	14	9	0
5308	60	14	9	0
5309	64	13	8	0
5310	36	12	7	0
5311	64	12	7	0
5312	64	12	7	0
5313	60	13	8	0
5314	64	13	8	0
5315	40	12	7	0
5316	40	11	6	0
5317	4	11	6	0
5318	4	0	29	0
5319	36	11	6	0
5320	36	11	6	0
5321	36	10	5	0
5322	36	10	5	0
5323	36	10	5	0
5324	36	10	5	0
5325	54	12	7	0
5326	60	12	7	0
5327	48	13	8	0
5328	64	13	8	0
5329	64	13	8	0
5330	60	14	9	0
5331	60	14	9	0
5332	64	14	9	0
5333	36	13	8	0
5334	40	12	7	0
5335	36	11	6	0
5336	36	10	5	0
5337	40	10	5	0
5338	36	10	5	0
5339	27	8	4	0
5340	54	11	6	0
5341	50	11	6	0
5342	60	12	7	0
5343	64	12	7	0
5344	64	13	8	0
5345	60	14	9	0
5346	54	13	8	0
5347	60	14	9	0
5348	64	14	9	0
5349	60	14	9	0
5350	64	13	8	0
5351	64	13	8	0
5352	64	13	8	0
5353	64	13	8	0
5354	64	13	8	0
5355	60	13	8	0
5356	60	14	9	0
5357	60	14	9	0
5358	64	14	9	0
5359	64	14	9	0
5360	64	14	9	0
5361	64	14	9	0
5362	64	14	9	0
5363	45	14	9	0
5364	64	16	10	0
5365	64	16	10	0
5366	64	16	10	0
5367	44	16	10	0
5368	64	16	10	0
5369	64	16	10	0
5370	64	16	10	0
5371	64	16	10	0
5372	64	17	11	0
5373	64	17	11	0
5374	50	16	10	0
5375	36	16	10	0
5376	36	17	11	0
5377	10	17	11	0
5378	36	16	10	0
5379	36	16	10	0
5380	36	16	10	0
5381	36	16	10	0
5382	45	17	11	0
5383	36	17	11	0
5384	64	19	13	0
5386	64	18	12	0
5387	60	19	13	0
5388	64	19	13	0
5389	64	20	14	0
5390	64	20	14	0
5391	50	20	14	0
5393	60	19	13	0
5395	50	16	10	0
5396	64	17	11	0
5399	64	16	10	0
5400	64	17	11	0
5401	60	17	11	0
5402	64	17	11	0
5403	64	17	11	0
5405	64	20	30	2
5406	52	17	11	0
5407	40	16	10	0
5408	52	16	10	0
5409	64	16	10	0
5410	64	16	10	0
5411	64	16	10	0
5412	50	16	10	0
5413	64	16	10	0
5414	64	16	10	0
5415	36	16	10	0
5416	36	16	10	0
5417	4	16	10	0
5418	28	17	11	0
5419	64	17	11	0
5420	64	17	11	0
5421	60	17	11	0
5422	50	17	11	0
5423	36	17	11	0
5424	36	18	12	0
5425	20	19	13	0
5426	64	17	11	0
5427	60	19	13	0
5428	64	18	12	0
5429	60	18	12	0
5430	64	17	11	0
5431	24	18	12	0
5432	64	19	13	0
5433	52	19	13	0
5434	54	20	14	0
5435	64	20	14	0
5436	64	19	13	0
5437	32	19	13	0
5438	64	18	12	0
5439	64	18	12	0
5441	60	19	13	0
5442	54	20	30	2
5445	36	16	10	0
5447	32	16	10	0
5448	36	14	9	0
5450	12	12	7	0
5451	36	13	8	0
5452	24	13	8	0
5453	36	13	8	0
5454	40	16	10	0
5455	36	14	9	0
5456	27	16	10	0
5457	50	17	11	0
5458	50	16	10	0
5459	64	18	12	0
5460	64	19	13	0
5461	64	19	13	0
5462	64	19	13	0
5463	60	19	13	0
5464	60	18	12	0
5465	64	18	12	0
5466	60	18	12	0
5467	60	18	12	0
5472	40	13	8	0
5474	36	12	7	0
5475	36	12	7	0
5476	36	12	7	0
5477	4	13	8	0
5478	56	13	8	0
5479	64	13	8	0
5480	56	13	8	0
5481	64	14	9	0
5482	48	14	9	0
5483	64	16	10	0
5484	64	17	11	0
5485	60	18	12	0
5486	64	16	10	0
5487	60	14	9	0
5488	60	14	9	0
5489	64	14	9	0
5490	64	13	8	0
5491	64	14	9	0
5492	64	14	9	0
5494	64	13	8	0
5495	64	13	8	0
5496	64	13	8	0
5497	50	13	8	0
5498	64	13	8	0
5499	64	13	8	0
5500	60	14	9	0
5501	54	14	9	0
5502	54	13	8	0
5503	64	13	8	0
5504	54	13	8	0
5505	60	14	9	0
5507	60	14	9	0
5508	64	14	9	0
5509	54	14	9	0
5510	64	13	8	0
5511	64	13	8	0
5512	54	13	8	0
5513	64	14	9	0
5514	64	14	9	0
5515	64	14	9	0
5516	64	14	9	0
5517	50	14	9	0
5518	64	14	9	0
5519	64	14	9	0
5520	64	14	9	0
5521	64	14	9	0
5522	64	14	9	0
5523	64	14	9	0
5524	60	14	9	0
5525	36	13	8	0
5527	27	13	8	0
5589	45	19	13	0
5590	64	19	13	0
5591	52	19	13	0
5592	64	19	13	0
5594	64	19	13	0
5595	64	20	14	0
5596	64	21	15	0
5597	45	20	14	0
5600	60	19	13	0
5601	54	18	12	0
5605	44	16	10	0
5606	52	17	11	0
5607	45	16	10	0
5608	60	17	11	0
5609	64	16	10	0
5610	64	16	10	0
5611	45	16	10	0
5612	64	16	10	0
5613	52	14	9	0
5614	64	16	10	0
5615	36	16	10	0
5616	36	17	11	0
5617	12	17	11	0
5618	4	16	10	0
5619	28	16	10	0
5620	60	17	11	0
5621	60	17	11	0
5622	50	16	10	0
5623	44	16	10	0
5624	28	17	11	0
5625	64	18	12	0
5626	60	16	10	0
5627	54	14	9	0
5628	64	16	10	0
5629	64	16	10	0
5630	64	16	10	0
5631	64	17	11	0
5632	64	17	11	0
5634	64	16	10	0
5635	60	16	10	0
5636	54	16	10	0
5637	60	16	10	0
5638	64	16	10	0
5639	64	16	10	0
5640	64	16	10	0
5641	64	16	10	0
5642	64	16	10	0
5643	64	16	10	0
5644	64	16	10	0
5645	64	16	10	0
5646	48	16	10	0
5647	45	16	10	0
5648	64	16	10	0
5649	64	16	10	0
5650	64	16	10	0
5651	64	16	10	0
5652	64	16	10	0
5653	64	16	10	0
5654	60	16	10	0
5655	36	17	11	0
5656	27	16	10	0
5657	30	16	10	0
5658	36	16	10	0
5659	3	14	9	0
5660	36	14	9	0
5661	15	14	9	0
5662	54	16	10	0
5663	64	17	11	0
5664	64	18	12	0
5665	64	19	13	0
5666	64	20	14	0
5667	48	20	14	0
5668	64	19	13	0
5669	56	19	13	0
5670	12	19	13	0
5671	36	19	13	0
5672	36	18	12	0
5675	20	16	10	0
5676	36	17	11	0
5678	6	16	10	0
5679	54	19	13	0
5680	52	19	13	0
5681	64	20	14	0
5682	64	19	13	0
5683	64	18	12	0
5684	64	18	12	0
5685	64	19	30	2
5686	50	18	12	0
5687	54	19	30	2
5693	64	14	9	0
5694	60	14	9	0
5695	64	16	10	0
5696	64	14	9	0
5697	20	14	9	0
5698	64	14	9	0
5699	64	14	9	0
5700	64	14	9	0
5701	48	14	9	0
5702	64	14	9	0
5703	64	14	9	0
5704	48	14	9	0
5705	28	14	9	0
5706	20	16	10	0
5707	32	16	10	0
5708	36	14	9	0
5709	40	14	9	0
5710	64	14	9	0
5711	64	16	10	0
5712	64	14	9	0
5713	32	16	10	0
5714	36	16	10	0
5715	40	16	10	0
5716	27	17	11	0
5717	20	18	12	0
5718	64	18	12	0
5719	64	17	11	0
5720	52	17	11	0
5721	40	16	10	0
5722	36	17	11	0
5723	36	18	12	0
5724	36	19	13	0
5725	64	19	13	0
5727	60	18	12	0
5728	64	17	11	0
5729	64	17	11	0
5730	64	17	11	0
5731	64	18	12	0
5732	64	19	13	0
5734	64	17	11	0
5735	64	17	11	0
5736	64	16	10	0
5737	30	16	10	0
5738	64	16	10	0
5741	64	14	9	0
5742	64	14	9	0
5743	64	14	9	0
5744	64	14	9	0
5745	36	14	9	0
5746	64	17	11	0
5747	20	16	10	0
5748	60	17	11	0
5749	64	16	10	0
5750	64	16	10	0
5751	64	16	10	0
5752	24	14	9	0
5753	64	16	10	0
5755	32	16	10	0
5756	36	14	9	0
5757	12	14	9	0
5758	32	14	9	0
5759	32	14	9	0
5760	28	14	9	0
5761	16	17	11	0
5762	16	16	10	0
5763	8	14	9	0
5764	44	17	11	0
5765	50	17	11	0
5766	64	16	10	0
5767	60	17	11	0
5768	64	18	12	0
5769	48	18	12	0
5770	60	19	13	0
5771	64	19	13	0
5772	64	19	13	0
5773	28	19	13	0
5774	36	18	12	0
5775	36	17	11	0
5776	8	16	10	0
5777	16	16	10	0
5778	60	19	30	2
5779	28	14	9	0
5780	64	16	10	0
5781	24	14	9	0
5782	16	17	11	0
5783	24	17	11	0
5784	27	17	11	0
5785	27	14	9	0
5786	27	16	10	0
5787	25	16	10	0
5788	64	16	10	0
5789	32	16	10	0
5790	16	17	30	2
5791	24	13	8	0
5792	56	14	9	0
5793	24	16	10	0
5794	30	16	10	0
5795	64	17	11	0
5796	54	18	12	0
5797	12	17	11	0
5798	64	17	11	0
5799	64	14	9	0
5800	64	14	9	0
5801	64	16	10	0
5802	64	17	11	0
5804	54	18	30	2
5807	60	12	7	0
5808	60	12	7	0
5809	54	11	6	0
5810	64	12	7	0
5811	60	12	7	0
5812	16	10	5	0
5813	15	8	4	0
5814	2	2	1	0
5815	50	10	5	0
5816	4	0	29	0
5818	48	10	5	0
5819	64	11	6	0
5820	36	10	5	0
5821	64	12	7	0
5822	1	2	1	0
5823	36	13	8	0
5824	36	12	7	0
5825	24	10	5	0
5826	50	12	7	0
5827	54	14	9	0
5828	40	11	6	0
5829	45	13	8	0
5830	50	13	8	0
5831	60	14	9	0
5832	64	14	9	0
5833	24	11	6	0
5834	64	14	9	0
5835	64	14	9	0
5836	24	11	6	0
5837	20	13	8	0
5838	24	12	7	0
5839	24	12	7	0
5840	28	12	7	0
5841	24	11	6	0
5842	24	12	7	0
5843	50	13	8	0
5844	56	13	8	0
5845	64	14	9	0
5846	64	14	9	0
5847	50	14	9	0
5848	64	16	10	0
5849	64	14	9	0
5850	64	16	10	0
5851	64	16	10	0
5852	54	16	10	0
5853	54	14	9	0
5854	64	14	9	0
5855	36	13	8	0
5856	16	11	6	0
5857	6	10	5	0
5858	36	11	6	0
5859	16	10	5	0
5860	36	11	6	0
5861	2	2	1	0
5862	25	11	6	0
5863	48	11	6	0
5864	24	11	6	0
5865	60	14	9	0
5866	64	14	9	0
5867	30	14	9	0
5868	32	14	9	0
5869	15	14	9	0
5870	15	14	9	0
5871	16	17	11	0
5872	24	16	10	0
5873	24	16	10	0
5874	52	14	9	0
5875	24	13	8	0
5876	5	16	10	0
5877	30	16	10	0
5878	32	17	11	0
5879	2	12	7	0
5880	36	17	11	0
5881	40	17	11	0
5882	40	17	11	0
5883	40	16	10	0
5885	32	14	9	0
5886	44	16	10	0
5887	12	14	9	0
5888	54	17	11	0
5889	64	18	12	0
5890	60	18	12	0
5891	64	18	12	0
5892	60	19	13	0
5893	56	16	10	0
5894	24	16	10	0
5895	36	17	11	0
5896	50	18	12	0
5901	64	14	9	0
5902	64	14	9	0
5903	64	17	11	0
5904	50	18	30	2
5905	64	18	30	2
5906	16	16	10	0
5907	1	11	6	0
5909	40	14	9	0
5910	64	16	10	0
5911	64	14	9	0
5912	64	16	10	0
5913	64	14	9	0
5914	54	14	9	0
5915	60	17	11	0
5916	9	13	8	0
5917	32	14	9	0
5918	64	17	11	0
5919	52	17	11	0
5920	60	17	11	0
5921	64	16	10	0
5922	4	14	9	0
5923	64	17	11	0
5924	60	17	11	0
5925	40	17	11	0
5926	12	17	11	0
5927	32	18	12	0
5928	36	17	11	0
5929	8	16	10	0
5930	1	8	4	0
5931	32	16	10	0
5932	36	16	10	0
5933	20	16	10	0
5935	12	18	12	0
5936	40	19	13	0
5938	16	19	13	0
5939	36	20	14	0
5940	24	20	14	0
5941	40	20	14	0
5942	40	20	14	0
5944	40	19	30	2
5945	20	17	11	0
5946	36	18	12	0
5947	32	20	14	0
5948	5	18	12	0
5949	40	20	30	2
5950	40	20	30	2
5951	64	18	12	0
5952	60	17	11	0
5953	64	16	10	0
5954	36	18	30	2
5955	64	18	12	0
5956	60	19	13	0
5957	48	19	13	0
5958	64	17	11	0
5960	64	13	8	0
5961	50	14	9	0
5962	30	13	8	0
5965	48	19	30	2
5966	45	12	7	0
5967	60	12	7	0
5968	60	12	7	0
5969	64	12	7	0
5970	64	12	7	0
5971	60	14	9	0
5972	60	13	8	0
5973	64	13	8	0
5974	48	13	8	0
5975	64	14	9	0
5976	60	13	8	0
5977	36	13	8	0
5978	64	14	9	0
5979	50	14	9	0
5980	64	14	9	0
5981	64	14	9	0
5982	60	14	9	0
5983	64	14	9	0
5984	45	13	8	0
5985	40	14	9	0
5986	40	14	9	0
5987	16	14	9	0
5988	15	14	9	0
5989	32	14	9	0
5990	12	13	8	0
5991	12	13	8	0
5993	3	14	9	0
5994	1	8	4	0
5995	12	14	9	0
5996	16	17	11	0
5997	6	17	11	0
5998	30	18	12	0
5999	30	19	13	0
6000	3	18	12	0
6001	30	19	13	0
6002	20	14	9	0
6003	10	16	10	0
6005	54	16	10	0
6006	45	18	12	0
6007	50	19	13	0
6008	3	18	30	2
6009	30	19	30	2
6010	64	16	10	0
6011	56	16	10	0
6012	56	17	11	0
6013	50	17	11	0
6014	30	14	9	0
6015	50	19	30	2
6016	40	14	9	0
6017	20	12	7	0
6018	40	11	6	0
6019	4	11	6	0
6020	54	12	7	0
6021	48	13	8	0
6022	40	12	7	0
6023	48	14	9	0
6024	64	13	8	0
6025	64	14	9	0
6026	64	16	10	0
6027	50	17	11	0
6028	60	16	10	0
6029	64	16	10	0
6030	64	14	9	0
6031	64	16	10	0
6032	48	16	10	0
6033	64	16	10	0
6034	64	16	10	0
6035	64	16	10	0
6036	64	16	10	0
6037	40	16	10	0
6038	48	14	9	0
6039	48	14	9	0
6040	48	14	9	0
6041	64	17	11	0
6042	64	16	10	0
6043	20	16	10	0
6044	64	16	10	0
6045	64	14	9	0
6046	64	14	9	0
6047	27	14	9	0
6048	36	14	9	0
6049	15	14	9	0
6050	36	14	9	0
6051	36	14	9	0
6052	24	14	9	0
6053	32	14	9	0
6054	50	16	10	0
6055	64	16	10	0
6056	27	16	10	0
6057	18	18	12	0
6058	36	19	13	0
6059	27	18	12	0
6060	27	18	12	0
6061	50	19	13	0
6062	45	19	13	0
6063	64	19	13	0
6064	64	19	13	0
6065	64	19	13	0
6089	27	11	6	0
6090	27	11	6	0
6091	56	12	7	0
6093	60	14	9	0
6094	64	14	9	0
6095	64	13	8	0
6096	36	14	9	0
6097	32	14	9	0
6098	32	16	10	0
6099	20	14	9	0
6100	32	16	10	0
6101	60	17	11	0
6102	44	14	9	0
6103	64	14	9	0
6104	36	12	7	0
6105	36	14	9	0
6106	18	14	9	0
6107	10	16	10	0
6108	56	17	11	0
6109	54	17	11	0
6110	32	16	10	0
6111	45	16	10	0
6112	48	14	9	0
6113	64	14	9	0
6114	64	14	9	0
6115	64	16	10	0
6116	64	16	10	0
6117	50	14	9	0
6118	36	14	9	0
6119	54	16	10	0
6120	64	16	10	0
6121	64	16	10	0
6122	54	14	9	0
6123	64	13	8	0
6124	48	12	7	0
6125	48	13	8	0
6126	64	13	8	0
6127	54	14	9	0
6128	64	13	8	0
6129	48	13	8	0
6130	40	12	7	0
6131	64	12	7	0
6132	36	11	6	0
6133	30	12	7	0
6134	32	12	7	0
6135	60	12	7	0
6136	60	12	7	0
6137	54	12	7	0
6138	64	11	6	0
6139	60	12	7	0
6140	40	11	6	0
6141	32	11	6	0
6142	25	12	7	0
6143	32	12	7	0
6144	36	12	7	0
6145	25	11	6	0
6146	54	12	7	0
6147	15	10	5	0
6148	40	11	6	0
6149	40	12	7	0
6150	54	14	9	0
6151	54	14	9	0
6152	40	14	9	0
6153	40	16	10	0
6154	50	17	11	0
6155	16	16	10	0
6156	60	18	12	0
6157	60	18	12	0
6158	52	18	12	0
6159	44	17	11	0
6160	60	17	11	0
6161	64	17	11	0
6162	64	17	11	0
6163	50	16	10	0
6164	44	16	10	0
6166	50	14	9	0
6167	40	14	9	0
6168	64	14	9	0
6169	64	14	9	0
6170	60	14	9	0
6171	64	13	8	0
6172	54	13	8	0
6173	64	14	9	0
6174	60	14	9	0
6175	64	14	9	0
6176	64	14	9	0
6177	40	13	8	0
6178	64	13	8	0
6179	64	13	8	0
6180	64	13	8	0
6181	54	12	7	0
6182	60	13	8	0
6183	50	12	7	0
6184	54	12	7	0
6185	30	11	6	0
6186	36	12	7	0
6187	36	12	7	0
6188	36	11	6	0
6189	30	11	6	0
6190	54	12	7	0
6191	45	12	7	0
6192	4	0	29	0
6193	36	11	6	0
6194	16	11	6	0
6195	40	13	8	0
6196	54	14	9	0
6197	2	8	4	0
6198	18	13	8	0
6199	54	14	9	0
6200	64	14	9	0
6201	40	11	6	0
6202	64	13	8	0
6203	64	14	9	0
6204	64	14	9	0
6205	54	13	8	0
6206	45	13	8	0
6207	54	14	9	0
6208	50	14	9	0
6209	48	13	8	0
6210	60	14	9	0
6211	64	13	8	0
6212	64	13	8	0
6213	60	12	7	0
6214	36	11	6	0
6215	60	14	9	0
6216	64	13	8	0
6217	40	13	8	0
6218	40	13	8	0
6219	54	13	8	0
6220	60	13	8	0
6221	64	13	8	0
6222	36	12	7	0
6223	50	14	9	0
6224	64	14	9	0
6225	40	13	8	0
6226	36	13	8	0
6227	32	14	9	0
6228	18	13	8	0
6229	12	12	7	0
6230	18	12	7	0
6231	50	14	9	0
6232	40	16	10	0
6233	32	16	10	0
6234	16	16	10	0
6235	40	17	11	0
6236	54	19	13	0
6237	16	19	13	0
6238	6	21	15	0
6239	2	20	14	0
6240	6	18	12	0
6241	9	19	13	0
6242	50	20	14	0
6243	6	19	13	0
6244	54	19	30	2
6245	20	19	13	0
6248	2	8	4	0
6249	1	11	6	0
6250	50	20	30	2
6251	30	17	11	0
6252	36	19	13	0
6253	20	19	30	2
6254	36	17	11	0
6255	25	16	10	0
6256	64	14	9	0
6257	60	17	11	0
6258	64	18	12	0
6259	32	17	11	0
6260	54	18	12	0
6261	50	20	14	0
6262	50	17	11	0
6263	48	19	13	0
6264	45	19	13	0
6265	50	19	13	0
6266	50	18	12	0
6267	16	18	12	0
6268	50	19	13	0
6269	50	20	30	2
6270	64	19	13	0
6271	48	19	30	2
6273	64	18	12	0
6274	64	19	13	0
6275	64	19	13	0
6276	64	20	14	0
6277	54	19	13	0
6278	60	19	13	0
6279	64	18	12	0
6280	64	18	12	0
6281	64	19	13	0
6282	64	19	13	0
6285	54	19	30	2
6286	60	17	11	0
6288	64	16	10	0
6289	64	19	30	2
6290	64	19	30	2
6291	64	14	9	0
6292	64	13	8	0
6293	36	12	7	0
6295	64	18	30	2
6296	15	10	5	0
6297	18	12	7	0
6298	64	13	8	0
6299	60	13	8	0
6300	64	13	8	0
6301	36	12	7	0
6302	64	14	9	0
6303	64	14	9	0
6304	32	13	8	0
6305	40	16	10	0
6306	48	17	11	0
6307	60	17	11	0
6308	64	16	10	0
6309	32	14	9	0
6310	40	14	9	0
6311	54	14	9	0
6312	40	13	8	0
6313	45	14	9	0
6314	64	16	10	0
6315	64	17	11	0
6316	64	16	10	0
6317	4	14	9	0
6318	48	17	11	0
6319	45	18	12	0
6320	36	17	11	0
6321	45	17	11	0
6322	64	18	12	0
6323	64	17	11	0
6324	64	16	10	0
6325	64	16	10	0
6326	64	16	10	0
6327	40	16	10	0
6328	45	17	11	0
6329	50	17	11	0
6330	48	18	12	0
6331	48	17	11	0
6332	56	17	11	0
6333	60	17	11	0
6334	64	16	10	0
6335	64	16	10	0
6336	64	17	11	0
6337	36	18	12	0
6338	54	18	12	0
6339	48	18	12	0
6340	64	19	13	0
6341	54	18	12	0
6342	60	18	12	0
6343	64	17	11	0
6346	54	18	30	2
6347	2	8	4	0
6349	54	18	30	2
6350	36	14	9	0
6351	40	13	8	0
6352	36	13	8	0
6353	8	14	9	0
6354	48	14	9	0
6355	24	13	8	0
6356	44	16	10	0
6357	20	14	9	0
6358	15	14	9	0
6359	4	16	10	0
6360	36	17	11	0
6361	36	18	12	0
6362	2	11	6	0
6363	36	16	10	0
6364	36	17	11	0
6365	36	17	11	0
6366	12	17	11	0
6367	32	18	12	0
6368	15	14	9	0
6369	60	17	11	0
6370	50	17	11	0
6371	64	18	12	0
6372	64	19	13	0
6373	54	19	13	0
6374	64	19	13	0
6375	64	18	12	0
6376	60	19	13	0
6377	50	19	13	0
6378	60	19	13	0
6379	40	18	12	0
6381	64	16	10	0
6385	50	19	30	2
6387	30	12	7	0
6388	50	14	9	0
6389	60	14	9	0
6390	64	13	8	0
6391	64	13	8	0
6392	48	13	8	0
6393	36	12	7	0
6394	60	13	8	0
6395	36	12	7	0
6396	36	14	9	0
6397	4	14	9	0
6398	36	14	9	0
6399	36	13	8	0
6400	12	12	7	0
6401	12	13	8	0
6402	36	16	10	0
6403	36	14	9	0
6404	36	16	10	0
6405	16	14	9	0
6406	6	12	7	0
6407	32	16	10	0
6408	40	16	10	0
6409	20	16	10	0
6410	36	17	11	0
6411	40	17	11	0
6412	40	17	11	0
6413	40	17	11	0
6414	36	16	10	0
6415	40	14	9	0
6416	36	14	9	0
6417	45	14	9	0
6418	64	14	9	0
6419	40	17	30	2
6420	40	17	30	2
6421	40	17	30	2
6422	64	12	7	0
6423	64	12	7	0
6424	60	12	7	0
6425	54	11	6	0
6426	64	11	6	0
6427	50	11	6	0
6428	40	8	4	0
6429	40	8	4	0
6430	36	8	4	0
6431	30	10	5	0
6432	25	8	4	0
6433	30	10	5	0
6434	20	10	5	0
6435	36	10	5	0
6436	40	10	5	0
6437	27	12	7	0
6438	40	13	8	0
6439	36	13	8	0
6440	4	14	9	0
6441	32	14	9	0
6442	4	17	11	0
6443	25	14	9	0
6444	16	14	9	0
6445	27	14	9	0
6446	54	16	10	0
6447	45	17	11	0
6448	8	17	11	0
6449	20	14	9	0
6450	6	16	10	0
6451	36	13	8	0
6452	8	14	9	0
6453	25	14	9	0
6454	20	14	9	0
6455	45	16	10	0
6456	64	17	11	0
6457	54	16	10	0
6499	64	18	12	0
6500	60	19	13	0
6501	54	17	11	0
6502	64	16	10	0
6503	54	14	9	0
6505	36	19	30	2
6507	50	14	9	0
6509	54	17	30	2
6510	64	12	7	0
6511	60	12	7	0
6512	64	12	7	0
6513	64	12	7	0
6514	64	12	7	0
6515	40	11	6	0
6516	32	12	7	0
6517	6	10	5	0
6518	36	11	6	0
6519	24	11	6	0
6520	64	12	7	0
6521	60	12	7	0
6522	60	13	8	0
6523	60	13	8	0
6524	36	12	7	0
6525	54	14	9	0
6526	36	16	10	0
6527	60	17	11	0
6528	64	18	12	0
6529	64	16	10	0
6530	54	14	9	0
6531	64	14	9	0
6532	64	14	9	0
6533	64	16	10	0
6534	64	16	10	0
6535	50	16	10	0
6536	64	16	10	0
6537	48	14	9	0
6538	50	14	9	0
6539	64	14	9	0
6540	64	14	9	0
6541	64	14	9	0
6542	64	14	9	0
6543	50	14	9	0
6544	64	16	10	0
6545	64	14	9	0
6546	50	14	9	0
6547	45	16	10	0
6548	64	16	10	0
6549	64	14	9	0
6550	64	14	9	0
6551	56	14	9	0
6552	64	14	9	0
6553	64	14	9	0
6554	64	14	9	0
6555	36	14	9	0
6556	36	16	10	0
6557	4	14	9	0
6558	36	14	9	0
6559	36	14	9	0
6560	40	16	10	0
6561	24	14	9	0
6562	64	16	10	0
6563	36	14	9	0
6564	36	16	10	0
6565	64	17	11	0
6566	24	14	9	0
6567	36	16	10	0
6568	64	18	12	0
6569	45	18	12	0
6570	60	19	13	0
6571	64	17	11	0
6572	64	18	12	0
6573	64	19	13	0
6574	64	18	12	0
6575	54	18	12	0
6576	64	19	13	0
6577	6	17	11	0
6579	5	16	10	0
6580	25	16	10	0
6582	64	16	10	0
6583	64	16	10	0
6585	15	14	9	0
6586	40	17	11	0
6587	36	17	11	0
6588	4	18	12	0
6589	45	19	13	0
6590	60	18	12	0
6591	48	17	11	0
6592	64	16	10	0
6593	64	16	10	0
6594	60	18	12	0
6595	64	18	12	0
6597	12	17	11	0
6598	64	17	11	0
6599	64	17	11	0
6600	64	17	11	0
6601	64	17	11	0
6602	64	16	10	0
6603	64	16	10	0
6604	54	16	10	0
6605	50	16	10	0
6606	64	16	10	0
6607	60	16	10	0
6608	64	16	10	0
6609	60	16	10	0
6610	64	16	10	0
6611	64	16	10	0
6612	64	16	10	0
6613	50	16	10	0
6614	12	17	11	0
6615	64	17	11	0
6616	64	17	11	0
6617	36	17	11	0
6618	64	17	11	0
6619	12	16	10	0
6620	64	17	11	0
6621	64	17	11	0
6622	28	17	11	0
6623	64	17	11	0
6624	64	17	11	0
6625	20	16	10	0
6626	60	18	12	0
6627	16	17	11	0
6628	64	17	11	0
6629	28	17	11	0
6630	64	17	11	0
6631	64	17	11	0
6632	64	17	11	0
6633	64	17	11	0
6634	64	18	12	0
6636	12	19	13	0
6637	16	18	12	0
6638	1	13	8	0
6639	1	13	8	0
6640	1	12	7	0
6641	1	12	7	0
6644	1	11	6	0
6645	4	17	11	0
6646	16	19	13	0
6647	32	17	11	0
6648	36	16	10	0
6650	36	14	9	0
6651	20	14	9	0
6652	40	16	10	0
6655	12	17	11	0
6656	16	18	12	0
6657	10	19	13	0
6658	12	18	12	0
6659	8	19	13	0
6660	64	19	13	0
6661	54	19	13	0
6662	50	17	11	0
6663	8	18	12	0
6664	64	18	12	0
6665	64	19	13	0
6666	64	19	13	0
6667	25	20	14	0
6668	64	19	13	0
6670	64	18	12	0
6671	16	18	12	0
6672	64	18	12	0
6673	60	18	12	0
6674	64	17	11	0
6677	50	16	10	0
6678	64	17	11	0
6679	15	16	10	0
6680	64	18	12	0
6681	64	18	12	0
6682	64	18	12	0
6683	36	17	11	0
6684	36	16	10	0
6685	36	16	10	0
6686	36	17	11	0
6687	1	11	6	0
6688	20	19	13	0
6690	28	17	11	0
6691	36	17	11	0
6692	18	18	12	0
6693	36	19	13	0
6694	36	20	14	0
6695	36	20	14	0
6696	40	21	15	0
6697	60	20	14	0
6698	64	19	13	0
6699	12	19	13	0
6700	36	20	14	0
6701	4	20	14	0
6702	36	21	15	0
6703	9	20	14	0
6704	40	21	30	2
6708	32	16	10	0
6710	36	14	9	0
6712	20	17	11	0
6713	50	16	10	0
6714	64	14	9	0
6715	64	14	9	0
6716	64	13	8	0
6717	60	14	9	0
6718	64	13	8	0
6719	54	14	9	0
6720	54	16	10	0
6721	64	17	11	0
6722	50	17	11	0
6723	64	16	10	0
6724	64	14	9	0
6725	50	13	8	0
6726	56	13	8	0
6727	36	13	8	0
6728	40	13	8	0
6729	40	14	9	0
6730	28	14	9	0
6731	40	14	9	0
6732	64	13	8	0
6733	64	13	8	0
6734	64	14	9	0
6735	40	14	9	0
6736	64	16	10	0
6737	45	17	11	0
6738	60	17	11	0
6739	64	18	12	0
6740	64	18	12	0
6741	64	17	11	0
6742	64	17	11	0
6743	56	16	10	0
6744	64	17	11	0
6745	64	16	10	0
6746	64	17	11	0
6747	50	17	11	0
6749	64	16	10	0
6750	64	14	9	0
6751	64	14	9	0
6752	54	16	10	0
6753	64	16	10	0
6754	64	16	10	0
6755	36	14	9	0
6756	32	16	10	0
6757	20	14	9	0
6758	20	14	9	0
6759	27	14	9	0
6760	27	14	9	0
6761	12	14	9	0
6762	16	16	10	0
6763	56	16	10	0
6764	50	16	10	0
6765	60	18	12	0
6766	48	18	12	0
6767	60	18	12	0
6768	52	19	13	0
6769	64	19	13	0
6770	64	19	13	0
6772	32	16	10	0
6773	36	16	10	0
6774	36	16	10	0
6775	36	16	10	0
6776	24	16	10	0
6779	52	14	9	0
6780	54	14	9	0
6781	56	17	11	0
6782	56	17	11	0
6783	56	18	12	0
6784	56	19	13	0
6785	64	19	30	2
6786	64	18	12	0
6787	60	17	11	0
6788	64	17	11	0
6789	50	16	10	0
6790	64	16	10	0
6791	64	16	10	0
6792	64	16	10	0
6793	54	16	10	0
6795	60	14	9	0
6796	64	14	9	0
6797	40	14	9	0
6798	64	16	10	0
6799	60	14	9	0
6800	64	14	9	0
6801	64	14	9	0
6802	64	14	9	0
6803	64	14	9	0
6804	64	14	9	0
6805	36	13	8	0
6806	32	13	8	0
6807	32	14	9	0
6808	36	14	9	0
6809	12	13	8	0
6810	64	14	9	0
6811	64	14	9	0
6812	64	14	9	0
6813	64	14	9	0
6814	40	16	10	0
6815	36	17	11	0
6816	30	17	11	0
6817	10	18	12	0
6818	64	19	13	0
6819	60	18	12	0
6820	64	17	11	0
6821	64	17	11	0
6822	36	16	10	0
6823	64	17	11	0
6824	64	18	12	0
6825	64	19	13	0
6827	18	18	12	0
6828	36	18	12	0
6830	27	14	9	0
6831	64	16	10	0
6832	64	16	10	0
6834	64	14	9	0
6835	60	14	9	0
6836	60	17	11	0
6837	36	17	11	0
6838	64	17	11	0
6839	64	17	11	0
6840	64	17	11	0
6841	64	16	10	0
6842	64	14	9	0
6843	64	14	9	0
6844	64	14	9	0
6845	36	14	9	0
6846	36	16	10	0
6847	32	16	10	0
6849	36	13	8	0
6850	40	13	8	0
6851	18	13	8	0
6852	20	13	8	0
6853	64	14	9	0
6854	64	16	10	0
6855	64	17	11	0
6856	64	18	12	0
6857	60	17	11	0
6858	64	18	12	0
6859	64	19	13	0
6860	64	19	13	0
6861	50	19	13	0
6862	50	18	12	0
6863	64	17	11	0
6864	64	16	10	0
6865	64	16	10	0
6866	64	16	10	0
6870	64	14	9	0
6871	64	14	9	0
6872	64	14	9	0
6873	64	14	9	0
6874	64	14	9	0
6875	64	19	30	2
6876	64	14	9	0
6877	36	14	9	0
6878	64	16	10	0
6879	64	16	10	0
6880	64	14	9	0
6881	64	14	9	0
6882	64	14	9	0
6883	50	14	9	0
6884	40	13	8	0
6885	12	12	7	0
6886	25	13	8	0
6887	25	14	9	0
6888	12	13	8	0
6889	8	14	9	0
6890	36	13	8	0
6891	36	14	9	0
6892	20	14	9	0
6893	20	16	10	0
6894	30	18	12	0
6895	25	18	12	0
6896	20	17	11	0
6897	6	18	12	0
6898	56	17	11	0
6899	60	19	13	0
6900	56	19	13	0
6901	50	19	13	0
6902	52	19	13	0
6903	64	20	14	0
6904	64	20	14	0
6905	64	20	14	0
6906	64	20	14	0
6907	60	19	13	0
6908	60	19	13	0
6909	50	19	30	2
6915	64	13	8	0
6916	64	13	8	0
6917	48	13	8	0
6918	64	13	8	0
6919	60	14	9	0
6920	40	13	8	0
6921	36	13	8	0
6922	40	13	8	0
6923	40	13	8	0
6924	40	13	8	0
6925	40	13	8	0
6926	36	14	9	0
6927	32	14	9	0
6928	36	14	9	0
6929	4	12	7	0
6930	5	13	8	0
6931	36	17	11	0
6932	64	17	11	0
6933	64	17	11	0
6934	64	17	11	0
6935	60	18	12	0
6936	64	18	12	0
6937	36	17	11	0
6938	40	17	11	0
6939	40	18	12	0
6940	36	18	12	0
6941	28	17	11	0
6942	16	16	10	0
6943	52	16	10	0
6945	45	14	9	0
6946	32	16	10	0
6947	36	17	11	0
6948	36	17	11	0
6949	24	17	11	0
6950	60	18	12	0
6951	60	19	13	0
6952	56	17	11	0
6953	64	17	11	0
6954	64	17	11	0
6955	45	18	12	0
6956	64	18	12	0
6957	48	19	13	0
6958	64	19	13	0
6960	56	17	11	0
6962	10	13	8	0
6963	10	13	8	0
6965	56	13	8	0
6967	60	14	9	0
6968	60	14	9	0
6969	64	13	8	0
6970	64	13	8	0
6971	64	14	9	0
6972	54	16	10	0
6973	64	16	10	0
6974	64	14	9	0
6975	54	14	9	0
6976	64	14	9	0
6977	40	13	8	0
6978	64	13	8	0
6979	64	13	8	0
6980	60	13	8	0
6981	60	14	9	0
6982	64	14	9	0
6983	60	14	9	0
6984	64	14	9	0
6985	32	14	9	0
6986	32	16	10	0
6987	36	14	9	0
6988	36	14	9	0
6989	36	14	9	0
6990	32	16	10	0
6991	64	16	10	0
6992	64	16	10	0
6993	56	14	9	0
6994	64	17	11	0
6995	40	17	11	0
6996	64	18	12	0
6997	60	19	13	0
6998	50	19	13	0
6999	64	19	13	0
7000	54	17	11	0
7001	64	17	11	0
7002	54	16	10	0
7003	36	16	10	0
7004	64	17	11	0
7006	56	14	9	0
7008	64	14	9	0
7011	64	13	8	0
7012	64	14	9	0
7013	64	14	9	0
7014	64	14	9	0
7015	64	19	30	2
7016	64	14	9	0
7017	60	14	9	0
7018	60	14	9	0
7019	64	14	9	0
7020	64	14	9	0
7021	56	14	9	0
7022	64	14	9	0
7023	54	14	9	0
7024	54	13	8	0
7025	54	13	8	0
7026	60	13	8	0
7027	20	13	8	0
7028	60	14	9	0
7029	64	13	8	0
7030	64	13	8	0
7031	60	13	8	0
7032	40	14	9	0
7033	64	14	9	0
7034	64	16	10	0
7035	36	14	9	0
7036	36	16	10	0
7037	2	12	7	0
7038	36	14	9	0
7039	36	14	9	0
7040	36	14	9	0
7041	15	16	10	0
7042	20	16	10	0
7043	64	16	10	0
7044	64	17	11	0
7045	36	17	11	0
7046	60	14	9	0
7047	50	17	11	0
7048	36	17	11	0
7049	20	17	11	0
7051	36	16	10	0
7052	36	14	9	0
7053	54	14	9	0
7054	64	16	10	0
7055	64	16	10	0
7056	60	14	9	0
7057	50	16	10	0
7058	50	17	11	0
7059	36	17	11	0
7060	36	18	12	0
7061	60	18	12	0
7062	64	18	12	0
7063	64	17	11	0
7064	64	16	10	0
7065	56	16	10	0
7066	60	16	10	0
7067	54	16	10	0
7068	60	18	12	0
7069	60	18	12	0
7070	54	18	12	0
7071	60	17	11	0
7072	60	16	10	0
7073	50	16	10	0
7074	50	16	10	0
7075	40	16	10	0
7076	54	16	10	0
7077	16	16	10	0
7078	64	17	11	0
7079	64	17	11	0
7080	64	17	11	0
7081	54	17	11	0
7082	64	18	12	0
7083	64	18	12	0
7084	64	19	13	0
7085	60	19	13	0
7086	60	19	13	0
7087	54	18	12	0
7088	64	17	11	0
7089	64	17	11	0
7091	60	16	10	0
7095	64	14	9	0
7096	64	14	9	0
7097	50	14	9	0
7098	64	14	9	0
7099	64	14	9	0
7100	64	16	10	0
7101	60	14	9	0
7102	52	14	9	0
7103	64	14	9	0
7104	64	14	9	0
7105	8	14	9	0
7106	32	16	10	0
7107	6	14	9	0
7108	32	16	10	0
7109	32	16	10	0
7110	36	14	9	0
7111	36	16	10	0
7112	27	16	10	0
7113	20	16	10	0
7114	64	14	9	0
7115	64	17	11	0
7116	64	14	9	0
7117	60	17	11	0
7118	64	18	12	0
7119	64	19	13	0
7120	28	19	13	0
7121	64	19	13	0
7122	64	19	13	0
7123	64	18	12	0
7124	64	17	11	0
7125	60	17	11	0
7126	64	17	11	0
7131	64	14	9	0
7132	44	14	9	0
7133	64	14	9	0
7135	64	19	30	2
7136	36	14	9	0
7137	25	14	9	0
7138	16	14	9	0
7139	27	14	9	0
7140	24	14	9	0
7141	64	16	10	0
7142	28	14	9	0
7143	64	14	9	0
7144	64	14	9	0
7145	64	16	10	0
7146	64	17	11	0
7147	60	16	10	0
7148	64	14	9	0
7149	64	14	9	0
7150	64	14	9	0
7151	28	14	9	0
7152	64	14	9	0
7153	64	14	9	0
7154	64	14	9	0
7155	64	14	9	0
7156	64	14	9	0
7157	12	14	9	0
7158	64	14	9	0
7159	64	14	9	0
7160	64	14	9	0
7161	60	17	11	0
7162	44	16	10	0
7163	64	16	10	0
7164	64	16	10	0
7165	32	16	10	0
7166	36	16	10	0
7167	36	16	10	0
7168	36	16	10	0
7170	16	14	9	0
7171	2	12	7	0
7172	20	14	9	0
7173	32	14	9	0
7174	18	14	9	0
7175	30	17	11	0
7176	50	18	12	0
7177	10	18	12	0
7178	10	16	10	0
7179	40	18	12	0
7180	36	17	11	0
7181	12	16	10	0
7182	5	16	10	0
7183	50	19	13	0
7184	64	19	13	0
7185	64	19	13	0
7186	64	19	13	0
7187	12	20	14	0
7188	64	20	14	0
7189	64	20	14	0
7190	64	19	13	0
7191	64	20	14	0
7194	64	17	11	0
7195	64	17	11	0
7196	60	17	11	0
7198	64	16	10	0
7199	64	16	10	0
7200	64	14	9	0
7201	64	16	10	0
7202	64	14	9	0
7203	64	14	9	0
7204	64	14	9	0
7205	64	20	30	2
7206	60	14	9	0
7207	60	14	9	0
7208	64	14	9	0
7209	64	14	9	0
7210	64	14	9	0
7211	64	14	9	0
7212	50	14	9	0
7213	64	14	9	0
7214	64	14	9	0
7215	64	16	10	0
7216	64	16	10	0
7217	40	16	10	0
7218	64	16	10	0
7219	64	16	10	0
7220	64	16	10	0
7221	28	16	10	0
7222	36	16	10	0
7223	36	16	10	0
7224	36	16	10	0
7225	36	16	10	0
7226	10	16	10	0
7227	40	16	10	0
7228	64	16	10	0
7229	36	16	10	0
7230	36	17	11	0
7231	36	18	12	0
7232	36	19	13	0
7233	36	19	13	0
7234	40	20	14	0
7235	36	20	14	0
7236	50	19	13	0
7237	40	19	13	0
7238	64	19	13	0
7239	64	19	13	0
7240	64	20	14	0
7241	64	20	14	0
7242	50	20	14	0
7243	64	21	15	0
7244	64	21	15	0
7245	64	20	14	0
7246	64	19	13	0
7247	60	19	13	0
7250	24	16	10	0
7255	56	14	9	0
7256	64	14	9	0
7257	50	13	8	0
7258	50	13	8	0
7259	64	14	9	0
7260	64	14	9	0
7261	60	14	9	0
7262	60	14	9	0
7263	54	13	8	0
7264	64	14	9	0
7265	16	14	9	0
7266	16	14	9	0
7267	3	13	8	0
7268	12	14	9	0
7269	64	14	9	0
7270	64	14	9	0
7271	60	14	9	0
7272	64	16	10	0
7273	36	16	10	0
7274	25	16	10	0
7275	5	14	9	0
7276	60	19	13	0
7277	60	17	11	0
7278	64	17	11	0
7279	64	17	11	0
7280	64	17	11	0
7281	64	17	11	0
7282	64	19	13	0
7283	60	19	13	0
7284	64	20	14	0
7285	64	19	13	0
7286	50	19	13	0
7287	60	19	13	0
7288	64	18	12	0
7289	64	18	12	0
7290	64	17	11	0
7291	64	17	11	0
7292	64	18	12	0
7293	64	18	12	0
7294	64	18	12	0
7295	64	19	13	0
7296	64	18	12	0
7297	12	18	12	0
7298	50	18	12	0
7299	16	18	12	0
7300	50	17	11	0
7301	24	18	12	0
7302	64	18	12	0
7303	64	18	12	0
7304	64	18	12	0
7305	32	18	12	0
7306	36	17	11	0
7307	36	19	13	0
7308	36	18	12	0
7309	36	19	13	0
7310	36	18	12	0
7311	36	18	12	0
7312	36	18	12	0
7313	36	18	12	0
7314	36	19	13	0
7315	36	19	13	0
7316	36	20	14	0
7317	4	21	15	0
7318	36	22	16	0
7319	5	21	15	0
7320	24	22	16	0
7321	64	22	16	0
7322	64	22	16	0
7323	60	23	17	0
7324	64	22	16	0
7326	64	20	14	0
7327	5	21	30	2
7333	64	16	10	0
7334	64	14	9	0
7335	60	14	9	0
7336	40	13	8	0
7337	54	14	9	0
7338	64	13	8	0
7339	64	13	8	0
7340	64	13	8	0
7341	12	13	8	0
7342	64	13	8	0
7343	60	14	9	0
7344	64	14	9	0
7345	20	17	11	0
7346	64	16	10	0
7347	12	14	9	0
7348	64	14	9	0
7349	64	14	9	0
7350	60	14	9	0
7351	64	13	8	0
7352	64	14	9	0
7353	44	16	10	0
7354	8	16	10	0
7355	20	16	10	0
7356	8	14	9	0
7357	8	16	10	0
7358	16	16	10	0
7359	16	16	10	0
7360	16	16	10	0
7361	16	16	10	0
7362	27	17	11	0
7363	64	16	10	0
7364	36	17	11	0
7365	40	16	10	0
7366	36	16	10	0
7367	32	16	10	0
7368	36	16	10	0
7369	64	16	10	0
7370	64	16	10	0
7371	64	18	12	0
7372	60	18	12	0
7373	64	19	13	0
7374	64	19	13	0
7375	64	20	14	0
7376	64	20	14	0
7377	12	20	14	0
7378	64	19	13	0
7379	64	19	13	0
7380	64	19	13	0
7381	64	18	12	0
7382	64	18	12	0
7383	64	18	12	0
7384	64	18	12	0
7385	18	17	11	0
7386	12	17	11	0
7387	27	17	11	0
7388	32	17	11	0
7389	5	16	10	0
7390	40	17	11	0
7391	64	17	11	0
7392	12	17	11	0
7393	64	17	11	0
7394	36	19	13	0
7395	64	18	12	0
7396	64	19	13	0
7397	8	19	13	0
7398	64	20	14	0
7399	64	19	13	0
7400	12	19	13	0
7401	16	18	12	0
7402	16	17	11	0
7403	16	19	13	0
7409	27	14	9	0
7410	25	16	10	0
7412	48	14	9	0
7413	50	14	9	0
7414	36	14	9	0
7415	64	19	30	2
7416	16	13	8	0
7417	18	13	8	0
7418	20	16	10	0
7419	24	17	11	0
7420	4	16	10	0
7421	12	17	11	0
7422	40	18	12	0
7423	24	17	11	0
7424	40	16	10	0
7425	27	16	10	0
7426	45	18	12	0
7427	54	19	13	0
7428	36	19	13	0
7430	64	17	11	0
7431	64	17	11	0
7432	60	19	13	0
7433	64	19	13	0
7434	64	19	13	0
7435	54	19	30	2
7436	64	18	12	0
7437	36	18	12	0
7438	64	17	11	0
7439	64	17	11	0
7443	36	14	9	0
7445	36	12	7	0
7446	36	14	9	0
7447	36	14	9	0
7448	64	14	9	0
7449	64	14	9	0
7450	60	14	9	0
7451	64	13	8	0
7452	64	16	10	0
7453	36	14	9	0
7454	36	16	10	0
7455	64	17	11	0
7456	64	18	12	0
7457	45	17	11	0
7458	60	17	11	0
7459	64	16	10	0
7460	64	16	10	0
7461	18	14	9	0
7462	50	16	10	0
7463	64	18	12	0
7464	64	17	11	0
7465	54	16	10	0
7466	64	17	11	0
7467	60	16	10	0
7468	64	16	10	0
7469	64	16	10	0
7470	64	17	11	0
7471	64	17	11	0
7472	64	17	11	0
7473	52	16	10	0
7474	64	16	10	0
7475	64	16	10	0
7476	64	16	10	0
7477	8	14	9	0
7478	64	16	10	0
7479	64	16	10	0
7480	64	16	10	0
7481	64	16	10	0
7482	64	16	10	0
7483	64	16	10	0
7484	64	16	10	0
7485	64	16	10	0
7486	64	16	10	0
7487	60	16	10	0
7488	64	16	10	0
7489	64	16	10	0
7490	64	16	10	0
7491	64	16	10	0
7492	64	16	10	0
7493	64	16	10	0
7494	64	16	10	0
7495	64	16	10	0
7496	64	16	10	0
7497	8	16	10	0
7498	64	16	10	0
7499	64	16	10	0
7500	64	16	10	0
7501	56	16	10	0
7502	48	16	10	0
7503	64	16	10	0
7504	64	16	10	0
7505	36	16	10	0
7506	32	16	10	0
7507	32	16	10	0
7508	32	16	10	0
7509	32	16	10	0
7510	36	16	10	0
7511	36	17	11	0
7512	36	17	11	0
7513	36	17	11	0
7514	52	18	12	0
7515	64	19	13	0
7516	64	19	13	0
7517	45	19	13	0
7518	64	20	14	0
7519	64	21	15	0
7520	64	21	15	0
7521	64	21	15	0
7522	50	21	15	0
7525	60	18	12	0
7531	64	14	9	0
7532	64	14	9	0
7533	64	14	9	0
7534	64	14	9	0
7535	64	21	30	2
7536	64	14	9	0
7537	36	14	9	0
7538	60	14	9	0
7539	64	14	9	0
7540	64	14	9	0
7541	50	14	9	0
7542	44	14	9	0
7543	50	14	9	0
7544	50	14	9	0
7545	48	14	9	0
7546	40	16	10	0
7547	40	16	10	0
7548	50	16	10	0
7549	50	14	9	0
7550	50	16	10	0
7551	36	17	11	0
7552	36	17	11	0
7553	36	18	12	0
7554	60	18	12	0
7555	4	18	12	0
7556	40	19	13	0
7557	4	18	12	0
7558	64	19	13	0
7559	64	19	13	0
7560	16	19	13	0
7561	64	19	13	0
7562	64	20	14	0
7563	64	19	13	0
7564	64	18	12	0
7566	64	16	10	0
7568	64	16	10	0
7570	64	14	9	0
7571	64	14	9	0
7572	64	14	9	0
7573	64	14	9	0
7574	64	13	8	0
7575	64	19	30	2
7576	54	13	8	0
7577	30	14	9	0
7578	64	14	9	0
7579	64	14	9	0
7580	64	14	9	0
7581	44	14	9	0
7582	20	14	9	0
7583	64	14	9	0
7584	64	14	9	0
7585	64	16	10	0
7586	64	17	11	0
7587	60	17	11	0
7588	64	16	10	0
7589	64	16	10	0
7590	64	17	11	0
7591	50	17	11	0
7592	12	16	10	0
7593	12	16	10	0
7594	54	16	10	0
7595	24	16	10	0
7596	12	14	9	0
7597	20	14	9	0
7598	54	16	10	0
7599	54	16	10	0
7600	36	17	11	0
7601	40	16	10	0
7602	40	16	10	0
7603	6	16	10	0
7604	32	17	11	0
7605	32	16	10	0
7606	36	18	12	0
7607	36	18	12	0
7608	24	18	12	0
7609	64	19	13	0
7610	64	19	13	0
7611	64	19	13	0
7612	45	17	11	0
7613	64	18	12	0
7614	64	19	13	0
7615	64	19	13	0
7616	64	19	13	0
7620	54	16	10	0
7621	64	17	11	0
7625	64	19	30	2
7626	64	14	9	0
7627	40	14	9	0
7628	64	14	9	0
7629	64	14	9	0
7630	64	14	9	0
7631	64	14	9	0
7632	64	14	9	0
7633	56	14	9	0
7634	64	14	9	0
7635	56	14	9	0
7636	64	16	10	0
7637	60	14	9	0
7638	64	14	9	0
7639	64	14	9	0
7640	54	14	9	0
7641	64	14	9	0
7642	64	14	9	0
7643	64	14	9	0
7644	64	14	9	0
7645	64	14	9	0
7646	64	14	9	0
7647	50	14	9	0
7648	50	14	9	0
7649	50	14	9	0
7650	50	14	9	0
7651	50	14	9	0
7652	50	14	9	0
7653	24	13	8	0
7654	50	14	9	0
7655	24	14	9	0
7656	36	14	9	0
7657	36	16	10	0
7658	36	17	11	0
7659	36	17	11	0
7660	15	17	11	0
7661	28	18	12	0
7662	50	19	13	0
7663	24	19	13	0
7664	64	19	13	0
7665	56	19	13	0
7666	64	19	13	0
7667	60	19	13	0
7668	64	20	14	0
7669	64	20	14	0
7670	50	19	30	2
7671	54	19	13	0
7673	52	17	11	0
7676	64	14	9	0
7677	50	14	9	0
7678	64	14	9	0
7679	36	13	8	0
7680	36	14	9	0
7681	36	14	9	0
7682	36	14	9	0
7683	36	14	9	0
7684	36	13	8	0
7685	15	12	7	0
7686	54	14	9	0
7687	24	13	8	0
7688	64	16	10	0
7689	64	16	10	0
7690	64	17	11	0
7691	60	18	12	0
7692	64	17	11	0
7693	64	18	12	0
7694	64	19	13	0
7695	64	18	12	0
7696	60	19	13	0
7697	60	17	11	0
7698	60	17	11	0
7700	64	14	9	0
7701	28	14	9	0
7705	4	0	29	0
7706	64	12	7	0
7707	45	12	7	0
7708	64	13	8	0
7709	64	13	8	0
7710	64	13	8	0
7711	64	13	8	0
7712	64	13	8	0
7713	64	13	8	0
7714	64	12	7	0
7715	36	11	6	0
7716	30	13	8	0
7717	4	12	7	0
7718	5	8	4	0
7719	64	12	7	0
7720	64	12	7	0
7721	64	12	7	0
7722	60	12	7	0
7723	54	11	6	0
7724	40	11	6	0
7725	50	13	8	0
7726	64	11	6	0
7727	60	13	8	0
7728	64	12	7	0
7729	64	12	7	0
7730	64	11	6	0
7731	48	10	5	0
7732	64	11	6	0
7733	64	12	7	0
7734	64	11	6	0
7735	64	12	7	0
7736	64	12	7	0
7737	44	12	7	0
7738	64	12	7	0
7739	64	12	7	0
7740	64	14	9	0
7741	60	14	9	0
7742	64	13	8	0
7743	60	14	9	0
7744	64	13	8	0
7745	36	12	7	0
7746	48	14	9	0
7747	30	13	8	0
7748	64	14	9	0
7749	64	14	9	0
7750	60	14	9	0
7751	60	14	9	0
7752	64	14	9	0
7753	18	13	8	0
7754	40	14	9	0
7755	32	16	10	0
7756	16	16	10	0
7757	50	16	10	0
7758	64	16	10	0
7759	64	16	10	0
7760	64	16	10	0
7761	27	14	9	0
7762	40	16	10	0
7763	36	17	11	0
7764	27	17	11	0
7765	20	17	11	0
7766	64	17	11	0
7767	50	16	10	0
7769	20	13	8	0
7770	15	14	9	0
7771	50	17	11	0
7772	60	18	12	0
7773	50	18	12	0
7774	60	18	12	0
7775	60	17	11	0
7776	60	17	11	0
7777	40	16	10	0
7778	60	18	12	0
7779	60	19	13	0
7780	60	18	12	0
7781	56	17	11	0
7782	60	18	12	0
7783	64	18	12	0
7784	64	17	11	0
7785	64	17	11	0
7786	64	18	12	0
7787	54	18	12	0
7788	64	17	11	0
7789	64	17	11	0
7791	64	17	11	0
7792	60	17	11	0
7793	64	16	10	0
7794	64	16	10	0
7795	64	16	10	0
7796	64	16	10	0
7797	16	16	10	0
7798	64	16	10	0
7799	60	17	11	0
7800	64	17	11	0
7801	64	17	11	0
7802	64	17	11	0
7803	64	16	10	0
7804	64	16	10	0
7805	36	16	10	0
7806	36	17	11	0
7807	36	17	11	0
7808	36	17	11	0
7809	36	17	11	0
7810	54	16	10	0
7811	54	16	10	0
7812	64	17	11	0
7813	64	17	11	0
7814	36	18	12	0
7815	64	19	13	0
7816	64	20	14	0
7817	36	17	30	2
7818	64	19	13	0
7819	54	16	30	2
7820	60	18	12	0
7821	64	17	11	0
7822	64	17	11	0
7823	64	18	12	0
7825	50	16	10	0
7827	50	14	9	0
7830	64	13	8	0
7831	64	13	8	0
7832	60	14	9	0
7833	64	13	8	0
7834	64	14	9	0
7835	64	14	9	0
7836	64	14	9	0
7837	36	14	9	0
7838	64	14	9	0
7839	64	14	9	0
7840	64	14	9	0
7841	64	14	9	0
7842	64	14	9	0
7863	36	14	9	0
7864	64	16	10	0
7865	54	17	11	0
7866	64	18	12	0
7867	48	19	13	0
7868	36	19	13	0
7869	36	19	13	0
7870	36	19	13	0
7871	36	19	13	0
7872	36	19	13	0
7873	5	17	11	0
7875	60	17	11	0
7876	54	18	12	0
7877	60	19	13	0
7878	64	19	13	0
7879	64	20	14	0
7880	64	20	14	0
7882	64	19	13	0
7883	60	19	13	0
7884	54	18	30	2
7885	64	17	11	0
7886	64	17	11	0
7887	60	17	11	0
7889	64	16	10	0
7890	48	16	10	0
7892	64	16	10	0
7893	64	14	9	0
7894	64	14	9	0
7895	64	14	9	0
7896	64	14	9	0
7897	40	14	9	0
7898	64	14	9	0
7899	64	16	10	0
7900	64	16	10	0
7901	64	16	10	0
7902	64	16	10	0
7903	64	16	10	0
7904	64	16	10	0
7905	64	16	10	0
7906	64	16	10	0
7907	30	16	10	0
7908	64	16	10	0
7909	64	16	10	0
7910	64	16	10	0
7911	64	16	10	0
7912	64	16	10	0
7913	64	16	10	0
7914	64	16	10	0
7915	64	16	10	0
7916	64	18	12	0
7917	54	17	11	0
7918	64	17	11	0
7919	64	17	11	0
7920	60	17	11	0
7921	60	17	11	0
7922	60	17	11	0
7923	60	17	11	0
7924	64	16	10	0
7925	6	14	9	0
7926	20	16	10	0
7928	32	16	10	0
7929	40	16	10	0
7930	32	16	10	0
7931	32	16	10	0
7932	36	16	10	0
7933	15	14	9	0
7934	50	18	12	0
7935	64	17	30	2
7936	64	19	13	0
7937	30	19	13	0
7938	64	20	14	0
7939	64	20	14	0
7940	64	20	14	0
7941	64	21	15	0
7942	64	21	15	0
7943	64	20	14	0
7945	64	18	12	0
7952	60	14	9	0
7953	60	14	9	0
7954	54	14	9	0
7955	64	20	30	2
7956	60	14	9	0
7957	27	13	8	0
7958	60	14	9	0
7959	60	14	9	0
7960	45	13	8	0
7961	54	14	9	0
7962	54	14	9	0
7963	24	14	9	0
7964	50	14	9	0
7965	50	14	9	0
7966	36	16	10	0
7967	8	16	10	0
7968	36	14	9	0
7969	36	16	10	0
7970	40	16	10	0
7971	32	16	10	0
7972	40	16	10	0
7973	50	16	10	0
7974	64	17	11	0
7975	60	18	12	0
7976	52	17	11	0
7977	16	18	12	0
7978	36	18	12	0
7979	36	19	13	0
7980	36	19	13	0
7981	36	19	13	0
7982	36	18	12	0
7983	36	17	11	0
7984	32	17	11	0
7986	36	14	9	0
7987	30	17	11	0
7988	64	18	12	0
7989	60	19	13	0
7990	60	19	13	0
7991	56	19	13	0
7992	64	19	13	0
7993	64	19	13	0
7994	64	18	12	0
7995	64	18	12	0
7997	45	17	11	0
7998	64	16	10	0
7999	36	16	10	0
8000	36	16	10	0
8002	32	16	10	0
8003	36	14	9	0
8004	60	14	9	0
8005	54	14	9	0
8006	60	16	10	0
8007	40	16	10	0
8008	64	17	11	0
8009	64	18	12	0
8010	64	17	11	0
8011	36	18	12	0
8012	60	19	13	0
8013	60	18	12	0
8014	64	17	11	0
8015	48	16	10	0
8016	64	17	11	0
8017	50	16	10	0
8018	64	16	10	0
8019	64	16	10	0
8023	64	13	8	0
8024	64	13	8	0
8025	64	13	8	0
8026	64	13	8	0
8027	54	12	7	0
8028	64	12	7	0
8029	60	12	7	0
8030	60	12	7	0
8031	60	12	7	0
8032	64	11	6	0
8033	64	11	6	0
8034	64	11	6	0
8035	64	11	6	0
8036	60	11	6	0
8037	45	10	5	0
8038	64	10	5	0
8039	64	11	6	0
8040	64	11	6	0
8041	64	11	6	0
8042	64	11	6	0
8043	64	11	6	0
8044	64	11	6	0
8045	36	10	5	0
8046	36	11	6	0
8047	36	11	6	0
8048	36	11	6	0
8049	36	11	6	0
8050	40	11	6	0
8051	36	11	6	0
8052	36	11	6	0
8053	60	13	8	0
8054	36	13	8	0
8055	64	14	9	0
8056	36	14	9	0
8057	32	16	10	0
8058	60	18	12	0
8059	36	17	11	0
8060	36	17	11	0
8061	45	18	12	0
8062	64	17	11	0
8063	64	18	12	0
8064	64	17	11	0
8065	64	17	11	0
8066	64	17	11	0
8067	54	16	10	0
8068	60	17	11	0
8069	64	17	11	0
8070	64	17	11	0
8071	64	17	11	0
8073	64	14	9	0
8074	64	14	9	0
8075	64	14	9	0
8076	64	14	9	0
8077	36	14	9	0
8078	64	14	9	0
8079	64	14	9	0
8080	64	14	9	0
8081	64	14	9	0
8082	64	14	9	0
8083	64	16	10	0
8084	64	16	10	0
8085	30	14	9	0
8086	40	14	9	0
8087	1	11	6	0
8088	36	14	9	0
8089	36	14	9	0
8090	32	14	9	0
8091	64	16	10	0
8092	64	16	10	0
8093	54	16	10	0
8094	64	17	11	0
8095	64	18	12	0
8096	60	17	11	0
8097	50	18	12	0
8098	45	18	12	0
8099	64	18	12	0
8100	64	18	12	0
8101	64	17	11	0
8102	64	17	11	0
8103	64	17	11	0
8104	64	17	11	0
8105	54	17	11	0
8106	64	17	11	0
8107	60	19	13	0
8108	50	18	12	0
8109	60	18	12	0
8110	64	17	11	0
8111	64	17	11	0
8112	64	17	11	0
8113	64	17	11	0
8114	64	17	11	0
8116	50	17	11	0
8117	50	18	12	0
8139	40	18	12	0
8140	27	19	13	0
8141	36	20	14	0
8142	64	21	15	0
8143	36	19	13	0
8144	36	20	14	0
8145	6	17	30	2
8146	64	19	13	0
8147	60	19	13	0
8148	50	19	13	0
8149	36	20	30	2
8151	40	19	13	0
8152	36	19	13	0
8153	36	19	13	0
8156	50	19	30	2
8157	9	16	10	0
8158	12	16	10	0
8159	36	16	10	0
8160	36	17	11	0
8161	36	19	13	0
8162	40	19	13	0
8163	36	18	12	0
8164	36	17	11	0
8165	40	17	11	0
8166	12	19	13	0
8167	36	19	13	0
8168	16	19	13	0
8169	12	19	13	0
8170	36	19	13	0
8171	16	20	14	0
8172	16	20	14	0
8173	16	20	14	0
8174	16	20	14	0
8175	36	19	30	2
8177	32	19	30	2
8178	36	16	10	0
8183	36	12	7	0
8184	40	12	7	0
8185	36	12	7	0
8186	60	12	7	0
8187	60	14	9	0
8188	64	13	8	0
8189	24	13	8	0
8190	20	12	7	0
8191	36	12	7	0
8192	16	14	9	0
8193	16	16	10	0
8194	36	17	11	0
8195	64	16	10	0
8196	64	16	10	0
8197	50	14	9	0
8198	40	14	9	0
8199	40	14	9	0
8200	40	16	10	0
8201	15	14	9	0
8202	54	14	9	0
8203	64	16	10	0
8204	64	16	10	0
8205	64	14	9	0
8206	36	14	9	0
8207	60	16	10	0
8208	64	17	11	0
8209	64	17	11	0
8210	64	18	12	0
8211	60	18	12	0
8212	64	17	11	0
8213	64	16	10	0
8214	64	16	10	0
8216	64	14	9	0
8217	36	14	9	0
8218	64	14	9	0
8219	64	14	9	0
8220	64	14	9	0
8221	64	14	9	0
8222	64	14	9	0
8223	60	14	9	0
8224	60	14	9	0
8225	50	13	8	0
8226	64	13	8	0
8228	60	13	8	0
8229	64	12	7	0
8230	64	12	7	0
8231	64	13	8	0
8232	64	13	8	0
8233	64	13	8	0
8234	64	13	8	0
8235	64	14	30	2
8236	36	12	7	0
8237	36	13	8	0
8238	36	13	8	0
8239	36	13	8	0
8240	36	13	8	0
8241	36	13	8	0
8242	36	13	8	0
8243	40	13	8	0
8244	36	13	8	0
8245	40	14	9	0
8246	32	16	10	0
8247	32	17	11	0
8248	20	17	11	0
8249	27	18	12	0
8250	48	18	12	0
8251	64	19	13	0
8252	64	19	13	0
8253	64	19	13	0
8254	36	19	13	0
8255	64	19	13	0
8256	54	19	13	0
8257	60	19	13	0
8258	50	19	13	0
8259	64	19	13	0
8260	64	18	12	0
8262	40	16	10	0
8285	64	14	9	0
8286	50	14	9	0
8287	9	14	9	0
8288	64	14	9	0
8289	64	14	9	0
8290	64	14	9	0
8291	64	16	10	0
8292	64	16	10	0
8293	64	16	10	0
8294	64	16	10	0
8295	36	16	10	0
8296	36	18	12	0
8297	8	17	11	0
8298	36	17	11	0
8299	36	16	10	0
8300	36	16	10	0
8301	36	16	10	0
8302	36	16	10	0
8303	16	16	10	0
8304	27	17	11	0
8305	27	18	12	0
8306	64	19	13	0
8307	60	19	13	0
8308	45	20	14	0
8309	64	20	14	0
8310	64	19	13	0
8311	64	20	14	0
8312	64	19	13	0
8313	64	19	13	0
8315	60	19	13	0
8316	40	17	11	0
8318	36	17	11	0
8322	40	14	9	0
8324	50	13	8	0
8325	64	20	30	2
8326	50	14	9	0
8327	54	16	10	0
8328	64	16	10	0
8329	64	14	9	0
8330	48	14	9	0
8331	60	14	9	0
8332	64	14	9	0
8333	64	16	10	0
8334	64	14	9	0
8335	54	14	9	0
8336	64	14	9	0
8337	48	14	9	0
8338	60	14	9	0
8339	64	14	9	0
8340	64	14	9	0
8341	50	14	9	0
8342	64	14	9	0
8343	64	14	9	0
8344	64	14	9	0
8345	64	14	9	0
8346	36	14	9	0
8347	50	16	10	0
8348	64	16	10	0
8349	64	14	9	0
8350	64	14	9	0
8351	64	14	9	0
8352	64	14	9	0
8353	64	14	9	0
8354	64	14	9	0
8355	64	16	10	0
8356	64	16	10	0
8357	45	16	10	0
8358	64	16	10	0
8359	64	16	10	0
8360	64	16	10	0
8361	64	14	9	0
8362	64	14	9	0
8363	64	14	9	0
8364	64	14	9	0
8365	40	14	9	0
8366	24	16	10	0
8367	32	16	10	0
8368	40	16	10	0
8369	40	16	10	0
8370	40	16	10	0
8371	40	16	10	0
8372	40	16	10	0
8373	40	16	10	0
8374	36	17	11	0
8375	18	17	11	0
8376	64	19	13	0
8377	24	19	13	0
8378	36	19	13	0
8379	36	19	13	0
8380	36	19	13	0
8381	36	19	13	0
8382	36	19	13	0
8383	4	18	12	0
8384	64	19	30	2
8385	16	19	13	0
8386	16	19	13	0
8387	8	19	13	0
8388	16	19	13	0
8389	36	19	30	2
8390	64	19	13	0
8391	64	20	14	0
8392	44	20	14	0
8396	52	14	9	0
8397	44	14	9	0
8399	60	14	9	0
8400	60	14	9	0
8401	64	14	9	0
8402	64	14	9	0
8403	60	14	9	0
8404	64	13	8	0
8405	64	13	8	0
8406	64	14	9	0
8407	44	14	9	0
8408	52	14	9	0
8409	64	14	9	0
8410	64	14	9	0
8411	64	14	9	0
8412	64	14	9	0
8413	64	14	9	0
8414	64	14	9	0
8415	54	14	9	0
8416	64	16	10	0
8417	48	16	10	0
8418	64	16	10	0
8419	64	16	10	0
8420	64	16	10	0
8421	64	16	10	0
8422	64	16	10	0
8423	64	14	9	0
8424	64	14	9	0
8425	45	14	9	0
8426	40	16	10	0
8427	36	16	10	0
8428	40	16	10	0
8429	40	16	10	0
8430	40	16	10	0
8431	40	16	10	0
8432	40	16	10	0
8433	40	16	10	0
8434	40	17	11	0
8435	4	18	12	0
8436	64	19	13	0
8437	48	19	13	0
8438	64	19	13	0
8439	64	19	13	0
8440	64	20	14	0
8441	64	20	14	0
8442	64	20	14	0
8445	6	16	10	0
8448	28	16	10	0
8450	40	14	9	0
8451	9	13	8	0
8452	64	14	9	0
8453	64	14	9	0
8454	64	17	11	0
8455	64	19	30	2
8456	64	16	10	0
8457	54	17	11	0
8458	64	17	11	0
8459	12	17	11	0
8460	64	19	13	0
8461	64	18	12	0
8462	64	17	11	0
8463	64	17	11	0
8464	64	16	10	0
8465	60	16	10	0
8466	64	16	10	0
8467	12	16	10	0
8469	64	14	9	0
8470	64	14	9	0
8471	64	14	9	0
8472	64	14	9	0
8473	64	14	9	0
8474	64	16	10	0
8475	64	16	10	0
8476	8	14	9	0
8477	60	14	9	0
8478	64	14	9	0
8479	64	14	9	0
8480	64	14	9	0
8481	12	14	9	0
8482	64	14	9	0
8483	64	16	10	0
8484	20	14	9	0
8485	54	14	9	0
8486	64	16	10	0
8487	54	16	10	0
8488	64	16	10	0
8489	64	16	10	0
8514	40	13	8	0
8515	60	19	30	2
8516	40	13	8	0
8517	5	13	8	0
8518	40	13	8	0
8519	64	13	8	0
8520	64	13	8	0
8521	6	12	7	0
8522	40	13	8	0
8523	60	14	9	0
8524	45	14	9	0
8525	20	16	10	0
8526	56	14	9	0
8527	60	16	10	0
8528	64	16	10	0
8529	24	14	9	0
8530	64	17	11	0
8531	64	17	11	0
8532	64	16	10	0
8533	64	17	11	0
8534	56	18	12	0
8535	64	18	12	0
8536	64	17	11	0
8537	50	16	10	0
8538	60	18	12	0
8539	64	16	10	0
8540	64	16	10	0
8541	64	16	10	0
8542	64	16	10	0
8544	64	14	9	0
8545	64	14	9	0
8546	54	14	9	0
8547	16	14	9	0
8548	64	14	9	0
8549	64	14	9	0
8550	64	14	9	0
8551	64	14	9	0
8552	64	14	9	0
8553	64	14	9	0
8554	64	14	9	0
8555	2	11	6	0
8556	45	16	10	0
8557	4	14	9	0
8558	45	16	10	0
8559	45	16	10	0
8560	36	16	10	0
8561	4	14	9	0
8562	4	14	9	0
8563	60	14	9	0
8564	60	14	9	0
8565	64	14	9	0
8566	64	14	9	0
8567	45	16	10	0
8568	36	17	11	0
8569	40	18	12	0
8570	36	17	11	0
8571	36	16	10	0
8572	36	16	10	0
8573	24	16	10	0
8574	54	16	10	0
8575	45	16	10	0
8576	48	17	11	0
8577	12	18	12	0
8578	16	19	13	0
8579	64	19	13	0
8580	64	20	14	0
8581	64	20	14	0
8582	64	19	13	0
8583	64	19	13	0
8584	64	19	13	0
8585	64	18	12	0
8593	36	14	9	0
8594	60	13	8	0
8595	64	19	30	2
8596	64	13	8	0
8597	30	14	9	0
8598	64	14	9	0
8599	60	14	9	0
8600	60	14	9	0
8601	64	14	9	0
8602	64	14	9	0
8603	64	14	9	0
8604	64	14	9	0
8605	20	13	8	0
8606	64	16	10	0
8607	54	16	10	0
8608	60	16	10	0
8609	64	16	10	0
8610	64	14	9	0
8611	64	14	9	0
8612	64	14	9	0
8613	12	14	9	0
8614	60	17	11	0
8615	64	16	10	0
8616	64	16	10	0
8617	12	16	10	0
8618	64	16	10	0
8619	64	14	9	0
8620	24	14	9	0
8621	24	14	9	0
8622	64	14	9	0
8623	64	14	9	0
8624	64	14	9	0
8625	8	14	9	0
8626	8	14	9	0
8627	30	14	9	0
8628	8	14	9	0
8629	12	14	9	0
8630	8	14	9	0
8631	12	14	9	0
8632	16	14	9	0
8633	16	14	9	0
8634	64	14	9	0
8635	64	14	9	0
8636	64	13	8	0
8637	12	13	8	0
8638	12	13	8	0
8639	12	13	8	0
8640	12	12	7	0
8641	8	13	8	0
8642	8	14	9	0
8643	18	17	11	0
8644	12	16	10	0
8645	64	16	10	0
8646	64	16	10	0
8647	60	14	9	0
8648	64	14	9	0
8649	64	14	9	0
8650	64	14	9	0
8651	64	14	9	0
8652	64	17	11	0
8653	64	17	11	0
8654	64	17	11	0
8655	12	16	10	0
8656	20	17	11	0
8657	10	17	11	0
8658	64	17	11	0
8659	60	18	12	0
8660	64	18	12	0
8661	64	18	12	0
8662	64	18	12	0
8663	64	18	12	0
8664	64	17	11	0
8665	20	17	11	0
8666	64	19	13	0
8667	8	19	13	0
8668	64	19	13	0
8669	64	18	12	0
8670	64	18	12	0
8671	64	18	12	0
8672	64	18	12	0
8673	64	18	12	0
8674	64	18	12	0
8696	64	18	12	0
8697	60	18	12	0
8698	64	18	12	0
8699	64	18	12	0
8701	60	17	11	0
8702	64	17	11	0
8703	64	17	11	0
8704	64	17	11	0
8705	64	17	11	0
8706	64	18	12	0
8707	24	17	11	0
8708	64	18	12	0
8709	60	18	12	0
8710	64	18	12	0
8711	60	18	12	0
8712	64	18	12	0
8713	28	18	12	0
8714	64	18	12	0
8715	28	18	12	0
8716	20	19	13	0
8717	36	19	13	0
8718	24	19	13	0
8719	36	18	12	0
8721	45	17	11	0
8722	40	17	11	0
8723	40	17	11	0
8724	36	19	13	0
8725	60	19	13	0
8726	64	19	13	0
8727	60	19	13	0
8728	64	20	14	0
8729	64	19	13	0
8730	64	19	13	0
8731	64	19	13	0
8732	64	20	14	0
8733	64	21	15	0
8734	60	19	13	0
8735	64	19	13	0
8740	64	16	10	0
8742	54	14	9	0
8744	64	14	9	0
8745	64	19	30	2
8746	36	14	9	0
8747	48	13	8	0
8748	64	13	8	0
8750	64	12	7	0
8751	64	13	8	0
8752	64	13	8	0
8753	64	13	8	0
8754	64	13	8	0
8755	64	16	10	0
8756	64	16	10	0
8757	50	14	9	0
8758	64	14	9	0
8759	64	14	9	0
8760	64	14	9	0
8761	36	14	9	0
8762	60	14	9	0
8763	45	14	9	0
8764	60	14	9	0
8765	60	14	9	0
8766	54	16	10	0
8767	54	16	10	0
8768	54	16	10	0
8769	50	14	9	0
8770	36	16	10	0
8771	45	14	30	2
8772	60	14	30	2
8773	36	14	9	0
8774	36	14	9	0
8775	36	14	9	0
8776	40	14	9	0
8777	20	14	9	0
8778	36	16	10	0
8779	40	17	11	0
8780	54	16	10	0
8781	40	14	9	0
8782	54	16	10	0
8783	64	17	11	0
8784	60	18	12	0
8785	64	18	12	0
8786	60	19	13	0
8787	60	18	12	0
8788	64	18	12	0
8789	64	17	11	0
8790	64	17	11	0
8791	64	17	11	0
8792	60	17	11	0
8793	64	17	11	0
8794	64	16	10	0
8795	64	16	10	0
8796	64	16	10	0
8797	54	16	10	0
8798	64	16	10	0
8800	64	16	10	0
8801	64	16	10	0
8802	64	16	10	0
8803	64	16	10	0
8804	64	14	9	0
8805	64	14	9	0
8806	64	16	10	0
8807	60	16	10	0
8808	64	16	10	0
8809	64	16	10	0
8810	64	16	10	0
8811	64	14	9	0
8812	64	14	9	0
8813	64	16	10	0
8814	64	16	10	0
8815	64	16	10	0
8816	64	16	10	0
8817	48	16	10	0
8818	64	16	10	0
8819	64	16	10	0
8820	64	16	10	0
8821	64	16	10	0
8822	64	16	10	0
8823	64	16	10	0
8824	64	16	10	0
8825	36	14	9	0
8826	36	16	10	0
8827	36	16	10	0
8828	36	16	10	0
8829	36	16	10	0
8830	36	16	10	0
8831	36	16	10	0
8832	50	16	10	0
8833	36	16	10	0
8834	64	18	12	0
8835	64	19	13	0
8836	64	19	13	0
8837	36	19	13	0
8838	64	20	14	0
8839	64	21	15	0
8840	64	21	15	0
8841	64	21	15	0
8842	64	21	15	0
8845	64	17	11	0
8851	64	14	9	0
8852	64	14	9	0
8853	64	14	9	0
8854	64	14	9	0
8855	64	21	30	2
8856	32	14	9	0
8857	36	14	9	0
8858	36	14	9	0
8859	15	13	8	0
8860	50	14	9	0
8861	60	14	9	0
8863	64	14	9	0
8864	44	14	9	0
8865	64	16	10	0
8866	64	17	11	0
8867	44	18	12	0
8868	64	19	13	0
8869	64	19	13	0
8870	64	18	12	0
8871	64	18	12	0
8872	64	17	11	0
8873	64	17	11	0
8874	64	17	11	0
8875	64	16	10	0
8879	64	14	9	0
8880	64	14	9	0
8881	64	14	9	0
8882	64	14	9	0
8883	64	14	9	0
8884	64	14	9	0
8885	64	19	30	2
8886	32	13	8	0
8887	60	14	9	0
8888	64	14	9	0
8889	64	14	9	0
8890	64	14	9	0
8891	64	14	9	0
8892	64	14	9	0
8893	36	13	8	0
8894	54	14	9	0
8895	40	16	10	0
8896	40	16	10	0
8897	4	13	8	0
8898	40	14	9	0
8899	40	14	9	0
8900	40	14	9	0
8901	40	14	9	0
8902	40	16	10	0
8903	36	17	11	0
8904	36	18	12	0
8905	4	18	12	0
8906	54	19	13	0
9030	36	17	11	0
9031	36	19	13	0
9032	36	19	13	0
9033	36	19	13	0
9034	20	19	13	0
9036	64	18	12	0
9037	48	19	13	0
9038	64	20	14	0
9039	64	20	14	0
9040	60	20	14	0
9041	64	21	15	0
9042	64	21	15	0
9043	64	22	16	0
9045	64	18	12	0
9046	50	18	12	0
9048	60	20	30	2
9052	52	14	9	0
9053	64	14	9	0
9054	64	14	9	0
9055	64	20	30	2
9056	60	16	10	0
9057	40	16	10	0
9058	64	16	10	0
9059	64	16	10	0
9060	52	14	9	0
9061	25	16	10	0
9062	30	14	9	0
9063	25	16	10	0
9064	30	14	9	0
9065	2	11	6	0
9066	3	14	9	0
9067	30	17	11	0
9068	36	16	10	0
9069	12	16	10	0
9070	5	16	10	0
9071	12	19	13	0
9072	64	19	13	0
9073	64	20	14	0
9074	64	20	14	0
9075	64	21	15	0
9076	48	21	15	0
9077	40	21	15	0
9078	32	19	13	0
9079	32	19	13	0
9080	40	18	12	0
9081	64	20	30	2
9084	48	21	30	2
9086	16	14	9	0
9087	4	16	10	0
9088	16	17	11	0
9089	64	17	11	0
9090	12	14	9	0
9091	64	14	9	0
9092	16	14	9	0
9093	20	13	8	0
9094	4	14	9	0
9095	16	14	9	0
9096	64	13	8	0
9097	60	13	8	0
9098	64	13	8	0
9099	64	13	8	0
9100	64	13	8	0
9101	64	13	8	0
9102	64	14	9	0
9103	64	13	8	0
9104	64	13	8	0
9105	64	14	9	0
9106	8	14	9	0
9107	32	14	9	0
9108	64	14	9	0
9109	64	14	9	0
9110	64	16	10	0
9111	64	16	10	0
9112	64	16	10	0
9113	64	17	11	0
9114	50	17	11	0
9115	64	17	11	0
9116	64	16	10	0
9117	16	16	10	0
9118	64	17	11	0
9119	64	17	11	0
9120	64	17	11	0
9121	64	17	11	0
9122	40	17	11	0
9123	12	17	11	0
9124	64	17	11	0
9125	25	17	11	0
9126	16	17	11	0
9127	8	17	11	0
9128	16	17	11	0
9129	16	17	11	0
9130	16	17	11	0
9131	16	19	13	0
9132	64	18	12	0
9133	24	18	12	0
9134	64	19	13	0
9135	64	20	14	0
9136	28	19	13	0
9137	8	18	12	0
9138	64	17	11	0
9140	64	17	11	0
9141	28	17	11	0
9142	16	17	11	0
9143	64	17	11	0
9144	64	17	11	0
9145	64	17	11	0
9146	64	17	11	0
9147	8	17	11	0
9148	12	16	10	0
9149	12	17	11	0
9150	27	17	11	0
9151	12	17	11	0
9152	64	17	30	2
9153	36	17	11	0
9154	45	16	10	0
9155	36	16	10	0
9156	60	16	10	0
9157	45	14	9	0
9158	64	14	9	0
9159	64	16	10	0
9160	64	16	10	0
9161	64	16	10	0
9162	64	16	10	0
9163	64	16	10	0
9164	60	16	10	0
9165	64	16	10	0
9166	54	16	10	0
9167	60	17	11	0
9168	50	17	11	0
9169	64	17	11	0
9170	64	17	11	0
9171	64	17	11	0
9172	60	18	12	0
9173	64	18	12	0
9174	64	18	12	0
9175	64	18	12	0
9176	64	18	12	0
9177	12	18	12	0
9178	64	17	11	0
9179	64	18	12	0
9180	64	18	12	0
9181	64	18	12	0
9182	8	18	12	0
9183	60	19	13	0
9184	28	19	13	0
9185	8	18	12	0
9186	40	20	14	0
9187	36	19	13	0
9188	40	19	13	0
9189	16	19	13	0
9190	8	19	13	0
9191	8	18	12	0
9192	8	18	12	0
9193	8	19	13	0
9214	64	18	12	0
9215	60	19	13	0
9216	8	18	12	0
9217	8	19	13	0
9218	64	19	13	0
9219	64	19	13	0
9220	15	19	13	0
9221	16	19	13	0
9222	16	19	13	0
9223	16	19	13	0
9224	8	19	13	0
9225	12	19	13	0
9226	12	19	13	0
9227	12	19	13	0
9230	24	17	11	0
9231	24	17	11	0
9235	64	16	10	0
9236	64	17	11	0
9237	8	14	9	0
9238	64	16	10	0
9239	64	14	9	0
9240	64	14	9	0
9241	64	14	9	0
9242	64	14	9	0
9243	36	14	9	0
9244	32	16	10	0
9245	36	16	10	0
9246	36	16	10	0
9247	32	17	11	0
9248	36	17	11	0
9249	36	17	11	0
9250	4	17	11	0
9251	54	17	11	0
9252	64	19	13	0
9253	4	19	13	0
9254	64	21	15	0
9255	64	21	15	0
9256	8	20	14	0
9339	12	16	10	0
9340	64	16	10	0
9341	64	16	10	0
9342	60	17	11	0
9343	12	17	11	0
9344	64	17	11	0
9345	4	17	11	0
9346	4	18	12	0
9347	45	17	11	0
9348	64	17	11	0
9349	64	17	11	0
9350	64	17	11	0
9351	64	17	11	0
9352	64	17	11	0
9353	12	17	11	0
9355	12	14	9	0
9356	64	16	10	0
9358	64	14	9	0
9359	64	14	9	0
9360	64	16	10	0
9361	8	16	10	0
9362	64	13	8	0
9363	8	13	8	0
9364	12	13	8	0
9365	64	17	30	2
9366	64	14	9	0
9367	54	16	10	0
9368	64	16	10	0
9369	64	16	10	0
9370	64	17	11	0
9371	64	17	11	0
9372	64	17	11	0
9373	48	17	11	0
9374	64	17	11	0
9375	64	17	11	0
9376	64	17	11	0
9377	36	17	11	0
9378	64	17	11	0
9379	60	17	11	0
9380	64	17	11	0
9381	64	17	11	0
9382	64	17	11	0
9383	64	17	11	0
9384	64	17	11	0
9385	32	17	11	0
9386	40	18	12	0
9387	36	18	12	0
9388	40	18	12	0
9389	40	18	12	0
9390	40	17	11	0
9391	40	17	11	0
9392	27	17	11	0
9393	15	17	11	0
9394	64	18	12	0
9395	45	19	13	0
9396	64	20	14	0
9397	40	20	14	0
9398	48	20	14	0
9399	64	21	15	0
9400	50	21	15	0
9401	64	21	15	0
9402	64	22	16	0
9405	64	19	13	0
9406	36	19	13	0
9408	50	21	30	2
9411	45	16	10	0
9412	60	18	12	0
9414	56	16	10	0
9415	64	21	30	2
9416	64	18	12	0
9417	50	16	10	0
9418	64	16	10	0
9419	64	16	10	0
9420	64	17	11	0
9421	60	18	12	0
9422	64	17	11	0
9423	64	17	11	0
9424	64	16	10	0
9425	64	16	10	0
9426	64	17	11	0
9427	60	17	11	0
9428	64	17	11	0
9429	64	17	11	0
9430	64	17	11	0
9431	50	17	11	0
9432	64	17	11	0
9433	64	17	11	0
9434	64	17	11	0
9435	64	17	11	0
9436	64	17	11	0
9438	64	17	11	0
9439	64	17	11	0
9440	50	17	11	0
9441	64	18	12	0
9442	64	17	11	0
9443	64	17	11	0
9444	50	17	11	0
9445	36	17	11	0
9446	36	17	11	0
9447	30	17	11	0
9448	36	17	11	0
9449	36	18	12	0
9450	36	18	12	0
9451	36	18	12	0
9452	50	17	30	2
9453	36	17	11	0
9454	40	19	13	0
9455	40	19	13	0
9456	40	20	14	0
9457	15	21	15	0
9458	64	21	15	0
9459	36	20	14	0
9460	64	20	14	0
9461	60	19	13	0
9462	64	19	13	0
9463	52	20	14	0
9464	40	20	30	2
9465	64	20	14	0
9466	64	21	30	2
9467	60	19	13	0
9469	36	18	12	0
9472	36	14	9	0
9473	6	14	9	0
9474	36	13	8	0
9476	64	13	8	0
9477	36	18	30	2
9478	45	13	8	0
9479	60	14	9	0
9480	64	14	9	0
9481	60	14	9	0
9482	27	11	6	0
9483	60	14	9	0
9484	60	14	9	0
9485	64	13	8	0
9486	64	13	8	0
9487	54	14	9	0
9488	64	14	9	0
9489	60	14	9	0
9490	54	14	9	0
9491	54	16	10	0
9492	64	14	9	0
9493	64	14	9	0
9494	64	14	9	0
9495	36	14	9	0
9496	36	13	8	0
9498	40	14	9	0
9499	60	14	9	0
9500	64	14	9	0
9501	64	14	9	0
9502	64	14	9	0
9503	36	14	9	0
9504	36	16	10	0
9505	36	17	11	0
9506	40	17	11	0
9507	36	18	12	0
9508	40	17	11	0
9509	60	16	10	0
9510	54	16	10	0
9511	64	14	9	0
9512	64	16	10	0
9513	64	17	11	0
9514	64	18	12	0
9515	64	19	13	0
9516	40	17	30	2
9517	48	18	12	0
9518	50	17	11	0
9519	64	16	10	0
9520	64	14	9	0
9522	64	13	8	0
9523	50	13	8	0
9524	60	14	9	0
9525	50	13	8	0
9526	54	14	9	0
9527	60	14	9	0
9528	64	14	9	0
9529	64	14	9	0
9530	27	13	8	0
9531	64	14	9	0
9532	56	14	9	0
9533	36	14	9	0
9534	32	14	9	0
9535	40	14	9	0
9536	40	14	9	0
9537	5	14	9	0
9538	32	14	9	0
9539	40	16	10	0
9540	40	16	10	0
9541	50	16	10	0
9542	50	17	11	0
9543	54	18	12	0
9544	60	19	13	0
9545	60	19	13	0
9546	60	17	11	0
9547	54	18	12	0
9548	60	17	11	0
9549	60	17	11	0
9550	50	17	11	0
9552	64	17	11	0
9553	64	17	11	0
9554	64	17	11	0
9555	54	18	30	2
9556	64	16	10	0
9557	48	16	10	0
9558	54	14	9	0
9559	64	16	10	0
9560	64	17	11	0
9561	60	17	11	0
9563	60	17	11	0
9564	64	16	10	0
9565	64	16	10	0
9566	54	16	10	0
9567	48	17	11	0
9568	64	16	10	0
9569	64	16	10	0
9570	27	14	9	0
9571	64	16	10	0
9572	64	16	10	0
9573	64	16	10	0
9574	64	16	10	0
9575	64	17	11	0
9576	64	16	10	0
9577	54	16	10	0
9578	32	16	10	0
9579	54	18	12	0
9580	60	17	11	0
9581	60	16	10	0
9582	60	16	10	0
9583	60	16	10	0
9584	60	16	10	0
9585	8	16	10	0
9586	20	16	10	0
9588	40	17	11	0
9589	36	17	11	0
9590	36	17	11	0
9591	36	17	11	0
9592	40	16	10	0
9593	20	16	10	0
9594	32	17	11	0
9595	60	18	12	0
9596	40	17	11	0
9597	20	18	12	0
9598	48	19	13	0
9599	60	19	13	0
9600	64	20	14	0
9601	28	20	14	0
9602	54	20	14	0
9603	60	20	14	0
9604	40	17	30	2
9605	64	18	12	0
9606	54	19	13	0
9607	54	19	13	0
9608	64	20	30	2
9609	64	18	12	0
9610	54	20	30	2
9611	60	20	30	2
9612	64	16	10	0
9613	64	14	9	0
9614	54	19	30	2
9615	54	19	30	2
9616	64	14	9	0
9617	24	13	8	0
9618	64	14	9	0
9619	54	14	9	0
9620	64	14	9	0
9621	64	14	9	0
9622	64	14	9	0
9623	36	14	9	0
9624	32	14	9	0
9625	36	14	9	0
9626	36	14	9	0
9627	54	14	9	0
9628	24	14	9	0
9629	60	14	9	0
9630	64	14	9	0
9631	64	14	9	0
9632	1	11	6	0
9633	45	18	12	0
9634	32	18	12	0
9635	54	19	13	0
9636	64	18	12	0
9637	45	18	12	0
9638	64	17	11	0
9639	64	17	11	0
9640	64	17	11	0
9641	64	16	10	0
9642	64	17	11	0
9644	64	17	11	0
9645	64	17	11	0
9646	64	17	11	0
9647	20	16	10	0
9648	64	16	10	0
9649	64	16	10	0
9650	45	16	10	0
9651	64	16	10	0
9652	60	17	11	0
9653	64	16	10	0
9654	64	16	10	0
9655	32	16	10	0
9656	32	16	10	0
9657	36	16	10	0
9658	24	16	10	0
9659	24	17	11	0
9660	20	17	11	0
9661	32	17	11	0
9662	10	16	10	0
9663	20	16	10	0
9664	20	18	12	0
9665	20	19	13	0
9666	50	19	13	0
9667	45	19	13	0
9668	64	18	12	0
9669	64	18	12	0
9670	60	17	11	0
9671	64	16	10	0
9674	50	19	30	2
9675	28	16	10	0
9676	36	17	11	0
9677	9	16	10	0
9678	44	16	10	0
9679	60	17	11	0
9680	60	16	10	0
9681	64	16	10	0
9682	64	16	10	0
9683	64	14	9	0
9684	64	16	10	0
9685	64	17	11	0
9686	24	19	13	0
9687	60	19	13	0
9688	52	17	11	0
9689	64	17	11	0
9690	60	17	11	0
9691	64	16	10	0
9692	64	16	10	0
9693	64	16	10	0
9695	64	14	9	0
9696	64	14	9	0
9697	40	16	10	0
9698	64	16	10	0
9699	64	16	10	0
9700	64	16	10	0
9701	52	14	9	0
9702	64	16	10	0
9703	64	16	10	0
9704	60	14	9	0
9705	50	14	9	0
9706	64	17	11	0
9707	48	16	10	0
9708	60	17	11	0
9709	64	16	10	0
9710	60	17	11	0
9711	64	16	10	0
9712	64	16	10	0
9713	60	17	11	0
9714	60	17	11	0
9715	36	16	10	0
9716	36	17	11	0
9717	12	16	10	0
9718	36	16	10	0
9719	27	16	10	0
9720	64	17	11	0
9721	60	17	11	0
9722	64	17	11	0
9723	36	17	11	0
9724	36	18	12	0
9725	36	19	13	0
9726	25	20	14	0
9727	20	20	14	0
9728	50	20	14	0
9729	64	20	14	0
9730	64	19	13	0
9731	36	18	12	0
9732	36	19	13	0
9733	36	19	13	0
9734	4	20	14	0
9735	64	21	15	0
9736	64	21	15	0
9737	36	20	14	0
9738	64	20	14	0
9739	64	19	13	0
9740	64	20	14	0
9741	15	20	14	0
9745	45	18	12	0
9748	64	17	11	0
9749	8	17	11	0
9750	40	18	12	0
9751	36	17	11	0
9752	3	13	8	0
9753	54	16	10	0
9754	64	18	12	0
9755	64	19	30	2
9756	64	17	11	0
9757	45	16	10	0
9758	64	16	10	0
9759	64	18	12	0
9760	64	19	13	0
9761	64	20	14	0
9762	52	19	13	0
9763	52	19	13	0
9764	52	18	12	0
9765	52	17	11	0
9766	24	18	12	0
9767	24	18	12	0
9770	60	17	11	0
9771	64	17	11	0
9772	64	17	11	0
9773	64	17	11	0
9774	64	17	11	0
9775	32	17	11	0
9776	32	18	12	0
9777	10	17	11	0
9778	32	17	11	0
9779	12	16	10	0
9780	20	16	10	0
9781	20	17	11	0
9782	20	16	10	0
9783	32	17	11	0
9784	24	18	12	0
9785	16	18	12	0
9786	24	19	13	0
9787	10	20	14	0
9788	40	18	12	0
9789	60	19	13	0
9790	64	18	12	0
9791	64	18	12	0
9792	64	19	13	0
9793	50	20	14	0
9794	64	20	14	0
9795	64	21	15	0
9796	12	20	14	0
9797	18	20	14	0
9798	8	19	13	0
9799	32	19	13	0
9800	4	18	12	0
9801	32	18	12	0
9802	24	18	12	0
9804	12	17	11	0
9805	3	16	10	0
9806	20	19	13	0
9807	20	19	13	0
9808	64	19	13	0
9809	64	19	13	0
9810	20	19	13	0
9811	60	20	14	0
9812	54	19	13	0
9813	60	20	14	0
9814	24	20	14	0
9815	20	20	14	0
9816	16	20	14	0
9817	16	20	14	0
9818	60	19	13	0
9819	24	20	14	0
9820	50	20	14	0
9821	50	19	13	0
9823	20	18	12	0
9825	60	17	11	0
9826	60	18	12	0
9827	60	18	12	0
9828	64	19	13	0
9829	64	19	13	0
9830	52	20	14	0
9831	64	19	13	0
9832	60	19	13	0
9833	60	19	13	0
9835	64	18	12	0
9836	64	18	12	0
9837	40	18	12	0
9841	60	16	10	0
9842	32	16	10	0
9843	64	18	30	2
9844	36	14	9	0
9845	36	13	8	0
9846	36	13	8	0
9847	32	13	8	0
9848	36	13	8	0
9849	40	13	8	0
9850	36	13	8	0
9851	64	14	9	0
9852	36	13	8	0
9853	32	16	10	0
9854	40	16	10	0
9855	36	17	11	0
9856	40	17	11	0
9857	30	18	12	0
9858	40	18	12	0
9859	36	17	11	0
9860	40	16	10	0
9861	45	16	10	0
9862	36	16	10	0
9863	25	14	9	0
9864	15	14	9	0
9865	18	14	9	0
9866	60	16	10	0
9867	32	16	10	0
9868	60	17	11	0
9869	64	16	10	0
9870	54	16	10	0
9871	45	16	10	0
9872	40	16	10	0
9873	45	16	10	0
9874	48	16	10	0
9875	32	14	9	0
9876	45	16	10	0
9877	48	14	9	0
9878	64	14	9	0
9879	64	14	9	0
9880	56	14	9	0
9881	64	16	10	0
9882	64	16	10	0
9883	50	16	10	0
9884	60	17	11	0
9885	32	16	10	0
9886	4	16	10	0
9887	1	11	6	0
9888	36	14	9	0
9889	36	14	9	0
9890	40	14	9	0
9891	12	13	8	0
9892	48	17	11	0
9893	64	17	11	0
9894	64	18	12	0
9895	64	17	11	0
9896	64	16	10	0
9897	60	18	12	0
9898	64	19	13	0
9899	64	19	13	0
9900	64	20	14	0
9901	64	20	14	0
9902	64	19	13	0
9903	64	19	13	0
9904	50	18	12	0
9905	64	18	12	0
9906	64	18	12	0
9908	64	17	11	0
9909	64	20	30	2
9910	64	19	30	2
9911	64	19	30	2
9912	56	16	10	0
9913	64	17	11	0
9914	64	18	30	2
9915	64	19	30	2
9916	64	16	10	0
9917	60	16	10	0
9918	54	16	10	0
9919	64	16	10	0
9920	64	16	10	0
9921	48	16	10	0
9922	64	16	10	0
9923	64	16	10	0
9924	64	16	10	0
9925	64	16	10	0
9926	54	14	9	0
9927	50	16	10	0
9928	64	16	10	0
9929	64	16	10	0
9930	36	17	11	0
9931	64	17	11	0
9932	54	16	10	0
9933	28	16	10	0
9934	36	16	10	0
9935	36	17	11	0
9936	36	17	11	0
9937	20	16	10	0
9938	32	16	10	0
9939	36	16	10	0
9940	25	16	10	0
9941	12	16	10	0
9942	12	16	10	0
9943	12	18	12	0
9944	15	19	13	0
9945	56	19	13	0
9946	64	20	14	0
9947	54	20	14	0
9948	40	20	14	0
9949	36	19	13	0
9950	18	19	13	0
9951	36	19	13	0
9952	40	20	14	0
9953	40	21	15	0
9955	54	20	30	2
9956	40	17	11	0
9957	20	18	12	0
9958	40	19	13	0
9959	36	19	30	2
9960	40	20	30	2
9961	64	18	12	0
9962	64	19	13	0
9963	60	19	13	0
9964	64	17	11	0
9965	48	17	11	0
9966	64	18	12	0
9967	50	19	13	0
9968	64	17	11	0
9972	64	14	9	0
9973	64	14	9	0
9974	64	18	30	2
9975	64	14	9	0
9976	64	16	10	0
9977	28	14	9	0
9978	64	14	9	0
9979	64	14	9	0
9980	64	14	9	0
9981	60	14	9	0
9982	60	14	9	0
9983	60	14	9	0
9984	64	14	9	0
9985	64	14	9	0
9986	60	16	10	0
9987	54	16	10	0
9988	64	16	10	0
9989	64	14	9	0
9990	64	14	9	0
9991	5	13	8	0
9992	45	14	9	0
9993	54	16	10	0
9994	64	16	10	0
9995	24	16	10	0
9996	24	16	10	0
9997	4	14	9	0
9998	27	14	9	0
9999	64	16	10	0
10000	64	17	11	0
10001	60	18	12	0
10002	48	17	11	0
10003	64	17	11	0
10004	64	17	11	0
10005	64	17	11	0
10006	20	14	9	0
10007	60	17	11	0
10008	64	17	11	0
10009	64	17	11	0
10010	48	17	11	0
10011	64	17	11	0
10012	64	17	11	0
10013	16	16	10	0
10014	64	16	10	0
10015	64	17	11	0
10016	64	17	11	0
10017	8	16	10	0
10018	64	16	10	0
10019	64	17	11	0
10020	64	16	10	0
10021	5	14	9	0
10022	1	11	6	0
10023	5	16	10	0
10024	48	17	11	0
10025	24	16	10	0
10026	32	17	11	0
10027	12	16	10	0
10028	5	14	9	0
10029	28	17	11	0
10030	64	16	10	0
10031	64	14	9	0
10032	64	14	9	0
10033	16	14	9	0
10035	32	18	12	0
10036	5	16	10	0
10079	36	19	13	0
10080	36	18	12	0
10081	36	19	13	0
10082	36	19	13	0
10083	54	19	13	0
10084	64	19	13	0
10085	52	20	14	0
10086	36	20	14	0
10087	8	20	14	0
10088	36	21	15	0
10089	36	21	15	0
10090	20	22	16	0
10091	20	22	16	0
10094	36	18	12	0
10096	20	19	13	0
10097	12	19	13	0
10100	64	18	12	0
10101	64	18	12	0
10102	36	18	12	0
10103	64	19	13	0
10105	20	14	9	0
10106	20	14	9	0
10107	8	16	10	0
10109	20	14	9	0
10110	24	14	9	0
10112	20	14	9	0
10113	8	13	8	0
10114	20	12	7	0
10116	60	12	7	0
10117	20	12	7	0
10118	15	11	6	0
10119	28	12	7	0
10120	64	13	8	0
10121	64	13	8	0
10122	64	12	7	0
10123	60	14	9	0
10124	60	13	8	0
10125	64	13	8	0
10126	64	13	8	0
10127	45	16	10	0
10128	60	16	10	0
10129	64	16	10	0
10130	64	16	10	0
10131	64	16	10	0
10132	64	16	10	0
10133	64	16	10	0
10134	60	14	9	0
10135	64	16	10	0
10136	64	17	11	0
10137	54	17	11	0
10138	64	17	11	0
10139	64	17	11	0
10140	64	17	11	0
10141	60	17	11	0
10142	60	17	11	0
10143	64	17	11	0
10144	64	17	11	0
10145	64	17	11	0
10146	64	17	11	0
10147	60	17	11	0
10148	64	17	11	0
10149	36	16	10	0
10150	36	16	10	0
10151	36	17	11	0
10152	36	17	11	0
10153	36	17	11	0
10154	36	16	10	0
10155	36	17	11	0
10156	36	17	11	0
10157	8	17	11	0
10158	6	18	12	0
10159	40	19	13	0
10160	40	19	13	0
10161	40	20	14	0
10162	40	21	15	0
10163	36	17	30	2
10164	40	20	14	0
10165	40	20	14	0
10167	36	17	11	0
10168	64	18	12	0
10169	40	20	30	2
10170	40	21	30	2
10171	64	17	11	0
10172	64	16	10	0
10173	64	17	11	0
10174	60	17	11	0
10175	64	14	9	0
10176	64	17	11	0
10177	48	16	10	0
10178	60	14	9	0
10179	64	14	9	0
10180	44	14	9	0
10181	50	14	9	0
10182	64	14	9	0
10183	64	16	10	0
10184	64	16	10	0
10185	64	14	9	0
10186	64	16	10	0
10187	54	16	10	0
10188	64	16	10	0
10189	64	16	10	0
10190	60	17	11	0
10191	64	16	10	0
10192	64	16	10	0
10193	64	16	10	0
10194	64	16	10	0
10195	40	14	9	0
10196	40	14	9	0
10197	32	14	9	0
10198	36	14	9	0
10199	36	14	9	0
10200	16	14	9	0
10201	36	14	9	0
10202	32	16	10	0
10203	36	16	10	0
10204	50	17	11	0
10205	64	18	12	0
10206	54	18	12	0
10207	54	19	13	0
10208	64	19	13	0
10209	64	20	14	0
10210	50	19	13	0
10211	64	20	14	0
10212	64	20	14	0
10213	64	20	14	0
10214	64	19	13	0
10215	56	18	12	0
10216	64	18	12	0
10218	36	17	11	0
10219	36	17	11	0
10223	36	14	9	0
10225	64	20	30	2
10226	27	14	9	0
10227	8	17	11	0
10228	40	19	13	0
10229	40	17	11	0
10230	40	16	10	0
10231	27	16	10	0
10232	40	17	11	0
10233	40	16	10	0
10234	25	14	9	0
10235	32	17	11	0
10236	54	19	13	0
10237	36	18	12	0
10238	64	19	13	0
10239	54	18	12	0
0	64	18	12	0
1	64	18	12	0
2	50	18	12	0
3	32	17	30	2
4	54	19	30	2
5	40	16	10	0
7	50	16	10	0
8	40	16	10	0
10	50	13	8	0
11	60	14	9	0
12	64	13	8	0
13	64	13	8	0
14	64	13	8	0
15	64	13	8	0
16	60	14	9	0
17	60	14	9	0
18	40	13	8	0
19	36	14	9	0
20	28	14	9	0
21	36	13	8	0
22	36	13	8	0
23	36	13	8	0
24	36	13	8	0
25	36	13	8	0
26	36	13	8	0
27	36	14	9	0
28	50	16	10	0
29	45	17	11	0
30	64	17	11	0
31	18	17	11	0
32	60	19	13	0
33	64	18	12	0
34	64	18	12	0
35	64	18	12	0
36	64	18	12	0
37	60	18	12	0
38	64	18	12	0
39	64	17	11	0
40	56	18	12	0
41	60	18	12	0
42	64	17	11	0
43	64	17	11	0
44	64	16	10	0
45	56	16	10	0
46	64	16	10	0
47	24	16	10	0
48	64	16	10	0
49	64	16	10	0
50	64	16	10	0
51	64	16	10	0
52	64	16	10	0
53	64	16	10	0
54	64	16	10	0
55	24	16	10	0
56	8	16	10	0
57	8	16	10	0
58	12	16	10	0
59	12	16	10	0
60	20	16	10	0
61	10	16	10	0
62	20	16	10	0
63	12	16	10	0
64	4	16	10	0
65	12	16	10	0
66	48	16	10	0
67	8	14	9	0
68	64	14	9	0
69	64	16	10	0
70	64	14	9	0
71	64	16	10	0
72	64	14	9	0
73	4	14	9	0
74	24	13	8	0
75	24	14	9	0
76	24	14	9	0
77	28	16	10	0
78	64	16	10	0
79	64	17	11	0
80	64	17	11	0
81	50	17	11	0
82	64	17	11	0
83	64	18	12	0
84	60	19	13	0
85	64	18	12	0
86	64	19	13	0
87	60	19	13	0
88	60	19	13	0
89	60	19	13	0
90	64	19	13	0
91	64	19	13	0
92	48	19	13	0
93	64	19	13	0
94	64	19	13	0
95	64	19	13	0
96	64	19	13	0
97	16	19	13	0
98	64	19	13	0
99	64	19	13	0
100	64	19	13	0
101	28	20	14	0
102	28	19	13	0
103	28	19	13	0
104	32	19	13	0
105	20	19	13	0
107	60	19	13	0
108	64	19	13	0
109	64	19	13	0
110	32	19	13	0
111	64	19	13	0
112	64	19	13	0
113	24	18	12	0
114	24	18	12	0
115	24	18	12	0
117	18	18	12	0
118	8	18	12	0
119	8	19	13	0
121	4	18	12	0
122	64	16	10	0
123	64	17	11	0
124	60	18	12	0
125	64	17	11	0
127	32	19	30	2
128	64	17	11	0
130	64	16	10	0
131	64	16	10	0
132	64	16	10	0
133	64	16	10	0
134	64	16	10	0
135	40	16	10	0
136	64	16	10	0
137	16	14	9	0
138	64	14	9	0
139	64	14	9	0
140	44	14	9	0
141	44	16	10	0
142	44	16	10	0
143	20	16	10	0
144	32	17	11	0
145	24	16	10	0
146	40	14	9	0
147	8	14	9	0
148	44	16	10	0
149	64	17	11	0
150	64	17	11	0
151	64	17	11	0
152	28	17	11	0
153	64	17	11	0
154	64	17	11	0
155	27	17	11	0
156	12	17	11	0
157	20	17	11	0
158	12	17	11	0
159	12	17	11	0
160	12	17	11	0
161	12	17	11	0
162	16	17	11	0
163	64	17	11	0
164	8	18	12	0
165	20	17	11	0
167	32	17	30	2
168	60	17	11	0
169	64	16	10	0
170	64	16	10	0
171	64	16	10	0
172	60	16	10	0
173	64	16	10	0
174	24	16	10	0
175	24	16	10	0
176	24	16	10	0
177	20	14	9	0
178	64	16	10	0
179	64	17	11	0
180	16	17	11	0
181	60	18	12	0
182	24	17	11	0
183	40	18	12	0
184	20	18	12	0
185	40	18	12	0
186	24	18	12	0
187	36	18	12	0
188	36	18	12	0
190	64	17	11	0
191	64	17	11	0
192	64	18	12	0
193	64	18	12	0
195	36	18	12	0
196	36	19	13	0
197	24	20	14	0
199	64	18	12	0
200	64	17	11	0
201	64	17	11	0
202	60	17	11	0
204	27	17	11	0
205	60	19	13	0
206	60	19	13	0
207	60	18	12	0
208	64	17	11	0
209	64	17	11	0
210	60	16	10	0
211	16	16	10	0
212	36	17	11	0
213	60	19	30	2
214	36	17	11	0
215	36	16	10	0
216	36	16	10	0
217	32	16	10	0
239	50	16	10	0
240	64	16	10	0
241	64	16	10	0
243	64	14	9	0
245	54	13	8	0
246	64	14	9	0
247	36	14	9	0
248	64	14	9	0
250	64	14	9	0
251	64	14	9	0
252	64	14	9	0
253	64	14	9	0
255	40	13	8	0
256	36	14	9	0
257	9	13	8	0
258	36	13	8	0
259	36	13	8	0
260	24	14	9	0
261	4	14	9	0
262	20	13	8	0
263	20	14	9	0
264	20	16	10	0
265	2	12	7	0
266	56	18	12	0
267	8	18	12	0
268	64	19	13	0
269	64	18	12	0
270	32	16	10	0
271	64	16	10	0
272	50	14	9	0
273	64	14	9	0
275	64	16	10	0
277	48	17	11	0
278	54	16	10	0
279	56	16	10	0
280	50	16	10	0
281	64	16	10	0
282	64	16	10	0
283	64	16	10	0
284	45	16	10	0
285	64	14	9	0
286	64	16	10	0
287	60	16	10	0
288	64	16	10	0
289	64	17	11	0
290	64	16	10	0
291	64	16	10	0
292	20	16	10	0
293	15	17	11	0
294	4	16	10	0
295	4	16	10	0
296	4	16	10	0
297	24	16	10	0
298	64	16	10	0
299	64	16	10	0
300	24	16	10	0
301	64	16	10	0
302	64	14	9	0
303	16	13	8	0
304	64	16	10	0
305	64	16	10	0
306	4	16	10	0
307	4	16	10	0
308	9	14	9	0
309	16	17	11	0
310	64	17	11	0
311	64	17	11	0
312	64	17	11	0
313	64	17	11	0
315	24	16	10	0
316	16	16	10	0
317	16	16	10	0
318	16	16	10	0
319	16	16	10	0
320	12	17	11	0
321	16	17	11	0
322	16	18	12	0
323	15	16	10	0
324	64	17	11	0
325	16	17	11	0
326	64	19	13	0
327	60	18	12	0
328	64	18	12	0
329	64	17	11	0
330	64	17	11	0
331	64	17	11	0
332	64	16	10	0
333	64	17	11	0
334	64	17	11	0
335	64	18	12	0
336	64	18	12	0
337	4	18	12	0
338	64	18	12	0
339	64	19	13	0
340	64	19	13	0
341	64	19	13	0
342	64	19	13	0
343	64	19	13	0
345	64	19	13	0
347	16	18	12	0
348	64	18	12	0
349	64	18	12	0
350	60	19	13	0
351	64	19	13	0
352	28	19	13	0
353	16	18	12	0
354	60	19	13	0
355	16	19	13	0
356	12	18	12	0
357	18	18	12	0
358	12	19	13	0
359	12	19	13	0
360	8	19	13	0
361	64	19	13	0
362	64	19	13	0
363	64	19	13	0
365	64	18	12	0
367	60	19	13	0
368	64	19	13	0
369	64	18	12	0
371	60	19	13	0
372	64	19	13	0
373	60	19	13	0
374	12	19	13	0
375	12	18	12	0
376	12	18	12	0
377	9	18	12	0
378	12	19	13	0
379	12	19	13	0
380	12	19	13	0
381	64	19	13	0
383	60	19	13	0
386	36	16	10	0
387	8	16	10	0
389	64	16	10	0
390	64	16	10	0
391	64	16	10	0
392	64	16	10	0
393	64	16	10	0
394	64	14	9	0
395	28	17	11	0
396	64	17	11	0
397	8	16	10	0
398	64	17	11	0
399	64	17	11	0
400	64	17	11	0
401	64	17	11	0
402	60	18	12	0
403	54	18	12	0
404	64	18	12	0
405	64	18	12	0
406	64	17	11	0
407	20	17	11	0
408	64	18	12	0
409	64	18	12	0
410	64	18	12	0
411	64	18	12	0
412	64	19	13	0
413	64	19	13	0
414	60	19	13	0
415	16	18	12	0
416	12	18	12	0
417	8	18	12	0
418	16	18	12	0
419	8	18	12	0
420	16	18	12	0
421	8	19	13	0
422	20	19	13	0
423	64	19	13	0
424	60	19	13	0
425	64	18	12	0
426	64	18	12	0
427	12	17	11	0
428	64	17	11	0
431	64	17	11	0
432	64	17	11	0
433	64	18	12	0
434	64	18	12	0
435	16	18	12	0
436	64	18	12	0
437	8	18	12	0
438	12	17	11	0
439	12	17	11	0
440	12	18	12	0
441	4	17	11	0
442	24	18	12	0
443	20	18	12	0
444	64	18	12	0
445	16	18	12	0
446	64	18	12	0
447	60	18	12	0
448	64	18	12	0
450	64	16	10	0
451	64	17	11	0
452	60	19	13	0
453	64	19	13	0
454	64	18	12	0
455	60	19	13	0
456	64	19	13	0
457	12	19	13	0
458	64	17	11	0
459	64	18	12	0
460	60	19	13	0
461	52	19	13	0
462	64	19	13	0
463	64	19	13	0
464	64	19	30	2
465	64	19	13	0
466	64	18	12	0
467	40	18	12	0
468	60	19	13	0
469	64	19	13	0
470	64	19	13	0
471	64	19	13	0
472	64	19	13	0
473	64	19	13	0
474	64	19	13	0
475	24	19	13	0
476	24	19	13	0
477	9	18	12	0
479	32	18	12	0
480	60	19	13	0
481	64	19	13	0
482	64	19	13	0
483	64	19	13	0
485	36	19	13	0
486	64	18	12	0
487	36	18	12	0
489	60	18	12	0
490	60	18	12	0
491	40	17	11	0
492	64	18	12	0
493	64	18	12	0
494	64	19	13	0
495	64	19	13	0
496	64	19	13	0
497	8	19	13	0
498	64	19	13	0
499	64	19	13	0
500	64	19	13	0
501	64	18	12	0
503	64	18	12	0
505	64	17	11	0
506	64	17	11	0
508	64	17	11	0
510	64	16	10	0
511	64	16	10	0
512	24	16	10	0
513	64	16	10	0
515	64	19	30	2
516	64	14	9	0
517	12	14	9	0
518	64	16	10	0
519	64	16	10	0
520	20	14	9	0
521	12	16	10	0
522	12	16	10	0
523	8	16	10	0
524	8	16	10	0
525	16	14	9	0
526	4	16	10	0
527	27	16	10	0
528	8	16	10	0
529	12	14	9	0
530	12	14	9	0
531	12	14	9	0
532	8	14	9	0
533	12	14	9	0
534	64	14	9	0
535	64	14	9	0
536	64	14	9	0
537	8	14	9	0
538	64	14	9	0
539	64	14	9	0
540	64	14	9	0
541	64	14	9	0
542	64	16	10	0
543	64	17	11	0
544	64	17	11	0
545	64	17	11	0
546	60	17	11	0
547	60	17	11	0
548	64	17	11	0
549	64	17	11	0
550	20	17	11	0
551	64	17	11	0
552	64	18	12	0
553	64	18	12	0
554	64	18	12	0
555	64	18	12	0
556	60	19	13	0
557	12	18	12	0
579	64	17	11	0
580	64	17	11	0
581	64	17	11	0
582	16	17	11	0
583	64	17	11	0
584	60	18	12	0
585	64	18	12	0
586	64	18	12	0
587	60	18	12	0
588	64	18	12	0
589	64	18	12	0
590	64	18	12	0
591	64	18	12	0
592	64	18	12	0
593	64	18	12	0
594	64	18	12	0
595	64	18	12	0
596	64	18	12	0
597	16	18	12	0
598	64	18	12	0
599	60	19	13	0
600	64	18	12	0
601	64	18	12	0
602	60	19	13	0
603	64	19	13	0
604	64	19	13	0
605	27	19	13	0
606	8	19	13	0
607	32	19	13	0
608	24	19	13	0
609	24	19	13	0
610	24	19	13	0
611	24	19	13	0
612	24	19	13	0
613	28	19	13	0
616	30	18	12	0
617	8	18	12	0
618	8	19	13	0
619	36	19	13	0
620	24	19	13	0
621	36	19	13	0
622	64	20	14	0
623	48	18	12	0
624	60	18	12	0
625	64	19	13	0
649	64	16	10	0
650	64	16	10	0
651	64	16	10	0
652	64	16	10	0
653	64	16	10	0
654	16	16	10	0
655	64	17	11	0
656	64	17	11	0
657	8	16	10	0
658	64	17	11	0
659	64	17	11	0
660	16	16	10	0
661	8	17	11	0
662	8	17	11	0
663	8	17	11	0
665	8	16	10	0
666	8	16	10	0
667	27	16	10	0
668	8	16	10	0
670	32	16	10	0
671	40	14	9	0
672	50	14	9	0
673	60	14	9	0
674	64	14	9	0
675	64	14	9	0
676	64	14	9	0
677	30	14	9	0
678	64	14	9	0
679	60	17	11	0
680	60	19	13	0
681	64	19	13	0
682	64	19	13	0
683	64	18	12	0
684	60	18	12	0
685	36	17	11	0
686	64	19	13	0
687	54	18	12	0
688	60	19	13	0
690	64	18	12	0
691	60	18	12	0
692	64	18	12	0
693	64	18	12	0
695	40	18	12	0
696	40	18	12	0
697	36	19	13	0
698	40	18	12	0
699	40	18	12	0
700	40	18	12	0
701	2	14	9	0
702	40	18	12	0
703	40	18	12	0
704	36	19	13	0
705	50	20	14	0
706	64	20	14	0
707	60	20	14	0
708	64	21	15	0
709	64	21	15	0
710	64	21	15	0
711	64	21	15	0
737	45	13	8	0
738	64	14	9	0
739	64	14	9	0
740	64	14	9	0
741	64	16	10	0
742	64	16	10	0
743	20	16	10	0
744	64	16	10	0
745	50	16	10	0
746	60	18	12	0
747	18	17	11	0
748	64	17	11	0
749	64	17	11	0
750	64	17	11	0
751	16	17	11	0
752	64	17	11	0
753	64	17	11	0
754	64	18	12	0
755	28	17	11	0
756	16	19	13	0
757	20	18	12	0
758	16	18	12	0
759	16	17	11	0
760	16	17	11	0
761	16	17	11	0
762	16	17	11	0
763	16	17	11	0
764	20	19	13	0
765	12	18	12	0
766	64	19	13	0
767	60	18	12	0
768	16	18	12	0
769	20	17	11	0
770	16	16	10	0
771	16	16	10	0
772	16	16	10	0
773	20	16	10	0
775	28	16	10	0
776	64	17	11	0
839	64	18	12	0
840	64	18	12	0
841	64	17	11	0
843	64	17	11	0
844	60	17	11	0
845	64	16	10	0
849	64	14	9	0
850	48	14	9	0
851	64	14	9	0
852	64	14	9	0
853	64	14	9	0
854	64	14	9	0
855	64	18	30	2
856	64	14	9	0
857	50	14	9	0
858	64	14	9	0
859	64	16	10	0
860	64	16	10	0
861	64	16	10	0
862	64	16	10	0
863	64	16	10	0
864	64	16	10	0
865	64	16	10	0
866	64	16	10	0
867	36	16	10	0
868	64	16	10	0
869	36	14	9	0
870	64	16	10	0
871	64	16	10	0
872	64	16	10	0
873	64	16	10	0
874	64	16	10	0
875	32	16	10	0
876	36	17	11	0
877	32	17	11	0
878	15	17	11	0
879	36	17	11	0
880	36	16	10	0
881	36	16	10	0
882	44	16	10	0
883	64	17	11	0
884	36	17	11	0
885	24	18	12	0
886	64	19	13	0
887	60	19	13	0
888	36	19	13	0
889	36	19	13	0
890	36	19	13	0
891	36	19	13	0
892	36	18	12	0
893	40	19	13	0
895	64	18	12	0
896	60	18	12	0
897	36	19	30	2
898	60	18	12	0
899	60	19	13	0
900	64	19	13	0
901	64	19	13	0
902	64	19	13	0
903	64	18	12	0
904	54	18	12	0
905	64	17	11	0
906	64	17	11	0
907	60	17	11	0
911	64	14	9	0
912	64	14	9	0
913	64	16	10	0
914	64	16	10	0
915	54	16	10	0
916	64	16	10	0
917	12	16	10	0
918	64	16	10	0
919	64	16	10	0
920	64	16	10	0
921	64	16	10	0
922	64	14	9	0
923	64	14	9	0
924	64	16	10	0
925	18	14	9	0
926	36	16	10	0
927	4	14	9	0
928	36	16	10	0
929	32	16	10	0
930	40	16	10	0
931	64	16	10	0
932	64	16	10	0
933	64	16	10	0
934	36	16	10	0
935	18	17	11	0
936	36	16	10	0
937	32	17	11	0
938	15	17	11	0
939	60	19	13	0
940	64	18	12	0
941	56	17	11	0
942	64	17	11	0
943	18	17	11	0
944	64	19	13	0
945	64	19	13	0
946	64	19	13	0
947	32	20	14	0
948	64	19	13	0
949	64	19	13	0
950	60	19	13	0
951	64	18	12	0
955	36	16	10	0
959	36	14	9	0
960	36	14	9	0
961	36	14	9	0
962	36	14	9	0
963	36	14	9	0
964	36	16	10	0
965	64	19	30	2
966	5	13	8	0
967	45	14	9	0
968	56	17	11	0
969	64	18	12	0
970	64	18	12	0
971	64	19	13	0
972	64	19	13	0
973	64	19	13	0
974	64	18	12	0
975	64	19	13	0
976	40	18	12	0
978	60	17	11	0
979	64	16	10	0
982	64	14	9	0
983	64	14	9	0
984	36	13	8	0
985	64	18	30	2
986	36	14	9	0
987	36	14	9	0
988	64	14	9	0
1011	64	14	9	0
1012	60	14	9	0
1013	30	13	8	0
1015	36	13	8	0
1016	36	13	8	0
1017	32	13	8	0
1018	36	13	8	0
1019	36	13	8	0
1020	60	13	8	0
1021	36	12	7	0
1022	36	14	9	0
1023	32	14	9	0
1024	32	16	10	0
1025	36	16	10	0
1026	36	17	11	0
1027	2	13	8	0
1028	36	18	12	0
1029	36	16	10	0
1030	30	17	11	0
1031	24	17	11	0
1032	24	17	11	0
1033	24	17	11	0
1034	64	18	12	0
1035	54	19	13	0
1036	64	19	13	0
1037	60	19	13	0
1038	64	19	13	0
1039	64	19	13	0
1040	64	19	13	0
1041	54	19	13	0
1043	54	19	30	2
1044	54	16	10	0
1049	60	13	8	0
1050	36	12	7	0
1051	40	12	7	0
1052	40	12	7	0
1053	27	12	7	0
1054	36	12	7	0
1055	64	19	30	2
1056	36	12	7	0
1057	12	11	6	0
1058	36	12	7	0
1059	40	14	9	0
1060	40	14	9	0
1061	45	16	10	0
1062	64	16	10	0
1063	64	16	10	0
1064	15	14	9	0
1065	64	16	10	0
1066	64	17	11	0
1067	60	17	11	0
1068	64	17	11	0
1069	64	17	11	0
1070	64	17	11	0
1071	64	16	10	0
1072	64	14	9	0
1073	60	17	11	0
1074	64	16	10	0
1075	64	14	9	0
1076	64	14	9	0
1078	64	12	7	0
1079	4	0	29	0
1080	64	12	7	0
1081	64	13	8	0
1082	64	13	8	0
1083	60	13	8	0
1084	50	13	8	0
1085	64	17	30	2
1086	36	12	7	0
1087	36	12	7	0
1088	36	11	6	0
1089	36	11	6	0
1090	50	12	7	0
1091	48	13	8	0
1092	64	13	8	0
1093	64	13	8	0
1094	64	13	8	0
1095	64	16	10	0
1096	64	17	11	0
1097	54	17	11	0
1098	60	18	12	0
1099	64	17	11	0
1100	64	16	10	0
1101	50	14	9	0
1102	40	14	9	0
1103	64	14	9	0
1104	64	14	9	0
1105	64	14	9	0
1106	64	14	9	0
1107	50	14	9	0
1108	64	14	9	0
1109	64	14	9	0
1110	64	14	9	0
1111	64	16	10	0
1112	64	16	10	0
1113	64	14	9	0
1114	64	14	9	0
1115	36	14	9	0
1116	36	14	9	0
1117	2	8	4	0
1118	32	14	9	0
1120	36	13	8	0
1121	36	13	8	0
1122	54	13	8	0
1123	60	13	8	0
1124	36	14	9	0
1125	54	16	10	0
1126	36	17	11	0
1127	54	17	11	0
1128	32	16	10	0
1129	36	16	10	0
1130	64	16	10	0
1131	64	16	10	0
1132	64	16	10	0
1133	54	16	10	0
1134	64	16	10	0
1135	64	17	11	0
1136	60	17	11	0
1137	54	16	10	0
1138	64	17	11	0
1139	64	17	11	0
1140	64	16	10	0
1141	54	16	10	0
1142	64	14	9	0
1143	64	14	9	0
1144	64	14	9	0
1145	64	14	9	0
1146	64	14	9	0
1147	54	14	9	0
1148	64	14	9	0
1149	64	14	9	0
1150	64	14	9	0
1151	64	14	9	0
1152	64	14	9	0
1153	64	16	10	0
1154	64	16	10	0
1155	40	14	9	0
1156	32	16	10	0
1157	12	14	9	0
1158	36	16	10	0
1159	32	16	10	0
1160	32	16	10	0
1161	64	16	10	0
1163	64	16	10	0
1164	60	17	11	0
1165	60	18	12	0
1166	64	19	13	0
1167	60	19	13	0
1168	64	19	13	0
1169	64	19	13	0
1170	60	19	13	0
1171	64	18	12	0
1172	64	17	11	0
1173	64	17	11	0
1175	64	16	10	0
1176	64	16	10	0
1177	54	16	10	0
1179	64	14	9	0
1181	64	14	9	0
1182	64	14	9	0
1183	64	14	9	0
1184	64	14	9	0
1185	40	13	8	0
1186	64	14	9	0
1187	54	14	9	0
1188	64	14	9	0
1189	54	13	8	0
1190	64	14	9	0
1191	64	14	9	0
1192	64	14	9	0
1193	48	14	9	0
1194	64	14	9	0
1195	18	13	8	0
1196	36	14	9	0
1220	64	16	10	0
1221	60	17	11	0
1222	64	14	9	0
1223	64	14	9	0
1224	64	14	9	0
1225	64	14	9	0
1226	64	16	10	0
1227	60	14	9	0
1228	64	14	9	0
1229	64	14	9	0
1230	60	14	9	0
1231	64	13	8	0
1232	64	13	8	0
1233	64	13	8	0
1234	64	13	8	0
1235	64	13	8	0
1236	60	13	8	0
1237	48	12	7	0
1238	64	13	8	0
1239	54	13	8	0
1260	64	17	11	0
1261	48	17	11	0
1262	60	18	12	0
1263	64	17	11	0
1264	64	17	11	0
1265	32	17	11	0
1266	36	17	11	0
1267	36	18	12	0
1268	36	17	11	0
1269	15	17	11	0
1270	60	18	12	0
1271	64	18	12	0
1272	64	18	12	0
1273	5	16	10	0
1274	36	19	13	0
1275	40	19	13	0
1276	36	19	13	0
1277	6	19	13	0
1278	36	20	14	0
1279	36	19	13	0
1280	20	19	13	0
1281	5	17	11	0
1282	48	20	14	0
1283	40	19	30	2
1284	64	20	14	0
1285	64	20	14	0
1286	54	19	13	0
1287	60	20	14	0
1288	64	20	14	0
1289	64	21	15	0
1290	64	21	15	0
1291	64	21	15	0
1294	64	17	11	0
1300	64	13	8	0
1301	64	13	8	0
1302	64	13	8	0
1303	64	13	8	0
1304	64	14	9	0
1305	64	21	30	2
1306	50	13	8	0
1307	48	13	8	0
1308	64	13	8	0
1309	64	13	8	0
1310	64	13	8	0
1311	60	14	9	0
1312	64	14	9	0
1313	64	14	9	0
1314	64	14	9	0
1315	36	14	9	0
1316	32	16	10	0
1317	12	14	9	0
1318	36	14	9	0
1319	32	16	10	0
1320	36	14	9	0
1321	45	16	10	0
1322	64	16	10	0
1323	64	16	10	0
1324	36	17	11	0
1325	60	19	13	0
1326	36	19	13	0
1327	25	20	14	0
1328	32	19	13	0
1329	64	20	14	0
1330	56	19	13	0
1331	56	19	13	0
1332	56	18	12	0
1333	54	19	13	0
1334	56	19	13	0
1335	64	19	13	0
1336	64	19	13	0
1338	64	18	12	0
1340	64	17	11	0
1343	64	19	30	2
1344	64	19	30	2
1345	64	20	30	2
1347	36	12	7	0
1348	64	13	8	0
1349	54	12	7	0
1350	64	12	7	0
1351	64	12	7	0
1352	64	12	7	0
1353	50	12	7	0
1354	24	11	6	0
1355	27	11	6	0
1356	24	12	7	0
1357	8	12	7	0
1358	24	12	7	0
1359	40	12	7	0
1360	40	12	7	0
1361	40	13	8	0
1362	5	12	7	0
1363	54	13	8	0
1364	64	14	9	0
1365	64	14	9	0
1366	64	13	8	0
1367	50	13	8	0
1368	64	14	9	0
1369	64	16	10	0
1370	64	16	10	0
1371	50	16	10	0
1372	64	16	10	0
1373	64	16	10	0
1374	64	14	9	0
1375	64	14	9	0
1376	64	14	9	0
1377	45	13	8	0
1378	64	13	8	0
1379	60	14	9	0
1380	64	14	9	0
1381	64	14	9	0
1382	64	14	9	0
1383	60	14	9	0
1384	54	14	9	0
1385	36	14	9	0
1386	40	16	10	0
1387	32	16	10	0
1388	45	14	9	0
1389	45	14	9	0
1390	45	14	9	0
1391	40	14	9	0
1392	25	14	9	0
1393	20	16	10	0
1394	64	17	11	0
1395	64	18	12	0
1396	64	18	12	0
1397	50	16	10	0
1398	56	17	11	0
1399	64	18	12	0
1400	54	18	12	0
1401	64	17	11	0
1402	64	18	12	0
1403	56	17	11	0
1404	64	17	11	0
1405	64	16	10	0
1406	64	17	11	0
1407	60	17	11	0
1408	64	17	11	0
1409	64	17	11	0
1410	64	16	10	0
1411	64	16	10	0
1412	50	14	9	0
1413	45	16	10	0
1415	64	14	9	0
1416	64	14	9	0
1417	50	14	9	0
1418	64	14	9	0
1419	64	14	9	0
1420	24	14	9	0
1421	36	16	10	0
1422	36	17	11	0
1423	40	16	10	0
1424	64	16	10	0
1425	64	16	10	0
1426	64	16	10	0
1427	60	16	10	0
1428	28	16	10	0
1429	36	17	11	0
1430	36	17	11	0
1431	40	18	12	0
1432	28	18	12	0
1433	64	18	12	0
1434	20	17	11	0
1435	64	17	11	0
1436	64	16	10	0
1437	54	16	10	0
1438	60	18	12	0
1439	64	19	13	0
1440	64	19	13	0
1441	60	19	13	0
1442	64	18	12	0
1443	64	17	11	0
1445	64	16	10	0
1448	64	14	9	0
1449	64	14	9	0
1450	64	14	9	0
1451	64	14	9	0
1452	64	14	9	0
1453	64	14	9	0
1454	64	14	9	0
1455	64	19	30	2
1456	45	13	8	0
1457	6	14	9	0
1458	45	13	8	0
1459	45	13	8	0
1460	40	13	8	0
1461	32	13	8	0
1463	36	13	8	0
1464	40	13	8	0
1465	36	14	9	0
1466	40	13	8	0
1467	36	14	9	0
1468	48	16	10	0
1469	27	16	10	0
1470	48	17	11	0
1471	64	16	10	0
1472	64	17	11	0
1473	64	18	12	0
1474	64	19	13	0
1475	64	19	13	0
1476	64	19	13	0
1477	60	18	12	0
1478	40	18	12	0
1479	36	17	11	0
1480	36	16	10	0
1481	32	16	10	0
1485	36	13	8	0
1486	40	18	30	2
1487	54	14	9	0
1488	64	16	10	0
1489	64	17	11	0
1490	64	17	11	0
1491	64	17	11	0
1492	64	16	10	0
1493	48	14	9	0
1494	64	17	11	0
1495	64	16	10	0
1496	64	16	10	0
1497	30	14	9	0
1498	64	14	9	0
1500	64	13	8	0
1501	60	13	8	0
1502	64	16	10	0
1503	64	14	9	0
1504	64	14	9	0
1505	64	14	9	0
1506	64	17	11	0
1507	48	16	10	0
1508	64	16	10	0
1509	50	14	9	0
1510	56	14	9	0
1511	56	14	9	0
1512	60	14	9	0
1513	60	14	9	0
1514	64	14	9	0
1515	64	14	9	0
1516	64	16	10	0
1517	8	14	9	0
1518	64	17	11	0
1519	64	17	11	0
1520	64	17	11	0
1521	64	16	10	0
1522	64	16	10	0
1523	56	16	10	0
1524	64	16	10	0
1525	40	16	10	0
1526	36	16	10	0
1527	32	16	10	0
1528	36	16	10	0
1529	36	16	10	0
1530	36	16	10	0
1531	36	16	10	0
1532	36	16	10	0
1533	16	16	10	0
1534	36	17	11	0
1535	40	18	12	0
1536	16	18	12	0
1537	12	19	13	0
1538	24	19	13	0
1539	64	19	13	0
1540	64	20	14	0
1541	64	20	14	0
1542	64	19	13	0
1543	64	19	13	0
1545	54	18	12	0
1551	60	14	9	0
1552	16	13	8	0
1553	64	13	8	0
1554	64	14	9	0
1555	64	19	30	2
1556	64	14	9	0
1557	54	13	8	0
1558	64	13	8	0
1559	60	14	9	0
1560	54	14	9	0
1561	54	14	9	0
1562	64	14	9	0
1563	64	14	9	0
1564	64	14	9	0
1565	64	14	9	0
1566	64	14	9	0
1567	60	14	9	0
1568	36	14	9	0
1569	40	14	9	0
1570	36	14	9	0
1571	36	14	9	0
1572	36	14	9	0
1573	36	14	9	0
1574	50	14	9	0
1575	64	14	9	0
1576	36	14	9	0
1577	10	16	10	0
1578	54	17	11	0
1579	60	18	12	0
1580	56	18	12	0
1581	36	18	12	0
1582	27	17	11	0
1583	36	16	10	0
1584	32	16	10	0
1585	40	16	10	0
1586	40	14	9	0
1629	36	13	8	0
1630	36	14	9	0
1631	36	13	8	0
1632	36	13	8	0
1633	56	14	9	0
1634	64	14	9	0
1635	64	17	11	0
1636	64	16	10	0
1637	27	16	10	0
1638	40	17	11	0
1639	56	17	11	0
1640	64	18	12	0
1641	64	19	13	0
1642	64	18	12	0
1644	64	16	10	0
1645	64	14	9	0
1646	64	16	10	0
1647	60	17	30	2
1648	64	14	9	0
1650	64	14	9	0
1651	64	14	9	0
1652	60	14	9	0
1653	64	13	8	0
1654	64	13	8	0
1655	64	13	8	0
1656	64	13	8	0
1657	50	13	8	0
1658	64	13	8	0
1659	60	13	8	0
1660	64	14	9	0
1661	60	14	9	0
1662	60	14	9	0
1663	56	14	9	0
1664	64	14	9	0
1665	36	13	8	0
1666	32	13	8	0
1667	30	13	8	0
1668	36	14	9	0
1669	36	14	9	0
1670	36	13	8	0
1671	32	13	8	0
1672	36	13	8	0
1673	45	13	8	0
1674	60	16	10	0
1675	60	17	11	0
1676	64	18	12	0
1677	50	18	12	0
1678	40	17	11	0
1679	36	17	11	0
1680	40	17	11	0
1681	40	17	11	0
1682	40	17	11	0
1683	60	17	30	2
1684	40	16	10	0
1685	27	14	9	0
1686	64	16	10	0
1687	45	16	10	0
1688	64	18	12	0
1690	64	17	11	0
1691	54	18	12	0
1692	64	17	11	0
1693	50	17	11	0
1694	64	18	12	0
1695	54	17	11	0
1696	54	17	11	0
1697	45	17	11	0
1698	60	18	12	0
1699	60	17	11	0
1700	64	17	11	0
1701	54	16	10	0
1703	36	14	9	0
1704	36	14	9	0
1705	32	16	10	0
1706	60	16	10	0
1707	54	16	10	0
1709	54	16	30	2
1710	64	14	9	0
1711	64	14	9	0
1712	64	16	10	0
1713	32	16	30	2
1714	64	16	10	0
1715	54	16	30	2
1716	64	13	8	0
1717	45	12	7	0
1718	64	12	7	0
1719	64	12	7	0
1720	64	12	7	0
1721	36	12	7	0
1722	36	11	6	0
1723	54	12	7	0
1724	36	10	5	0
1725	36	10	5	0
1726	36	11	6	0
1727	12	10	5	0
1728	54	12	7	0
1729	56	12	7	0
1730	64	13	8	0
1731	64	14	9	0
1732	36	13	8	0
1733	64	14	9	0
1734	36	14	9	0
1735	60	17	11	0
1736	64	17	11	0
1737	48	16	10	0
1738	64	16	10	0
1739	64	14	9	0
1740	64	14	9	0
1741	64	16	10	0
1742	64	16	10	0
1743	64	17	11	0
1744	64	16	10	0
1745	54	14	9	0
1746	64	16	10	0
1747	40	14	9	0
1748	64	14	9	0
1749	60	14	9	0
1750	64	13	8	0
1751	60	14	9	0
1752	60	14	9	0
1753	60	14	9	0
1754	64	14	9	0
1755	64	14	9	0
1756	64	16	10	0
1757	50	14	9	0
1758	64	16	10	0
1759	64	16	10	0
1760	64	16	10	0
1761	64	16	10	0
1762	60	14	9	0
1763	60	14	9	0
1764	64	14	9	0
1765	36	13	8	0
1766	27	14	9	0
1767	36	14	9	0
1768	36	14	9	0
1769	36	14	9	0
1770	48	14	9	0
1771	64	16	10	0
1772	64	16	10	0
1773	64	16	10	0
1774	64	17	11	0
1775	64	18	12	0
1776	64	19	13	0
1777	40	19	13	0
1778	64	20	14	0
1779	64	20	14	0
1780	56	19	13	0
1781	56	18	12	0
1782	64	17	11	0
1784	60	17	11	0
1785	64	16	10	0
1786	64	20	30	2
1788	64	16	10	0
1789	64	16	10	0
1790	64	16	10	0
1791	64	16	10	0
1792	64	16	10	0
1793	64	16	10	0
1794	64	14	9	0
1795	64	20	30	2
1796	64	16	10	0
1797	50	14	9	0
1798	64	16	10	0
1799	64	16	10	0
1800	64	16	10	0
1801	64	16	10	0
1802	54	16	10	0
1803	64	16	10	0
1804	64	16	10	0
1805	54	14	9	0
1806	64	16	10	0
1807	32	16	10	0
1808	60	17	11	0
1809	60	17	11	0
1810	64	16	10	0
1811	64	17	11	0
1812	64	17	11	0
1813	60	17	11	0
1815	54	16	10	0
1816	64	17	11	0
1817	54	17	11	0
1818	64	17	11	0
1819	60	17	11	0
1820	60	17	11	0
1821	60	17	11	0
1822	60	17	11	0
1823	60	16	10	0
1824	32	16	10	0
1825	36	16	10	0
1826	36	17	11	0
1827	9	16	10	0
1828	36	16	10	0
1829	16	16	10	0
1830	36	16	10	0
1831	36	16	10	0
1832	32	16	10	0
1833	60	18	12	0
1834	64	19	13	0
1835	64	19	13	0
1836	64	20	14	0
1837	60	19	13	0
1838	64	19	13	0
1839	64	20	14	0
1840	64	20	14	0
1841	60	18	30	2
1843	64	19	30	2
1848	64	20	30	2
1849	64	13	8	0
1870	64	17	11	0
1871	56	16	10	0
1872	64	16	10	0
1873	36	14	9	0
1874	64	16	10	0
1875	64	14	9	0
1876	64	14	9	0
1877	45	14	9	0
1878	64	14	9	0
1879	36	14	9	0
1880	36	14	9	0
1881	36	14	9	0
1882	36	14	9	0
1883	36	14	9	0
1884	45	14	9	0
1885	48	14	9	0
1886	64	16	10	0
1887	60	16	10	0
1888	36	17	11	0
1889	36	18	12	0
1890	36	18	12	0
1891	36	18	12	0
1892	64	18	12	0
1893	60	19	13	0
1894	64	18	12	0
1895	64	17	11	0
1896	64	17	11	0
1897	28	17	11	0
1898	64	18	12	0
1899	64	19	13	0
1900	64	19	13	0
1903	64	16	10	0
1905	64	14	9	0
1906	64	14	9	0
1909	64	13	8	0
1930	60	17	11	0
1931	64	17	11	0
1932	60	17	11	0
1933	64	16	10	0
1934	64	14	9	0
1935	64	14	9	0
1936	64	14	9	0
1937	48	14	9	0
1938	64	14	9	0
1939	64	14	9	0
1940	64	14	9	0
1941	54	14	9	0
1942	64	14	9	0
1943	64	14	9	0
1944	50	14	9	0
1945	32	13	8	0
1946	45	14	9	0
1947	36	14	9	0
1948	36	14	9	0
1949	40	14	9	0
1950	36	14	9	0
1951	36	14	9	0
1952	45	14	9	0
1953	32	14	9	0
1954	64	16	10	0
1955	64	16	10	0
1956	64	17	11	0
1957	54	17	11	0
1958	60	18	12	0
1959	64	19	13	0
1960	64	19	13	0
1961	64	19	13	0
1962	50	18	12	0
1963	64	18	12	0
1964	52	17	11	0
1965	64	17	11	0
1970	36	12	7	0
1971	36	12	7	0
1972	12	14	9	0
1973	36	13	8	0
1974	50	13	8	0
1975	64	19	30	2
1976	64	13	8	0
1977	48	13	8	0
1978	54	13	8	0
1979	36	14	9	0
1980	64	17	11	0
1981	36	13	8	0
1982	64	16	10	0
1983	50	16	10	0
1984	64	16	10	0
1985	64	16	10	0
1986	64	16	10	0
1987	60	16	10	0
1988	64	17	11	0
1989	64	17	11	0
1990	64	17	11	0
1991	50	16	10	0
1992	50	16	10	0
1993	48	16	10	0
1994	50	14	9	0
1995	52	14	9	0
1996	64	16	10	0
1997	40	14	9	0
1998	32	14	9	0
1999	50	14	9	0
2000	52	16	10	0
2001	60	17	11	0
2002	64	17	11	0
2003	60	18	12	0
2004	60	17	11	0
2005	40	16	10	0
2006	32	16	10	0
2007	20	17	11	0
2008	18	17	11	0
2009	6	18	12	0
2010	36	17	11	0
2012	27	14	9	0
2013	54	14	9	0
2014	50	16	10	0
2015	48	18	12	0
2016	48	19	13	0
2017	6	18	30	2
2018	36	16	10	0
2019	44	18	12	0
2020	45	16	10	0
2021	64	18	12	0
2022	64	17	11	0
2023	48	18	30	2
2025	64	16	10	0
2026	64	14	9	0
2027	54	16	10	0
2028	64	16	10	0
2030	64	16	10	0
2031	64	14	9	0
2032	64	14	9	0
2033	50	14	9	0
2034	64	14	9	0
2035	64	14	9	0
2036	64	14	9	0
2037	60	14	9	0
2038	64	14	9	0
2039	64	14	9	0
2040	64	14	9	0
2041	64	14	9	0
2042	64	16	10	0
2043	64	16	10	0
2044	64	16	10	0
2045	64	16	10	0
2046	64	16	10	0
2047	48	16	10	0
2049	64	16	10	0
2050	64	14	9	0
2051	64	14	9	0
2052	64	16	10	0
2053	64	16	10	0
2054	64	16	10	0
2055	45	14	9	0
2056	2	8	4	0
2057	4	16	10	0
2058	40	14	9	0
2059	36	14	9	0
2060	40	14	9	0
2061	64	16	10	0
2062	64	16	10	0
2063	64	16	10	0
2064	60	17	11	0
2065	64	18	12	0
2066	52	16	10	0
2067	45	18	12	0
2068	1	11	6	0
2069	64	18	12	0
2070	64	17	11	0
2071	64	17	11	0
2072	54	16	10	0
2073	60	17	11	0
2075	64	16	10	0
2076	3	13	8	0
2077	45	19	13	0
2078	64	18	12	0
2079	64	17	11	0
2080	60	17	11	0
2081	64	17	11	0
2082	64	17	11	0
2083	64	17	11	0
2084	36	17	11	0
2085	36	18	12	0
2086	36	19	13	0
2087	36	18	12	0
2088	4	17	11	0
2089	4	17	11	0
2090	4	17	11	0
2091	4	16	10	0
2092	28	16	10	0
2093	28	18	12	0
2094	28	19	13	0
2095	28	19	13	0
2096	12	19	13	0
2097	5	17	11	0
2098	12	16	10	0
2099	12	16	10	0
2100	36	16	10	0
2101	12	14	9	0
2102	25	17	11	0
2103	36	19	13	0
2104	25	19	13	0
2105	36	20	14	0
2106	27	21	15	0
2107	12	21	15	0
2108	64	22	16	0
2109	48	22	16	0
2110	64	21	15	0
2112	40	20	14	0
2113	54	21	15	0
2115	30	20	14	0
2117	48	22	30	2
2119	36	17	11	0
2120	16	17	11	0
2122	18	17	11	0
2123	30	20	30	2
2124	64	18	12	0
2125	36	16	10	0
2126	64	16	10	0
2127	32	14	9	0
2128	6	14	9	0
2129	32	17	11	0
2130	24	16	10	0
2131	36	17	11	0
2132	36	17	11	0
2133	54	16	10	0
2134	64	17	11	0
2135	64	16	10	0
2136	64	17	11	0
2137	48	18	12	0
2199	32	16	10	0
2200	32	18	12	0
2201	40	19	13	0
2202	16	18	12	0
2203	48	19	13	0
2204	54	19	13	0
2205	64	18	12	0
2206	64	19	13	0
2207	50	19	13	0
2208	32	18	30	2
2209	56	19	13	0
2211	27	18	12	0
2212	54	19	30	2
2213	64	18	30	2
2214	64	19	30	2
2215	50	19	30	2
2216	56	13	8	0
2218	48	12	7	0
2219	40	12	7	0
2220	44	14	9	0
2221	52	13	8	0
2222	64	13	8	0
2223	48	13	8	0
2224	64	12	7	0
2225	64	19	30	2
2226	48	13	8	0
2227	48	14	9	0
2228	64	16	10	0
2229	60	17	11	0
2230	64	16	10	0
2231	56	14	9	0
2232	56	16	10	0
2233	64	14	9	0
2234	60	14	9	0
2235	64	16	10	0
2236	64	16	10	0
2237	40	16	10	0
2238	54	14	9	0
2239	64	14	9	0
2240	64	14	9	0
2241	56	14	9	0
2242	54	14	9	0
2243	56	14	9	0
2244	60	14	9	0
2245	40	14	9	0
2246	40	14	9	0
2247	36	16	10	0
2248	32	14	9	0
2249	32	14	9	0
2250	32	14	9	0
2251	32	14	9	0
2252	10	13	8	0
2253	20	14	9	0
2254	54	17	11	0
2255	64	18	12	0
2256	60	19	13	0
2257	54	19	13	0
2258	64	19	13	0
2259	60	19	13	0
2280	3	13	8	0
2281	36	13	8	0
2282	54	16	10	0
2283	64	14	9	0
2284	64	14	9	0
2285	64	14	9	0
2286	54	14	9	0
2287	54	16	10	0
2288	64	17	11	0
2289	64	18	12	0
2290	60	18	12	0
2291	64	17	11	0
2292	64	16	10	0
2293	52	14	9	0
2294	56	14	9	0
2295	52	16	10	0
2296	64	16	10	0
2297	24	16	10	0
2298	60	16	10	0
2299	64	16	10	0
2300	52	16	10	0
2301	64	16	10	0
2302	52	16	10	0
2303	60	17	11	0
2304	64	17	11	0
2305	32	16	10	0
2306	16	17	11	0
2307	32	17	11	0
2308	36	17	11	0
2309	32	17	11	0
2310	5	16	10	0
2311	54	17	11	0
2312	64	17	11	0
2313	60	17	11	0
2314	36	18	12	0
2315	36	19	13	0
2316	18	19	13	0
2317	12	20	14	0
2318	64	21	15	0
2319	64	21	15	0
2320	64	19	13	0
2321	64	19	13	0
2322	60	19	13	0
2323	64	19	13	0
2324	54	19	13	0
2325	36	19	13	0
2328	16	16	10	0
2331	20	14	9	0
2332	4	14	9	0
2333	16	16	10	0
2334	16	17	11	0
2335	64	21	30	2
2336	16	16	10	0
2337	12	16	10	0
2338	16	16	10	0
2339	18	16	10	0
2340	20	17	11	0
2342	16	13	8	0
2343	16	13	8	0
2344	32	14	9	0
2345	16	14	9	0
2346	20	17	11	0
2347	12	18	12	0
2348	16	19	13	0
2349	20	19	13	0
2350	16	17	11	0
2351	64	18	12	0
2352	28	18	12	0
2353	48	18	12	0
2354	48	18	12	0
2355	50	18	12	0
2356	60	19	13	0
2357	45	19	13	0
2358	64	19	13	0
2359	64	19	13	0
2360	64	18	12	0
2361	52	18	12	0
2362	50	18	12	0
2363	64	18	12	0
2365	45	19	30	2
2368	64	14	9	0
2369	64	14	9	0
2370	24	14	9	0
2371	36	16	10	0
2372	54	14	9	0
2373	20	14	9	0
2374	40	14	9	0
2375	64	19	30	2
2376	40	14	9	0
2377	6	13	8	0
2378	40	14	9	0
2379	40	16	10	0
2380	40	17	11	0
2381	40	17	11	0
2382	36	17	11	0
2383	45	18	12	0
2384	40	16	10	0
2385	40	17	11	0
2386	32	16	10	0
2387	32	17	11	0
2388	27	17	11	0
2389	40	17	30	2
2390	56	17	11	0
2391	48	18	12	0
2393	24	17	11	0
2394	24	17	11	0
2395	50	18	12	0
2396	60	19	13	0
2397	8	18	12	0
2398	36	16	10	0
2399	30	16	10	0
2400	36	16	10	0
2401	36	16	10	0
2402	16	16	10	0
2403	32	17	11	0
2405	40	14	9	0
2406	50	14	9	0
2407	50	16	10	0
2408	64	17	11	0
2409	64	18	12	0
2410	60	18	12	0
2411	50	18	12	0
2412	64	18	12	0
2413	64	17	11	0
2414	48	17	11	0
2415	50	16	30	2
2418	54	12	7	0
2419	54	12	7	0
2420	54	13	8	0
2421	54	13	8	0
2422	30	12	7	0
2423	18	13	8	0
2424	32	13	8	0
2425	64	18	30	2
2426	36	12	7	0
2427	8	11	6	0
2428	36	13	8	0
2429	30	12	7	0
2430	24	11	6	0
2431	32	12	7	0
2432	36	13	8	0
2433	32	14	9	0
2434	32	13	8	0
2435	30	14	9	0
2436	27	16	10	0
2437	6	14	9	0
2438	48	16	10	0
2439	40	17	11	0
2440	50	16	10	0
2441	45	16	10	0
2442	32	16	10	0
2443	15	14	9	0
2444	27	16	30	2
2445	64	16	10	0
2446	64	17	11	0
2447	60	17	11	0
2448	64	17	11	0
2449	64	17	11	0
2450	64	17	11	0
2451	36	17	11	0
2452	30	14	9	0
2453	36	13	8	0
2455	18	10	5	0
2456	40	11	6	0
2457	10	10	5	0
2458	50	12	7	0
2459	64	12	7	0
2460	64	14	9	0
2461	64	16	10	0
2462	64	16	10	0
2463	64	14	9	0
2464	64	16	10	0
2465	60	16	10	0
2466	50	17	11	0
2467	54	18	12	0
2468	60	17	11	0
2469	64	16	10	0
2470	64	14	9	0
2471	64	14	9	0
2472	50	14	9	0
2473	64	14	9	0
2474	64	14	9	0
2475	64	14	9	0
2476	54	14	9	0
2477	20	13	8	0
2478	64	14	9	0
2479	60	14	9	0
2480	50	14	9	0
2481	45	16	10	0
2482	45	16	10	0
2483	50	14	9	0
2484	50	14	9	0
2485	25	13	8	0
2486	36	16	10	0
2487	40	16	10	0
2488	50	16	10	0
2489	54	16	10	0
2490	50	16	10	0
2491	50	17	11	0
2492	50	17	11	0
2493	50	17	11	0
2494	36	16	30	2
2495	45	17	11	0
2496	44	16	10	0
2497	27	16	10	0
2498	45	17	11	0
2499	50	17	30	2
2500	45	16	10	0
2501	50	16	10	0
2502	50	16	10	0
2503	45	14	9	0
2504	30	14	9	0
2505	20	14	9	0
2506	8	16	10	0
2507	20	16	10	0
2529	30	18	30	2
2530	36	17	11	0
2531	32	18	12	0
2532	27	18	12	0
2533	27	18	12	0
2534	36	19	13	0
2535	45	19	13	0
2536	54	19	13	0
2537	32	18	12	0
2538	45	16	10	0
2540	40	16	10	0
2541	40	17	11	0
2542	36	17	11	0
2543	36	18	12	0
2545	36	16	10	0
2546	36	17	11	0
2547	45	17	11	0
2548	60	18	12	0
2549	40	17	30	2
2550	64	17	11	0
2551	64	18	12	0
2552	64	17	11	0
2553	32	16	10	0
2554	36	17	11	0
2555	40	17	11	0
2556	16	16	10	0
2557	25	16	10	0
2558	40	14	9	0
2560	25	13	8	0
2561	36	13	8	0
2562	36	14	9	0
2563	40	17	30	2
2564	40	14	9	0
2565	40	16	10	0
2566	32	16	10	0
2567	36	16	10	0
2568	36	14	9	0
2569	36	16	10	0
2570	64	17	11	0
2571	64	17	11	0
2572	64	14	9	0
2573	64	16	10	0
2574	36	14	9	0
2575	36	16	10	0
2576	40	16	10	0
2577	32	16	10	0
2578	40	17	11	0
2580	40	14	9	0
2581	40	13	8	0
2582	40	13	8	0
2583	20	14	9	0
2584	20	14	9	0
2585	25	14	9	0
2586	40	16	10	0
2587	25	14	9	0
2588	40	14	9	0
2589	40	14	9	0
2590	36	14	9	0
2591	48	17	11	0
2592	28	14	9	0
2593	45	16	10	0
2594	36	17	11	0
2595	8	16	10	0
2596	32	17	11	0
2597	9	18	12	0
2598	30	17	11	0
2599	30	18	12	0
2600	32	17	11	0
2601	45	17	11	0
2602	18	17	11	0
2603	40	18	12	0
2604	32	17	30	2
2606	50	14	9	0
2607	40	16	10	0
2608	50	17	11	0
2609	60	19	13	0
2610	64	19	13	0
2611	32	18	12	0
2612	50	18	12	0
2613	50	17	11	0
2614	64	16	10	0
2615	64	17	11	0
2616	50	17	30	2
2617	60	17	11	0
2618	64	17	11	0
2619	60	16	10	0
2620	64	17	11	0
2621	40	17	11	0
2622	50	17	11	0
2623	64	17	11	0
2624	50	16	10	0
2625	50	14	9	0
2626	64	16	10	0
2627	45	14	9	0
2628	64	16	10	0
2629	36	14	9	0
2630	36	16	10	0
2631	36	16	10	0
2632	50	16	30	2
2633	20	13	8	0
2634	32	16	10	0
2635	36	14	9	0
2636	36	16	10	0
2637	36	16	10	0
2638	60	17	11	0
2639	64	18	12	0
2640	64	18	12	0
2641	54	17	11	0
2642	64	17	11	0
2643	24	18	12	0
2644	60	19	13	0
2645	64	19	13	0
2646	54	19	13	0
2647	32	18	12	0
2648	60	18	12	0
2649	54	17	30	2
2651	64	14	9	0
2652	64	14	9	0
2653	54	16	10	0
2654	40	14	9	0
2655	12	13	8	0
2656	32	16	10	0
2657	2	8	4	0
2658	36	13	8	0
2659	36	13	8	0
2660	36	13	8	0
2661	64	14	9	0
2662	64	14	9	0
2663	60	16	10	0
2664	36	17	11	0
2665	36	18	12	0
2666	36	19	13	0
2667	32	18	12	0
2668	32	19	13	0
2669	64	19	13	0
2670	64	18	12	0
2671	64	17	11	0
2672	64	17	11	0
2673	60	18	12	0
2674	64	19	13	0
2675	64	19	13	0
2676	32	19	30	2
2679	64	14	9	0
2681	64	13	8	0
2684	48	11	6	0
2685	64	19	30	2
2686	54	11	6	0
2687	60	11	6	0
2688	64	11	6	0
2689	64	11	6	0
2690	64	11	6	0
2691	64	11	6	0
2692	36	10	5	0
2693	36	11	6	0
2694	36	11	6	0
2695	36	11	6	0
2696	40	12	7	0
2697	6	12	7	0
2698	64	12	7	0
2699	64	12	7	0
2700	36	11	6	0
2701	36	11	6	0
2702	20	12	7	0
2703	36	14	9	0
2704	50	16	10	0
2705	64	17	11	0
2706	64	14	9	0
2707	50	14	9	0
2708	36	12	7	0
2709	36	14	9	0
2710	54	14	9	0
2711	50	14	9	0
2712	50	14	9	0
2713	36	16	10	0
2714	50	14	9	0
2715	50	14	9	0
2716	50	14	9	0
2717	32	14	9	0
2718	32	16	10	0
2719	50	16	10	0
2720	48	17	11	0
2721	54	17	11	0
2722	50	17	11	0
2723	64	17	11	0
2724	50	14	30	2
2725	16	14	9	0
2726	15	13	8	0
2727	6	14	9	0
2728	32	16	10	0
2730	50	17	30	2
2732	64	12	7	0
2733	54	12	7	0
2734	48	13	8	0
2735	40	16	10	0
2737	48	14	9	0
2738	54	14	9	0
2739	52	13	8	0
2740	64	13	8	0
2741	64	13	8	0
2742	52	13	8	0
2743	60	14	9	0
2744	36	14	9	0
2745	64	16	10	0
2746	52	14	9	0
2747	60	14	9	0
2748	64	14	9	0
2749	60	14	9	0
2750	64	13	8	0
2751	64	13	8	0
2752	64	13	8	0
2753	64	14	9	0
2754	64	14	9	0
2755	64	14	9	0
2756	64	14	9	0
2757	27	13	8	0
2758	60	14	9	0
2759	60	14	9	0
2760	45	13	8	0
2761	64	14	9	0
2762	64	13	8	0
2763	64	14	9	0
2765	40	13	8	0
2766	36	13	8	0
2767	32	13	8	0
2768	36	13	8	0
2769	40	14	9	0
2770	36	13	8	0
2771	36	13	8	0
2772	50	13	8	0
2773	50	13	8	0
2774	36	14	9	0
2775	40	16	10	0
2776	45	16	10	0
2777	25	16	10	0
2778	36	17	11	0
2779	36	17	11	0
2780	32	18	12	0
2781	32	17	11	0
2782	20	16	10	0
2783	40	18	12	0
2784	40	18	12	0
2785	25	18	12	0
2786	45	19	13	0
2787	27	18	12	0
2788	32	19	13	0
2790	32	17	11	0
2791	25	17	11	0
2792	40	17	11	0
2793	25	18	30	2
2794	36	17	11	0
2795	27	18	30	2
2796	32	19	30	2
2797	8	13	8	0
2798	32	14	9	0
2800	40	17	30	2
2801	40	13	8	0
2802	45	11	6	0
2803	32	13	8	0
2804	40	11	6	0
2805	20	10	5	0
2806	48	12	7	0
2807	54	13	8	0
2808	64	14	9	0
2809	50	13	8	0
2810	64	13	8	0
2811	64	14	9	0
2812	64	14	9	0
2813	54	14	9	0
2814	60	14	9	0
2815	60	14	9	0
2816	64	14	9	0
2817	40	13	8	0
2818	64	14	9	0
2819	64	14	9	0
2820	60	14	9	0
2821	60	14	9	0
2822	60	13	8	0
2823	64	14	9	0
2824	54	14	9	0
2825	40	13	8	0
2826	40	14	9	0
2827	27	14	9	0
2828	40	14	9	0
2829	36	14	9	0
2830	40	13	8	0
2831	36	14	9	0
2832	40	13	8	0
2833	36	13	8	0
2834	40	14	9	0
2835	20	16	10	0
2836	27	16	10	0
2837	15	16	10	0
2859	4	13	8	0
2860	16	11	6	0
2861	24	12	7	0
2862	36	12	7	0
2863	54	13	8	0
2864	64	14	9	0
2865	64	17	11	0
2866	64	18	12	0
2867	60	17	11	0
2868	36	14	9	0
2869	10	14	9	0
2870	24	16	10	0
2871	30	17	11	0
2872	36	17	11	0
2873	40	16	10	0
2875	32	13	8	0
2876	40	13	8	0
2877	16	14	9	0
2878	36	17	11	0
2879	30	17	30	2
2880	64	17	11	0
2881	45	17	11	0
2882	64	16	10	0
2883	36	14	9	0
2884	64	17	11	0
2885	64	17	11	0
2886	36	16	10	0
2887	40	16	10	0
2888	64	16	10	0
2889	64	14	9	0
2890	64	16	10	0
2891	36	14	9	0
2892	50	17	11	0
2893	64	17	11	0
2894	64	16	10	0
2895	36	17	11	0
2896	20	17	11	0
2897	27	16	10	0
2898	36	16	10	0
2899	3	14	9	0
2900	3	14	9	0
2901	32	17	11	0
2902	64	17	11	0
2903	20	16	10	0
2904	36	17	11	0
2905	60	19	13	0
2906	36	18	12	0
2907	60	19	13	0
2908	60	18	12	0
2909	56	19	13	0
2911	1	11	6	0
2914	64	16	10	0
2917	8	13	8	0
2918	60	14	9	0
2919	64	13	8	0
2920	54	16	10	0
2921	12	16	10	0
2923	20	14	9	0
2924	16	13	8	0
2925	30	13	8	0
2926	32	10	5	0
2927	36	11	6	0
2928	4	12	7	0
2929	4	12	7	0
2930	12	12	7	0
2932	8	12	7	0
2933	27	13	8	0
2934	4	12	7	0
2935	64	12	7	0
2936	40	12	7	0
2937	12	12	7	0
2938	20	14	9	0
2939	20	16	10	0
2940	64	16	10	0
2941	20	18	12	0
2942	20	16	10	0
2943	64	14	9	0
2944	64	14	9	0
2945	60	18	12	0
2946	27	18	12	0
2947	60	19	13	0
2948	64	18	12	0
2949	64	17	11	0
2950	64	17	11	0
2951	64	17	11	0
2952	48	17	11	0
2953	64	17	11	0
2954	16	17	11	0
2955	64	19	13	0
2956	64	18	12	0
2957	4	18	12	0
2958	64	18	12	0
2959	64	17	11	0
2960	64	17	11	0
2961	60	18	12	0
2962	60	18	12	0
2963	64	18	12	0
2964	12	18	12	0
2965	20	18	12	0
2966	60	18	12	0
2967	60	18	12	0
2968	50	18	12	0
2971	64	17	11	0
2972	64	17	11	0
2973	64	17	11	0
2976	50	18	30	2
2977	54	14	9	0
2978	64	13	8	0
2979	64	14	9	0
2980	64	14	9	0
2981	64	14	9	0
2982	54	14	9	0
2983	45	16	10	0
2986	20	13	8	0
2987	60	14	9	0
2988	64	14	9	0
2989	60	14	9	0
2990	45	14	9	0
2991	20	13	8	0
2992	24	14	9	0
2993	54	14	9	0
2994	64	16	10	0
2995	64	17	11	0
2996	64	16	10	0
2997	60	16	10	0
2998	60	16	10	0
2999	27	17	11	0
3000	25	17	11	0
3001	60	19	13	0
3002	64	18	12	0
3003	64	17	11	0
3004	64	17	11	0
3005	60	17	11	0
3006	64	16	10	0
3007	54	16	10	0
3008	54	18	12	0
3011	64	16	10	0
3012	54	14	9	0
3013	48	16	10	0
3014	50	16	10	0
3015	54	16	10	0
3016	54	18	30	2
3017	30	14	9	0
3018	52	14	9	0
3019	54	14	9	0
3020	52	14	9	0
3021	54	13	8	0
3022	54	13	8	0
3023	60	13	8	0
3024	48	13	8	0
3025	4	0	29	0
3026	36	14	9	0
3027	32	14	9	0
3028	36	14	9	0
3029	36	14	9	0
3030	50	14	9	0
3031	32	13	8	0
3032	48	13	8	0
3033	40	14	9	0
3034	36	14	9	0
3035	27	14	9	0
3036	36	14	9	0
3037	40	14	9	0
3038	50	16	10	0
3039	40	16	10	0
3040	25	14	9	0
3041	32	16	10	0
3042	50	14	9	0
3043	32	16	10	0
3044	40	16	10	0
3045	36	16	10	0
3046	36	17	11	0
3047	36	16	10	0
3048	32	16	10	0
3049	25	16	10	0
3050	25	16	10	0
3051	32	16	10	0
3052	25	16	10	0
3053	25	16	10	0
3054	24	17	11	0
3055	18	16	10	0
3056	32	16	30	2
3057	27	16	10	0
3058	36	17	11	0
3059	32	17	11	0
3060	25	17	11	0
3061	40	18	12	0
3062	16	17	11	0
3063	36	18	12	0
3064	40	18	12	0
3065	40	16	10	0
3066	36	17	11	0
3067	30	17	11	0
3068	36	17	11	0
3069	32	17	11	0
3070	40	17	11	0
3071	40	18	12	0
3072	36	18	12	0
3073	40	18	12	0
3074	40	18	12	0
3075	40	19	13	0
3076	45	19	13	0
3077	36	19	13	0
3078	40	18	12	0
3079	10	17	11	0
3080	40	19	13	0
3081	18	18	12	0
3082	60	19	13	0
3083	32	18	12	0
3085	36	18	12	0
3086	40	18	12	0
3087	32	18	12	0
3088	36	19	13	0
3089	18	18	30	2
3090	60	19	30	2
3091	32	18	30	2
3092	32	16	10	0
3093	64	17	11	0
3094	40	18	30	2
3095	64	17	11	0
3096	64	17	11	0
3097	30	16	10	0
3098	64	16	10	0
3099	64	14	9	0
3100	64	13	8	0
3101	54	14	9	0
3102	54	13	8	0
3103	60	12	7	0
3104	60	13	8	0
3105	36	12	7	0
3106	64	16	10	0
3107	60	14	9	0
3108	64	14	9	0
3109	50	14	9	0
3110	64	14	9	0
3111	54	14	9	0
3112	40	14	9	0
3113	64	14	9	0
3114	64	16	10	0
3115	64	14	9	0
3116	64	16	10	0
3117	40	16	10	0
3118	64	16	10	0
3119	54	16	10	0
3120	60	17	11	0
3121	60	18	12	0
3122	64	17	11	0
3123	64	16	10	0
3124	64	16	10	0
3125	32	14	9	0
3126	36	18	12	0
3127	32	17	11	0
3128	48	18	12	0
3129	50	17	11	0
3130	64	17	11	0
3131	64	17	11	0
3132	64	17	11	0
3133	56	16	10	0
3134	40	17	11	0
3135	36	19	13	0
3136	54	19	13	0
3137	50	19	13	0
3138	60	19	13	0
3139	64	18	12	0
3140	56	18	12	0
3141	60	18	12	0
3142	45	17	11	0
3143	64	19	13	0
3145	50	19	30	2
3150	28	13	8	0
3152	16	12	7	0
3153	16	13	8	0
3154	28	12	7	0
3155	64	18	30	2
3156	12	11	6	0
3157	20	12	7	0
3158	16	12	7	0
3160	16	12	7	0
3161	60	13	8	0
3162	64	12	7	0
3163	16	11	6	0
3164	27	12	7	0
3165	36	13	8	0
3166	36	14	9	0
3167	60	16	10	0
3168	40	16	10	0
3169	60	14	9	0
3170	16	14	9	0
3171	60	14	9	0
3172	64	13	8	0
3173	64	14	9	0
3174	64	16	10	0
3175	64	16	10	0
3176	64	16	10	0
3177	8	16	10	0
3178	64	16	10	0
3179	15	14	9	0
3180	64	16	10	0
3181	64	16	10	0
3182	12	14	9	0
3183	64	16	10	0
3184	64	14	9	0
3185	64	14	9	0
3186	64	14	9	0
3187	12	14	9	0
3188	64	17	11	0
3189	64	16	10	0
3190	45	16	10	0
3191	54	14	9	0
3192	64	14	9	0
3193	64	14	9	0
3194	64	14	9	0
3195	36	14	9	0
3196	12	14	9	0
3197	4	14	9	0
3198	16	14	9	0
3199	40	16	10	0
3200	3	12	7	0
3201	45	16	10	0
3202	20	16	10	0
3203	64	16	10	0
3204	60	17	11	0
3205	64	18	12	0
3206	50	17	11	0
3207	45	17	11	0
3208	64	18	12	0
3209	16	19	13	0
3210	64	19	13	0
3211	54	19	13	0
3212	64	18	12	0
3213	60	18	12	0
3214	50	17	30	2
3215	12	16	10	0
3216	50	16	10	0
3217	16	16	10	0
3218	64	19	30	2
3219	16	16	10	0
3220	54	16	10	0
3221	54	16	10	0
3222	20	16	10	0
3223	20	14	9	0
3224	24	14	9	0
3225	24	16	10	0
3226	2	11	6	0
3227	12	14	9	0
3228	20	14	9	0
3229	54	16	30	2
3230	16	14	9	0
3231	16	14	9	0
3232	20	16	10	0
3233	60	17	11	0
3234	64	17	11	0
3235	54	18	12	0
3236	20	18	12	0
3237	50	18	12	0
3238	64	17	11	0
3239	64	17	11	0
3240	64	18	12	0
3241	64	19	13	0
3242	50	18	12	0
3243	64	17	11	0
3244	60	18	12	0
3245	64	18	12	0
3246	64	18	12	0
3247	60	17	11	0
3248	64	17	11	0
3250	50	18	30	2
3253	64	13	8	0
3255	64	13	8	0
3257	40	12	7	0
3258	45	12	7	0
3259	32	12	7	0
3260	36	12	7	0
3261	45	12	7	0
3262	36	12	7	0
3263	36	13	8	0
3264	40	13	8	0
3265	20	12	7	0
3266	36	14	9	0
3267	60	16	10	0
3268	48	17	11	0
3269	64	17	11	0
3270	60	18	12	0
3271	64	18	12	0
3272	48	18	12	0
3273	60	19	13	0
3274	64	19	13	0
3275	54	19	13	0
3276	64	17	11	0
3277	48	16	10	0
3278	64	16	10	0
3279	64	16	10	0
3280	48	14	9	0
3285	8	12	7	0
3286	54	12	7	0
3287	50	12	7	0
3288	54	12	7	0
3289	20	13	8	0
3290	64	13	8	0
3291	24	13	8	0
3292	50	13	8	0
3293	50	13	8	0
3294	48	13	8	0
3295	48	13	8	0
3296	25	12	7	0
3297	20	13	8	0
3298	60	14	9	0
3299	60	14	9	0
3300	54	14	9	0
3301	50	14	9	0
3302	48	14	9	0
3303	64	16	10	0
3304	54	16	10	0
3305	64	17	11	0
3306	24	17	11	0
3307	60	17	11	0
3308	64	16	10	0
3309	64	16	10	0
3310	60	16	10	0
3311	64	17	11	0
3312	64	16	10	0
3313	64	16	10	0
3314	64	16	10	0
3315	64	17	11	0
3316	64	17	11	0
3318	64	16	10	0
3321	64	13	8	0
3322	64	13	8	0
3323	64	13	8	0
3324	64	13	8	0
3325	9	11	6	0
3326	25	12	7	0
3327	9	13	8	0
3328	20	12	7	0
3329	8	12	7	0
3330	16	12	7	0
3331	16	12	7	0
3332	12	12	7	0
3333	64	13	8	0
3334	48	16	10	0
3335	64	17	11	0
3336	36	16	10	0
3337	40	18	12	0
3338	40	16	10	0
3339	36	17	11	0
3340	36	16	10	0
3341	64	16	10	0
3342	60	14	9	0
3343	64	16	10	0
3344	64	16	10	0
3345	40	18	30	2
3346	36	14	9	0
3347	60	16	10	0
3348	64	17	11	0
3349	16	17	11	0
3350	60	17	11	0
3351	64	17	11	0
3352	64	16	10	0
3353	48	14	9	0
3354	64	14	9	0
3355	64	16	10	0
3356	64	16	10	0
3357	9	13	8	0
3358	64	14	9	0
3359	64	16	10	0
3360	64	16	10	0
3361	36	14	9	0
3362	36	16	10	0
3363	36	16	10	0
3364	36	16	10	0
3365	6	13	8	0
3366	20	17	11	0
3367	60	17	11	0
3368	64	17	11	0
3369	54	16	10	0
3370	60	17	11	0
3371	64	18	12	0
3372	64	19	13	0
3373	64	19	13	0
3374	60	19	13	0
3375	64	19	13	0
3376	64	18	12	0
3377	45	18	12	0
3378	60	17	11	0
3379	24	17	11	0
3380	60	17	11	0
3381	60	17	11	0
3382	28	16	10	0
3384	28	16	10	0
3385	64	16	10	0
3386	64	17	11	0
3387	48	17	11	0
3388	64	17	11	0
3389	60	17	30	2
3390	64	16	10	0
3391	64	16	10	0
3392	64	14	9	0
3393	16	14	9	0
3394	64	16	10	0
3395	36	14	9	0
3396	36	16	10	0
3397	12	14	9	0
3398	36	14	9	0
3399	36	14	9	0
3400	36	13	8	0
3401	36	14	9	0
3402	12	16	10	0
3403	32	16	10	0
3404	40	17	11	0
3405	40	18	12	0
3406	12	19	13	0
3407	4	19	13	0
3408	40	19	13	0
3409	16	19	13	0
3410	12	19	13	0
3411	40	18	12	0
3412	36	19	13	0
3413	40	18	30	2
3415	36	17	11	0
3416	16	17	11	0
3417	36	19	30	2
3418	12	19	30	2
3419	40	18	30	2
3420	36	19	30	2
3421	64	16	10	0
3422	64	14	9	0
3423	64	14	9	0
3424	64	16	10	0
3425	64	16	10	0
3426	18	14	9	0
3427	60	12	7	0
3428	64	12	7	0
3429	60	12	7	0
3430	64	12	7	0
3431	64	12	7	0
3432	64	13	8	0
3433	64	14	9	0
3434	60	14	9	0
3435	64	16	10	0
3436	54	16	10	0
3437	54	14	9	0
3438	64	14	9	0
3439	45	14	9	0
3440	64	14	9	0
3441	64	14	9	0
3442	64	14	9	0
3443	64	16	10	0
3444	64	16	10	0
3445	32	16	10	0
3446	36	16	10	0
3447	36	16	10	0
3448	36	17	11	0
3449	36	17	11	0
3450	36	16	10	0
3451	36	16	10	0
3452	16	16	10	0
3453	64	16	10	0
3454	64	17	11	0
3455	64	18	12	0
3456	64	19	13	0
3457	45	18	12	0
3458	64	19	13	0
3459	64	20	14	0
3460	64	20	14	0
3461	24	19	13	0
3462	24	18	12	0
3463	64	18	12	0
3465	64	16	10	0
3470	64	13	8	0
3472	64	13	8	0
3473	60	13	8	0
3474	64	12	7	0
3475	64	20	30	2
3476	64	12	7	0
3477	16	11	6	0
3478	60	12	7	0
3479	60	12	7	0
3482	64	10	5	0
3483	64	10	5	0
3484	60	10	5	0
3485	36	10	5	0
3486	36	11	6	0
3487	36	11	6	0
3488	40	11	6	0
3489	15	10	5	0
3490	64	10	5	0
3491	64	11	6	0
3492	54	12	7	0
3493	48	13	8	0
3494	64	14	9	0
3495	64	14	9	0
3496	64	16	10	0
3497	45	14	9	0
3498	64	16	10	0
3499	64	16	10	0
3500	64	14	9	0
3501	64	14	9	0
3502	64	14	9	0
3503	64	14	9	0
3504	64	14	9	0
3505	64	14	9	0
3506	64	16	10	0
3507	60	14	9	0
3508	64	14	9	0
3509	64	14	9	0
3510	54	14	9	0
3511	64	14	9	0
3512	54	14	9	0
3513	54	14	9	0
3514	54	14	9	0
3515	64	14	9	0
3516	64	14	9	0
3517	8	14	9	0
3518	54	14	9	0
3519	64	16	10	0
3520	64	16	10	0
3521	64	16	10	0
3522	40	16	10	0
3523	15	14	9	0
3524	64	17	11	0
3525	60	17	11	0
3526	64	16	10	0
3527	60	16	10	0
3528	64	16	10	0
3529	64	16	10	0
3530	40	16	10	0
3531	54	17	11	0
3532	64	18	12	0
3533	64	17	11	0
3534	64	17	11	0
3535	60	17	11	0
3536	64	16	10	0
3537	48	16	10	0
3538	64	16	10	0
3539	64	17	11	0
3541	64	16	10	0
3542	64	16	10	0
3543	64	16	10	0
3544	64	16	10	0
3545	36	14	9	0
3546	36	14	9	0
3547	32	14	9	0
3548	27	13	8	0
3549	9	13	8	0
3550	25	13	8	0
3551	9	13	8	0
3553	50	14	9	0
3554	32	16	10	0
3555	36	17	11	0
3556	45	18	12	0
3557	40	18	12	0
3558	64	19	13	0
3559	64	19	13	0
3560	64	20	14	0
3561	64	20	14	0
3562	64	19	13	0
3563	64	19	13	0
3564	64	19	13	0
3565	64	20	14	0
3566	54	19	13	0
3567	50	19	13	0
3568	64	18	12	0
3569	64	18	12	0
3570	64	18	12	0
3571	64	17	11	0
3573	64	17	11	0
3576	64	16	10	0
3577	54	16	10	0
3578	64	16	10	0
3579	64	16	10	0
3580	64	16	10	0
3581	64	16	10	0
3582	64	16	10	0
3583	36	14	9	0
3584	64	16	10	0
3585	64	16	10	0
3586	64	16	10	0
3587	50	16	10	0
3588	64	16	10	0
3589	64	16	10	0
3590	64	16	10	0
3591	64	16	10	0
3592	64	16	10	0
3593	64	16	10	0
3594	64	16	10	0
3595	24	16	10	0
3596	32	16	10	0
3597	16	16	10	0
3598	24	16	10	0
3599	27	16	10	0
3600	27	14	9	0
3601	64	16	10	0
3602	64	14	9	0
3603	36	14	9	0
3604	40	16	10	0
3606	27	14	9	0
3607	32	16	10	0
3608	36	18	12	0
3609	36	18	12	0
3610	32	17	11	0
3611	36	17	11	0
3612	36	18	12	0
3614	54	19	13	0
3615	64	19	13	0
3616	64	19	13	0
3617	50	20	14	0
3619	60	19	13	0
3620	64	20	14	0
3621	64	20	14	0
3622	45	20	14	0
3623	64	19	13	0
3624	64	18	12	0
3625	64	18	12	0
3626	60	17	11	0
3627	60	19	13	0
3628	64	19	13	0
3629	64	18	12	0
3630	64	18	12	0
3631	64	19	13	0
3632	64	18	12	0
3633	64	18	12	0
3634	60	18	12	0
3635	64	18	12	0
3636	64	18	12	0
3637	24	18	12	0
3638	60	18	12	0
3639	64	17	11	0
3640	64	17	11	0
3641	60	18	12	0
3642	54	17	11	0
3643	64	18	12	0
3645	20	16	10	0
3647	25	16	10	0
3648	12	14	9	0
3649	12	14	9	0
3650	28	14	9	0
3651	60	17	11	0
3652	64	17	11	0
3653	64	17	11	0
3654	60	17	11	0
3655	40	17	11	0
3656	36	19	13	0
3657	32	18	12	0
3658	60	17	11	0
3660	60	17	11	0
3661	60	17	11	0
3662	24	17	11	0
3663	64	17	11	0
3664	36	19	30	2
3665	64	18	12	0
3666	20	19	13	0
3667	24	18	12	0
3668	64	18	12	0
3669	64	17	11	0
3670	32	17	11	0
3671	64	17	11	0
3672	64	17	11	0
3673	64	17	11	0
3675	25	16	10	0
3676	8	16	10	0
3677	18	16	10	0
3678	20	16	10	0
3679	20	16	10	0
3680	4	17	11	0
3681	12	17	11	0
3682	4	17	11	0
3683	4	17	11	0
3684	12	18	12	0
3685	24	17	11	0
3686	32	19	13	0
3687	20	19	13	0
3689	64	18	12	0
3690	64	17	11	0
3691	64	16	10	0
3692	64	16	10	0
3693	36	14	9	0
3696	36	14	9	0
3697	8	13	8	0
3698	32	14	9	0
3699	64	14	9	0
3700	64	16	10	0
3701	64	16	10	0
3702	60	18	12	0
3703	60	18	12	0
3704	64	17	11	0
3705	40	18	12	0
3706	27	18	12	0
3707	16	19	13	0
3708	60	19	13	0
3709	64	18	12	0
3710	60	18	12	0
3711	60	18	12	0
3712	64	18	12	0
3713	64	18	12	0
3714	64	19	13	0
3715	64	19	13	0
3716	54	19	13	0
3717	24	19	13	0
3718	60	19	13	0
3720	64	17	11	0
3721	64	17	11	0
3722	64	17	11	0
3723	64	17	11	0
3724	64	17	11	0
3725	60	18	12	0
3726	64	18	12	0
3727	24	18	12	0
3728	64	18	12	0
3729	64	18	12	0
3730	64	17	11	0
3731	60	18	12	0
3732	64	17	11	0
3733	64	18	12	0
3734	64	18	12	0
3735	36	17	11	0
3736	12	17	11	0
3737	16	18	12	0
3738	36	18	12	0
3739	36	18	12	0
3740	20	17	11	0
3741	36	18	12	0
3742	15	17	11	0
3743	50	18	12	0
3744	60	19	13	0
3745	64	20	14	0
3746	64	20	14	0
3747	54	21	15	0
3748	24	21	15	0
3749	64	22	16	0
3750	64	20	14	0
3751	64	20	14	0
3752	60	19	13	0
3753	64	19	13	0
3754	64	19	13	0
3755	64	19	13	0
3758	16	18	12	0
3759	16	18	12	0
3760	5	16	10	0
3761	20	18	12	0
3762	64	18	12	0
3763	64	18	12	0
3764	64	18	12	0
3765	64	22	30	2
3766	36	18	12	0
3767	60	18	12	0
3768	60	18	12	0
3769	64	19	13	0
3770	64	19	13	0
3771	64	19	13	0
3772	50	19	13	0
3773	60	19	13	0
3774	60	19	13	0
3775	64	19	13	0
3776	64	19	13	0
3780	50	19	30	2
3785	64	19	30	2
3786	15	13	8	0
3787	40	16	10	0
3788	64	16	10	0
3789	64	16	10	0
3790	64	14	9	0
3791	64	14	9	0
3792	64	14	9	0
3793	60	14	9	0
3794	40	14	9	0
3795	12	16	10	0
3796	12	14	9	0
3797	12	14	9	0
3798	12	14	9	0
3799	12	14	9	0
3800	8	14	9	0
3801	32	14	9	0
3802	12	14	9	0
3803	8	16	10	0
3804	24	16	10	0
3805	50	17	11	0
3806	48	18	12	0
3807	40	18	12	0
3808	64	18	12	0
3809	1	12	7	0
3810	5	16	10	0
3811	5	17	11	0
3812	32	18	12	0
3813	64	19	13	0
3814	64	19	13	0
3815	64	19	13	0
3816	54	19	13	0
3817	60	18	12	0
3818	64	19	13	0
3819	54	19	13	0
3820	40	20	14	0
3823	64	18	12	0
3825	64	17	11	0
3827	3	13	8	0
3828	36	16	10	0
3829	36	17	11	0
3830	36	16	10	0
3831	32	16	10	0
3832	8	14	9	0
3833	64	16	10	0
3834	64	16	10	0
3835	64	16	10	0
3836	56	14	9	0
3837	45	16	10	0
3838	60	18	12	0
3839	60	19	13	0
3840	40	18	12	0
3841	36	19	13	0
3842	36	18	12	0
3843	8	17	11	0
3844	36	17	11	0
3845	36	16	10	0
3846	18	17	11	0
3847	60	17	11	0
3848	60	17	11	0
3849	60	18	12	0
3850	60	18	12	0
3851	60	18	12	0
3852	50	16	10	0
3853	64	17	11	0
3854	64	18	12	0
3855	64	18	12	0
3856	18	17	11	0
3857	18	17	11	0
3858	52	17	11	0
3859	64	17	11	0
3860	20	16	10	0
3861	60	18	12	0
3862	64	17	11	0
3863	64	17	11	0
3864	36	16	10	0
3865	16	17	11	0
3866	5	18	12	0
3867	4	18	12	0
3868	10	17	11	0
3870	8	17	11	0
3871	5	16	10	0
3872	5	16	10	0
3873	4	17	11	0
3874	24	17	11	0
3876	8	13	8	0
3919	64	17	11	0
3920	52	17	11	0
3921	28	17	11	0
3922	64	17	11	0
3923	40	16	10	0
3924	40	16	10	0
3925	20	16	10	0
3926	27	16	10	0
3927	12	16	10	0
3928	36	16	10	0
3929	36	17	11	0
3931	36	14	9	0
3932	36	14	9	0
3933	36	17	11	0
3934	36	17	11	0
3935	4	17	11	0
3936	5	18	12	0
3937	12	18	12	0
3939	9	17	11	0
3940	36	17	11	0
3941	8	17	11	0
3942	4	18	12	0
3943	36	18	12	0
3945	12	18	30	2
3946	60	14	9	0
3948	36	11	6	0
3949	32	13	8	0
3951	27	12	7	0
3952	64	14	9	0
3953	54	13	8	0
3954	60	14	30	2
3955	24	12	7	0
3956	36	12	7	0
3957	40	14	9	0
3958	36	14	9	0
3959	36	13	8	0
3960	36	14	9	0
3961	44	14	9	0
3962	48	14	9	0
3963	48	14	9	0
3964	64	16	10	0
3965	64	17	11	0
3966	64	17	11	0
3967	60	17	11	0
3968	60	18	12	0
3969	64	18	12	0
3970	64	18	12	0
3971	64	17	11	0
3972	24	16	10	0
3974	64	14	9	0
3975	64	14	9	0
3976	64	14	9	0
3978	64	13	8	0
3980	45	12	7	0
3981	64	13	8	0
3982	50	12	7	0
3983	40	11	6	0
3984	60	13	8	0
3985	64	18	30	2
3986	50	12	7	0
3987	32	12	7	0
3988	54	12	7	0
3989	64	13	8	0
3990	60	13	8	0
3991	64	14	9	0
3992	64	16	10	0
3993	54	14	9	0
3994	60	14	9	0
3995	36	13	8	0
3996	40	13	8	0
3997	25	13	8	0
3998	36	13	8	0
3999	36	13	8	0
4000	36	13	8	0
4001	36	13	8	0
4002	32	14	9	0
4003	27	13	8	0
4004	54	16	10	0
4005	32	16	10	0
4006	32	17	11	0
4007	32	18	12	0
4008	60	19	13	0
4009	64	19	13	0
4010	64	19	13	0
4011	64	19	13	0
4012	54	18	12	0
4013	64	18	12	0
4014	60	19	13	0
4015	40	18	12	0
4016	64	18	12	0
4023	40	18	30	2
4024	64	18	30	2
4026	64	11	6	0
4027	60	11	6	0
4028	50	10	5	0
4029	64	10	5	0
4030	64	10	5	0
4031	64	10	5	0
4032	54	10	5	0
4033	64	19	30	2
4034	64	10	5	0
4035	64	10	5	0
4036	64	8	4	0
4037	16	8	4	0
4038	8	8	4	0
4039	27	10	5	0
4040	12	10	5	0
4041	8	11	6	0
4042	8	11	6	0
4043	12	11	6	0
4044	8	11	6	0
4045	8	11	6	0
4046	8	11	6	0
4047	30	11	6	0
4048	8	11	6	0
4049	8	11	6	0
4050	12	11	6	0
4051	64	11	6	0
4052	60	12	7	0
4053	64	12	7	0
4054	64	12	7	0
4055	12	11	6	0
4056	4	12	7	0
4057	20	12	7	0
4058	4	12	7	0
4059	4	13	8	0
4060	8	13	8	0
4061	24	13	8	0
4062	8	14	9	0
4063	8	14	9	0
4064	64	14	9	0
4065	64	13	8	0
4066	64	16	10	0
4067	60	14	9	0
4068	64	13	8	0
4069	64	13	8	0
4070	64	14	9	0
4071	64	14	9	0
4072	64	14	9	0
4073	64	14	9	0
4074	64	14	9	0
4075	64	14	9	0
4076	64	14	9	0
4077	48	14	9	0
4078	64	14	9	0
4079	64	14	9	0
4080	64	16	10	0
4081	54	16	10	0
4082	54	16	10	0
4083	54	16	10	0
4084	54	16	10	0
4085	64	14	9	0
4086	64	14	9	0
4087	50	14	9	0
4088	54	14	9	0
4089	64	14	9	0
4090	64	14	9	0
4091	64	16	10	0
4092	64	16	10	0
4093	64	16	10	0
4094	64	14	9	0
4095	36	14	9	0
4096	36	16	10	0
4097	25	16	10	0
4098	60	17	11	0
4099	64	17	11	0
4100	64	17	11	0
4101	64	17	11	0
4102	64	17	11	0
4103	36	16	10	0
4104	36	17	11	0
4105	36	18	12	0
4106	64	19	13	0
4107	60	18	12	0
4108	60	18	12	0
4111	32	14	9	0
4112	36	16	10	0
4113	64	17	11	0
4114	64	18	12	0
4115	64	17	11	0
4116	64	17	11	0
4117	8	17	11	0
4118	64	17	11	0
4119	54	16	10	0
4120	54	18	12	0
4121	64	19	13	0
4122	64	18	12	0
4123	60	18	12	0
4124	64	17	11	0
4125	64	17	11	0
4126	64	17	11	0
4127	50	17	11	0
4128	64	16	10	0
4129	64	17	11	0
4130	64	17	11	0
4131	64	17	11	0
4132	60	18	12	0
4133	64	17	11	0
4134	60	18	12	0
4135	36	17	11	0
4136	36	18	12	0
4137	5	16	10	0
4138	36	17	11	0
4139	12	17	11	0
4140	15	17	11	0
4141	60	18	12	0
4142	64	18	12	0
4143	64	18	12	0
4144	36	19	13	0
4145	64	20	14	0
4146	36	20	14	0
4147	60	21	15	0
4148	64	20	14	0
4149	48	20	14	0
4150	64	20	14	0
4151	64	19	13	0
4152	64	18	12	0
4154	64	17	11	0
4156	8	17	11	0
4157	60	20	30	2
4161	32	13	8	0
4162	32	13	8	0
4163	24	13	8	0
4164	8	13	8	0
4165	8	13	8	0
4166	16	13	8	0
4167	24	14	9	0
4168	4	13	8	0
4169	4	13	8	0
4170	4	13	8	0
4171	32	14	9	0
4172	4	14	9	0
4173	16	13	8	0
4174	64	13	8	0
4175	64	16	10	0
4176	64	16	10	0
4177	12	14	9	0
4178	54	14	9	0
4179	32	13	8	0
4180	32	13	8	0
4181	32	13	8	0
4182	32	14	9	0
4183	36	16	10	0
4184	36	16	10	0
4185	20	16	10	0
4186	27	16	10	0
4187	60	17	11	0
4188	64	18	12	0
4189	60	19	13	0
4190	64	19	13	0
4191	64	19	13	0
4192	64	19	13	0
4193	28	19	13	0
4194	52	20	14	0
4195	64	20	14	0
4196	64	19	13	0
4201	15	14	9	0
4205	15	13	8	0
4206	20	13	8	0
4207	30	13	8	0
4208	30	13	8	0
4209	15	13	8	0
4210	64	16	10	0
4211	12	14	9	0
4212	15	14	9	0
4213	12	13	8	0
4214	8	16	10	0
4215	36	17	11	0
4216	32	17	11	0
4217	6	17	11	0
4218	12	18	12	0
4219	12	17	11	0
4220	12	14	9	0
4221	8	16	10	0
4222	8	18	12	0
4223	24	19	13	0
4224	64	19	13	0
4225	12	19	13	0
4226	8	19	13	0
4227	32	17	30	2
4228	16	14	9	0
4229	12	12	7	0
4235	12	10	5	0
4236	20	10	5	0
4237	20	10	5	0
4238	20	10	5	0
4239	24	10	5	0
4240	16	10	5	0
4241	16	10	5	0
4242	64	11	6	0
4243	16	10	5	0
4244	20	10	5	0
4245	12	12	7	0
4246	16	13	8	0
4247	24	13	8	0
4248	16	12	7	0
4249	16	11	6	0
4250	20	11	6	0
4251	20	11	6	0
4252	4	11	6	0
4253	20	13	8	0
4254	24	12	7	0
4255	60	13	8	0
4256	36	12	7	0
4257	10	13	8	0
4258	64	13	8	0
4259	64	13	8	0
4260	18	12	7	0
4261	32	12	7	0
4262	36	13	8	0
4263	36	12	7	0
4264	36	12	7	0
4265	50	13	8	0
4266	56	12	7	0
4267	50	13	8	0
4268	64	13	8	0
4269	36	14	9	0
4270	36	14	9	0
4271	36	16	10	0
4272	36	17	11	0
4273	64	18	12	0
4274	60	18	12	0
4275	64	17	11	0
4276	64	16	10	0
4277	12	14	9	0
4278	36	16	10	0
4279	36	17	11	0
4280	36	18	12	0
4281	64	19	13	0
4282	60	18	12	0
4283	54	17	11	0
4284	54	16	10	0
4285	32	13	8	0
4286	16	14	9	0
4287	8	16	10	0
4288	16	17	11	0
4290	18	14	9	0
4291	54	14	9	0
4292	12	13	8	0
4293	12	14	9	0
4294	64	16	10	0
4295	64	14	9	0
4296	64	12	7	0
4297	18	12	7	0
4298	64	12	7	0
4299	64	14	9	0
4300	12	13	8	0
4301	64	17	11	0
4302	64	16	10	0
4303	16	14	9	0
4304	64	14	9	0
4305	40	13	8	0
4306	54	12	7	0
4307	60	12	7	0
4308	60	12	7	0
4310	60	13	8	0
4311	60	13	8	0
4312	64	12	7	0
4313	40	12	7	0
4314	60	14	9	0
4315	64	14	9	0
4316	64	14	9	0
4317	8	14	9	0
4318	40	14	9	0
4319	64	14	9	0
4320	64	14	9	0
4321	40	14	9	0
4322	64	16	10	0
4323	64	16	10	0
4324	64	16	10	0
4325	18	14	9	0
4326	16	14	9	0
4327	36	16	10	0
4328	36	16	10	0
4329	20	16	10	0
4330	36	16	10	0
4331	36	16	10	0
4332	16	14	9	0
4333	10	16	10	0
4334	20	16	10	0
4335	64	17	11	0
4336	15	17	11	0
4337	36	18	12	0
4338	64	19	13	0
4339	64	19	13	0
4340	48	19	13	0
4341	40	19	13	0
4342	30	18	12	0
4343	54	19	13	0
4344	45	18	12	0
4345	16	19	13	0
4346	12	19	13	0
4347	25	19	13	0
4348	50	17	11	0
4349	50	17	11	0
4350	16	17	11	0
4351	54	19	30	2
4352	16	17	11	0
4353	16	18	12	0
4355	25	19	30	2
4356	16	13	8	0
4357	8	14	9	0
4358	12	14	9	0
4359	12	14	9	0
4362	6	13	8	0
4363	8	13	8	0
4364	16	12	7	0
4365	12	14	9	0
4366	16	14	9	0
4367	10	14	9	0
4368	16	16	10	0
4369	16	16	10	0
4370	54	14	9	0
4371	54	13	8	0
4372	54	13	8	0
4373	16	16	10	0
4374	16	16	10	0
4375	60	14	9	0
4376	40	16	10	0
4377	4	17	11	0
4378	54	16	10	0
4379	54	16	10	0
4380	64	16	10	0
4381	12	14	9	0
4382	8	14	9	0
4383	64	16	10	0
4384	8	14	9	0
4385	64	17	11	0
4386	64	16	10	0
4387	8	14	9	0
4388	64	14	9	0
4389	64	14	9	0
4390	64	14	9	0
4391	64	13	8	0
4392	64	13	8	0
4393	64	13	8	0
4394	60	13	8	0
4395	45	14	9	0
4396	36	14	9	0
4397	30	14	9	0
4398	36	14	9	0
4399	32	14	9	0
4400	36	14	9	0
4401	36	14	9	0
4402	20	14	9	0
4403	50	16	10	0
4404	64	17	11	0
4405	60	18	12	0
4406	60	19	13	0
4407	12	19	13	0
4408	40	19	13	0
4409	64	19	13	0
4410	32	19	13	0
4411	60	19	13	0
4413	60	18	12	0
4415	48	17	11	0
4416	64	17	11	0
4418	32	19	30	2
4420	50	14	9	0
4421	64	14	9	0
4422	40	16	10	0
4423	64	16	10	0
4424	64	16	10	0
4425	64	19	30	2
4426	36	14	9	0
4427	6	13	8	0
4428	6	12	7	0
4429	36	14	9	0
4430	16	16	10	0
4431	64	16	10	0
4432	64	16	10	0
4433	60	16	10	0
4434	64	14	9	0
4435	64	16	10	0
4436	60	14	9	0
4479	5	19	13	0
4480	24	19	13	0
4481	64	19	13	0
4482	36	19	13	0
4483	56	19	13	0
4484	64	19	13	0
4485	64	19	13	0
4486	25	19	30	2
4487	5	19	30	2
4488	64	17	11	0
4490	64	16	10	0
4491	60	18	12	0
4494	64	14	9	0
4495	64	14	9	0
4497	30	12	7	0
4498	64	11	6	0
4499	64	12	7	0
4500	64	12	7	0
4501	64	12	7	0
4502	50	12	7	0
4503	64	12	7	0
4504	64	12	7	0
4505	36	12	7	0
4506	64	14	9	0
4507	9	12	7	0
4508	36	12	7	0
4509	64	12	7	0
4510	64	12	7	0
4511	64	13	8	0
4512	64	13	8	0
4513	48	13	8	0
4515	36	12	7	0
4516	36	13	8	0
4517	36	14	9	0
4518	36	13	8	0
4519	36	13	8	0
4520	48	13	8	0
4521	64	12	7	0
4522	64	12	7	0
4523	36	12	7	0
4524	36	13	8	0
4525	40	14	9	0
4526	36	16	10	0
4527	16	16	10	0
4528	10	17	11	0
4529	1	12	7	0
4530	1	11	6	0
4531	8	14	9	0
4532	20	16	10	0
4533	20	16	10	0
4534	40	17	11	0
4535	20	17	11	0
4536	20	18	12	0
4537	20	18	12	0
4538	32	16	10	0
4539	36	14	9	0
4540	36	14	9	0
4541	40	16	10	0
4542	40	17	11	0
4543	27	17	11	0
4544	54	19	13	0
4545	64	19	13	0
4546	40	19	13	0
4547	36	19	13	0
4548	40	19	13	0
4549	36	19	13	0
4550	36	19	13	0
4551	36	19	13	0
4552	45	19	13	0
4553	8	18	12	0
4554	54	18	12	0
4555	56	18	12	0
4556	54	19	13	0
4557	50	19	13	0
4558	64	19	13	0
4559	36	19	30	2
4560	64	19	13	0
4561	64	19	13	0
4562	64	20	14	0
4563	64	19	13	0
4564	54	19	30	2
4565	64	17	11	0
4566	64	17	11	0
4567	60	17	11	0
4568	64	16	10	0
4569	56	16	10	0
4570	64	16	10	0
4571	64	16	10	0
4572	60	16	10	0
4573	64	16	10	0
4574	64	16	10	0
4576	64	14	9	0
4577	50	14	9	0
4578	64	16	10	0
4579	64	16	10	0
4580	50	14	9	0
4581	64	14	9	0
4582	60	14	9	0
4583	64	14	9	0
4584	64	14	9	0
4585	64	14	9	0
4586	64	16	10	0
4587	54	16	10	0
4588	64	16	10	0
4589	60	17	11	0
4590	32	14	9	0
4591	64	16	10	0
4592	64	14	9	0
4593	64	16	10	0
4594	64	16	10	0
4595	36	14	9	0
4596	36	14	9	0
4597	16	14	9	0
4598	12	14	9	0
4599	12	16	10	0
4600	20	16	10	0
4601	12	16	10	0
4602	12	14	9	0
4603	8	16	10	0
4604	36	17	11	0
4605	36	17	11	0
4606	32	17	11	0
4607	50	18	12	0
4608	64	19	13	0
4609	40	19	13	0
4610	56	19	13	0
4611	64	20	14	0
4612	64	19	13	0
4613	36	17	30	2
4614	32	17	30	2
4615	64	18	12	0
4616	60	18	12	0
4617	60	17	11	0
4621	32	13	8	0
4622	64	14	9	0
4623	64	13	8	0
4624	64	14	9	0
4625	64	14	9	0
4626	36	13	8	0
4627	20	14	9	0
4628	45	14	9	0
4629	32	13	8	0
4630	10	13	8	0
4631	54	14	9	0
4632	64	16	10	0
4633	64	14	9	0
4634	64	14	9	0
4635	54	14	9	0
4636	56	17	11	0
4637	60	18	12	0
4638	60	19	13	0
4639	64	19	13	0
4640	64	18	12	0
4641	54	16	10	0
4642	64	16	10	0
4643	54	14	9	0
4644	64	16	10	0
4645	64	16	10	0
4646	48	14	9	0
4647	54	16	10	0
4648	45	16	10	0
4649	50	14	9	0
4650	50	14	9	0
4651	36	14	9	0
4652	50	16	10	0
4653	50	16	10	0
4654	50	14	9	0
4655	45	16	10	0
4656	60	16	10	0
4657	45	16	10	0
4658	64	17	11	0
4659	54	18	12	0
4660	64	19	13	0
4661	64	19	13	0
4662	64	19	13	0
4663	64	19	13	0
4664	64	19	13	0
4665	32	19	13	0
4666	28	19	13	0
4667	28	18	12	0
4668	28	18	12	0
4670	8	17	11	0
4671	28	17	11	0
4672	28	17	11	0
4673	36	16	10	0
4674	60	18	12	0
4675	64	18	12	0
4676	50	18	12	0
4677	50	18	12	0
4678	64	17	11	0
4679	64	17	11	0
4680	64	17	11	0
4681	45	16	10	0
4684	64	16	10	0
4685	60	17	11	0
4686	64	17	11	0
4689	64	13	8	0
4690	64	14	9	0
4691	64	14	9	0
4692	64	14	9	0
4693	64	14	9	0
4695	64	17	30	2
4696	54	13	8	0
4697	8	13	8	0
4698	60	14	9	0
4699	64	14	9	0
4700	45	14	9	0
4701	64	14	9	0
4702	64	14	9	0
4703	64	13	8	0
4704	64	13	8	0
4705	60	14	9	0
4706	60	14	9	0
4707	50	13	8	0
4708	45	12	7	0
4709	64	13	8	0
4710	64	13	8	0
4711	64	13	8	0
4712	36	13	8	0
4713	54	14	9	0
4714	64	14	9	0
4715	40	13	8	0
4716	36	14	9	0
4717	32	16	10	0
4718	36	14	9	0
4719	36	14	9	0
4720	36	14	9	0
4721	36	16	10	0
4722	54	16	10	0
4723	64	16	10	0
4724	60	17	11	0
4725	60	16	10	0
4726	64	17	11	0
4727	60	18	12	0
4728	64	19	13	0
4729	64	19	13	0
4730	64	19	13	0
4731	64	19	13	0
4732	64	18	12	0
4733	54	18	12	0
4740	4	0	29	0
4741	48	13	8	0
4742	64	13	8	0
4743	60	13	8	0
4744	64	13	8	0
4765	40	16	10	0
4766	64	16	10	0
4767	54	17	11	0
4768	27	17	11	0
4769	64	17	11	0
4770	40	17	11	0
4771	12	17	11	0
4772	64	18	12	0
4773	60	19	13	0
4774	64	18	12	0
4775	64	17	11	0
4776	64	16	10	0
4777	60	14	9	0
4778	64	14	9	0
4779	64	17	11	0
4780	54	16	10	0
4783	60	14	9	0
4784	64	14	9	0
4785	64	14	9	0
4786	54	16	10	0
4787	54	16	10	0
4788	64	16	10	0
4789	64	16	10	0
4790	64	16	10	0
4791	64	16	10	0
4792	64	16	10	0
4793	64	16	10	0
4794	64	16	10	0
4795	64	16	10	0
4796	50	14	9	0
4797	40	16	10	0
4798	32	16	10	0
4799	50	16	10	0
4800	50	16	10	0
4801	50	16	10	0
4802	20	16	10	0
4803	40	14	9	0
4804	54	14	9	0
4806	1	8	4	0
4808	28	18	12	0
4809	36	18	12	0
4810	36	17	11	0
4811	40	16	10	0
4812	36	17	11	0
4813	36	17	11	0
4815	60	19	13	0
4816	36	18	12	0
4817	36	19	13	0
4818	40	19	13	0
4819	40	19	13	0
4820	12	18	12	0
4821	36	18	12	0
4822	36	19	13	0
4823	36	19	13	0
4824	45	18	12	0
4825	40	19	13	0
4826	5	18	12	0
4827	36	19	13	0
4848	60	17	11	0
4849	64	16	10	0
4850	64	16	10	0
4851	64	16	10	0
4852	60	17	11	0
4853	64	17	11	0
4854	64	17	11	0
4855	48	17	11	0
4856	64	16	10	0
4857	8	16	10	0
4858	64	14	9	0
4859	64	14	9	0
4860	64	14	9	0
4861	64	16	10	0
4862	12	16	10	0
4863	64	16	10	0
4864	64	17	11	0
4865	4	16	10	0
4866	4	17	11	0
4867	32	17	11	0
4868	25	17	11	0
4869	4	17	11	0
4870	20	17	11	0
4871	4	17	11	0
4872	24	17	11	0
4873	12	17	11	0
4874	64	17	11	0
4875	64	17	11	0
4876	16	16	10	0
4877	16	18	12	0
4878	64	19	13	0
4879	64	20	14	0
4880	64	19	13	0
4881	12	19	13	0
4882	60	19	13	0
4883	64	19	13	0
4884	64	19	13	0
4885	64	18	12	0
4886	24	18	12	0
4887	12	18	12	0
4888	20	19	13	0
4889	16	19	13	0
4890	64	19	13	0
4891	16	19	13	0
4892	64	19	13	0
4893	64	19	13	0
4895	20	19	13	0
4896	45	19	13	0
4897	36	19	13	0
4898	36	19	13	0
4899	36	19	13	0
4900	54	19	13	0
4901	64	19	13	0
4902	54	19	13	0
4903	64	19	13	0
4904	64	20	14	0
4905	64	21	15	0
4906	50	21	15	0
4907	60	22	16	0
4908	60	23	17	0
4909	64	22	16	0
4910	60	20	14	0
4911	64	21	15	0
4912	64	20	14	0
4914	50	21	30	2
4916	60	23	30	2
4918	60	20	30	2
4921	64	14	9	0
4922	36	16	10	0
4923	60	14	9	0
4924	36	14	9	0
4926	8	13	8	0
4927	45	14	9	0
4928	64	14	9	0
4929	64	14	9	0
4930	36	14	9	0
4931	64	17	11	0
4932	36	17	11	0
4934	45	18	12	0
4935	64	17	11	0
4936	64	18	12	0
4937	16	17	11	0
4938	36	16	10	0
4939	64	18	12	0
4940	64	17	11	0
4941	64	22	30	2
4942	54	18	12	0
4946	16	14	9	0
4948	64	14	9	0
4949	64	14	9	0
4950	16	13	8	0
4951	64	14	9	0
4952	60	14	9	0
4953	64	14	9	0
4954	12	14	9	0
4955	64	18	30	2
4956	64	17	11	0
4957	30	14	9	0
4958	8	14	9	0
4959	4	14	9	0
4960	4	16	10	0
4961	4	16	10	0
4962	4	16	10	0
4963	12	16	10	0
4964	16	16	10	0
4965	64	16	10	0
4966	16	14	9	0
4967	60	14	9	0
4968	64	14	9	0
4969	64	14	9	0
4970	60	14	9	0
4971	64	13	8	0
4972	64	13	8	0
4973	64	14	9	0
4974	64	16	10	0
4975	64	16	10	0
4976	64	16	10	0
4977	12	16	10	0
4978	64	17	11	0
4979	64	17	11	0
4980	64	17	11	0
4981	64	17	11	0
4982	64	18	12	0
4983	64	18	12	0
4984	64	18	12	0
4985	64	18	12	0
4986	8	19	13	0
4987	60	19	13	0
4988	64	19	13	0
4989	64	19	13	0
4990	64	19	13	0
4991	64	19	13	0
4992	64	19	13	0
4993	60	19	13	0
4994	64	18	12	0
4995	64	18	12	0
4996	64	18	12	0
4997	8	18	12	0
4998	60	19	13	0
4999	60	19	13	0
5000	60	19	13	0
5001	64	19	13	0
5005	36	16	10	0
5006	36	16	10	0
5008	36	14	9	0
5010	36	14	9	0
5011	36	14	9	0
5012	20	14	9	0
5013	48	14	9	0
5014	36	17	11	0
5015	64	17	11	0
5016	27	16	10	0
5017	20	18	12	0
5018	36	18	12	0
5019	36	19	13	0
5020	54	19	13	0
5021	27	19	13	0
5022	28	19	13	0
5023	64	19	13	0
5024	60	19	13	0
5025	60	19	13	0
5026	36	18	30	2
5027	60	18	12	0
5028	60	19	13	0
5029	27	19	30	2
5030	40	17	11	0
5034	15	12	7	0
5035	50	12	7	0
5036	64	13	8	0
5037	54	13	8	0
5038	60	12	7	0
5039	64	13	8	0
5040	64	13	8	0
5041	64	13	8	0
5042	64	13	8	0
5043	64	14	9	0
5044	64	14	9	0
5045	64	14	9	0
5046	64	13	8	0
5047	60	14	9	0
5048	64	14	9	0
5049	64	13	8	0
5050	64	13	8	0
5051	64	13	8	0
5052	50	13	8	0
5053	64	13	8	0
5054	60	14	9	0
5055	64	14	9	0
5056	16	14	9	0
5057	12	13	8	0
5058	64	14	9	0
5059	64	14	9	0
5060	24	14	9	0
5061	12	16	10	0
5062	64	14	9	0
5063	64	14	9	0
5064	16	14	9	0
5065	16	14	9	0
5066	16	17	11	0
5067	18	16	10	0
5068	25	16	10	0
5069	16	16	10	0
5070	16	14	9	0
5071	16	16	10	0
5072	16	16	10	0
5073	16	16	10	0
5074	36	18	12	0
5075	64	17	11	0
5076	64	19	13	0
5077	36	19	13	0
5078	20	19	13	0
5079	36	17	11	0
5080	64	17	11	0
5081	64	17	11	0
5082	36	16	10	0
5083	64	18	12	0
5085	64	16	10	0
5087	4	16	10	0
5088	64	17	11	0
5089	40	16	10	0
5090	64	16	10	0
5092	64	14	9	0
5093	44	13	8	0
5094	60	13	8	0
5095	48	13	8	0
5096	56	12	7	0
5097	32	12	7	0
5098	36	13	8	0
5099	36	13	8	0
5100	36	13	8	0
5101	28	13	8	0
5102	36	14	9	0
5103	36	14	9	0
5104	20	14	9	0
5105	18	14	9	0
5106	24	16	10	0
5107	60	18	12	0
5108	64	18	12	0
5109	64	19	13	0
5110	64	18	12	0
5111	64	19	13	0
5112	50	19	13	0
5113	64	19	13	0
5114	64	20	14	0
5115	64	20	14	0
5118	60	17	11	0
5120	64	14	9	0
5121	56	16	10	0
5122	48	14	9	0
5123	64	14	9	0
5124	64	14	9	0
5125	64	19	30	2
5126	15	13	8	0
5127	60	14	9	0
5128	64	14	9	0
5129	64	14	9	0
5130	28	13	8	0
5131	24	16	10	0
5132	32	16	10	0
5133	32	16	10	0
5134	40	16	10	0
5135	45	16	10	0
5136	45	16	10	0
5137	32	16	10	0
5199	40	13	8	0
5200	40	13	8	0
5201	50	14	9	0
5202	50	14	9	0
5204	10	12	7	0
5205	3	14	9	0
5206	27	13	8	0
5207	18	14	9	0
5208	27	16	10	0
5209	12	17	11	0
5210	20	16	10	0
5212	1	2	1	0
5213	20	16	10	0
5214	25	14	9	0
5215	27	16	10	0
5216	30	17	11	0
5217	8	17	11	0
5218	36	18	12	0
5219	36	18	12	0
5220	40	18	12	0
5221	40	19	13	0
5222	27	19	13	0
5223	45	19	13	0
5224	36	19	13	0
5225	25	19	13	0
5226	45	19	13	0
5227	36	18	12	0
5228	40	18	30	2
5229	40	19	30	2
5230	36	17	11	0
5232	54	17	11	0
5235	60	17	11	0
5236	45	16	10	0
5237	60	14	9	0
5238	36	12	7	0
5239	54	14	9	0
5240	60	14	9	0
5241	60	13	8	0
5242	60	14	9	0
5244	64	13	8	0
5245	60	14	9	0
5246	64	13	8	0
5247	50	14	9	0
5248	64	13	8	0
5249	64	13	8	0
5250	64	13	8	0
5251	64	13	8	0
5252	60	12	7	0
5253	36	11	6	0
5254	64	12	7	0
5255	40	11	6	0
5256	36	11	6	0
5257	32	12	7	0
5258	36	12	7	0
5259	40	13	8	0
5260	18	11	6	0
5261	36	14	9	0
5262	32	14	9	0
5263	40	14	9	0
5264	45	14	9	0
5265	36	16	10	0
5266	36	17	11	0
5267	36	17	11	0
5268	45	17	11	0
5269	64	19	13	0
5270	64	19	13	0
5271	64	19	13	0
5272	60	19	13	0
5273	64	19	13	0
5274	64	19	13	0
5275	64	20	14	0
5276	64	20	14	0
5277	50	20	14	0
5280	64	16	10	0
5281	64	19	30	2
5285	64	13	8	0
5286	64	13	8	0
5287	54	13	8	0
5288	54	13	8	0
5289	60	14	9	0
5290	60	13	8	0
5291	60	13	8	0
5292	64	13	8	0
5293	60	14	9	0
5294	54	14	9	0
5295	36	13	8	0
5296	40	13	8	0
5297	4	11	6	0
5298	36	14	9	0
5299	40	13	8	0
5302	54	14	30	2
5303	50	11	6	0
5304	64	11	6	0
5305	64	11	6	0
5306	54	13	8	0
5307	60	14	9	0
5308	64	16	10	0
5309	60	14	9	0
5310	54	13	8	0
5311	64	12	7	0
5312	4	0	29	0
5313	64	13	8	0
5314	60	13	8	0
5315	60	13	8	0
5316	64	13	8	0
5317	60	13	8	0
5318	40	13	8	0
5319	64	13	8	0
5320	64	13	8	0
5321	64	16	10	0
5322	64	14	9	0
5323	64	14	9	0
5324	64	14	9	0
5325	60	13	30	2
5369	64	11	6	0
5370	64	11	6	0
5371	60	12	7	0
5372	64	12	7	0
5373	64	13	8	0
5374	30	11	6	0
5375	40	11	6	0
5376	60	10	5	0
5377	60	10	5	0
5378	64	10	5	0
5379	64	10	5	0
5380	64	11	6	0
5381	64	11	6	0
5382	40	11	6	0
5383	36	11	6	0
5384	36	11	6	0
5385	36	12	7	0
5386	36	12	7	0
5387	32	12	7	0
5388	36	12	7	0
5389	32	12	7	0
5390	36	11	6	0
5391	36	11	6	0
5392	45	12	7	0
5393	45	13	8	0
5394	36	14	9	0
5395	45	16	10	0
5396	45	16	10	0
5397	5	16	10	0
5398	20	16	10	0
5399	64	17	11	0
5400	64	18	12	0
5401	56	18	12	0
5402	64	17	11	0
5403	64	17	11	0
5404	60	18	12	0
5405	64	18	12	0
5406	64	14	9	0
5407	60	17	11	0
5409	60	14	9	0
5410	64	14	9	0
5411	60	13	8	0
5412	64	13	8	0
5413	64	13	8	0
5414	64	13	8	0
5415	64	13	8	0
5416	64	13	8	0
5417	50	12	7	0
5418	60	13	8	0
5419	64	13	8	0
5420	60	14	9	0
5421	64	13	8	0
5422	60	13	8	0
5423	64	13	8	0
5424	60	13	8	0
5425	36	13	8	0
5426	36	13	8	0
5427	4	11	6	0
5428	36	13	8	0
5433	64	10	5	0
5434	36	10	5	0
5435	32	12	7	0
5436	18	12	7	0
5437	40	11	6	0
5438	64	10	5	0
5439	64	10	5	0
5440	64	8	4	0
5441	64	8	4	0
5442	64	8	4	0
5443	64	10	5	0
5445	40	11	30	2
5446	54	8	4	0
5447	54	6	3	0
5448	60	6	3	0
5449	60	6	3	0
5450	64	6	3	0
5451	64	6	3	0
5452	54	8	4	0
5453	60	8	4	0
5454	64	8	4	0
5455	64	8	4	0
5456	64	8	4	0
5457	45	8	4	0
5458	54	10	5	0
5459	64	10	5	0
5460	64	10	5	0
5461	64	10	5	0
5462	64	10	5	0
5463	64	10	5	0
5464	64	10	5	0
5465	36	10	5	0
5466	36	11	6	0
5467	36	10	5	0
5468	36	11	6	0
5469	36	11	6	0
5470	32	11	6	0
5471	40	11	6	0
5472	40	11	6	0
5473	36	11	6	0
5474	40	11	6	0
5475	40	13	8	0
5476	27	14	9	0
5477	50	14	9	0
5478	64	14	9	0
5479	64	12	7	0
5480	54	12	7	0
5481	48	13	8	0
5482	64	11	6	0
5483	45	11	6	0
5484	60	13	8	0
5485	64	14	9	0
5486	60	14	9	0
5487	60	13	8	0
5488	36	11	6	0
5490	54	10	5	0
5491	40	10	5	0
5492	36	10	5	0
5495	36	8	4	0
5496	30	8	4	0
5497	16	8	4	0
5498	60	8	4	0
5499	50	8	4	0
5500	54	8	4	0
5501	45	8	4	0
5502	54	8	4	0
5503	64	8	4	0
5504	64	8	4	0
5505	64	10	5	0
5506	60	11	6	0
5507	48	11	6	0
5508	64	10	5	0
5509	64	10	5	0
5510	64	10	5	0
5511	64	10	5	0
5512	64	10	5	0
5513	64	10	5	0
5534	50	14	9	0
5535	60	16	10	0
5536	64	17	11	0
5537	54	16	10	0
5538	64	17	11	0
5539	64	18	12	0
5540	64	18	12	0
5541	64	18	12	0
5542	54	18	12	0
5543	9	17	11	0
5545	64	14	9	0
5546	64	14	9	0
5549	64	12	7	0
5550	64	12	7	0
5551	64	13	8	0
5552	54	13	8	0
5553	64	13	8	0
5554	64	13	8	0
5555	64	18	30	2
5556	64	13	8	0
5557	54	13	8	0
5558	60	13	8	0
5559	64	13	8	0
5560	40	13	8	0
5561	36	13	8	0
5562	36	13	8	0
5563	36	13	8	0
5564	48	12	7	0
5565	64	12	7	0
5567	54	13	8	0
5568	64	13	8	0
5569	64	14	9	0
5570	64	16	10	0
5571	64	17	11	0
5572	64	17	11	0
5573	64	17	11	0
5574	64	17	11	0
5575	60	17	11	0
5576	64	16	10	0
5577	54	14	9	0
5578	64	14	9	0
5579	64	14	9	0
5580	64	14	9	0
5581	60	14	9	0
5582	64	14	9	0
5584	54	13	8	0
5585	60	14	9	0
5587	48	14	9	0
5588	64	14	9	0
5589	64	14	9	0
5590	64	14	9	0
5591	64	14	9	0
5592	64	14	9	0
5593	64	14	9	0
5594	54	14	9	0
5595	36	14	9	0
5596	36	16	10	0
5597	8	16	10	0
5598	36	14	9	0
5599	36	14	9	0
5600	36	13	8	0
5601	36	13	8	0
5602	64	13	8	0
5603	64	13	8	0
5604	64	13	8	0
5605	50	13	8	0
5606	64	13	8	0
5607	60	14	9	0
5608	64	14	9	0
5609	64	16	10	0
5610	64	16	10	0
5611	64	16	10	0
5612	64	14	9	0
5613	60	14	9	0
5614	60	14	9	0
5615	64	13	8	0
5616	64	13	8	0
5617	60	13	8	0
5618	64	13	8	0
5620	64	12	7	0
5621	64	12	7	0
5622	64	12	7	0
5623	64	13	8	0
5624	64	13	8	0
5625	64	13	8	0
5626	64	13	8	0
5627	60	13	8	0
5628	60	14	9	0
5629	64	14	9	0
5630	64	14	9	0
5631	64	14	9	0
5632	64	14	9	0
5633	64	14	9	0
5634	64	14	9	0
5635	64	16	10	0
5636	64	16	10	0
5637	25	16	10	0
5638	64	16	10	0
5639	64	16	10	0
5640	64	16	10	0
5641	64	16	10	0
5642	64	16	10	0
5643	64	16	10	0
5644	64	16	10	0
5645	40	16	10	0
5646	36	18	12	0
5647	27	17	11	0
5648	36	17	11	0
5649	36	17	11	0
5650	36	17	11	0
5651	36	17	11	0
5652	20	16	10	0
5653	54	17	11	0
5654	64	18	12	0
5655	64	19	13	0
5656	64	20	14	0
5720	36	18	12	0
5722	40	17	11	0
5723	36	17	11	0
5724	32	17	11	0
5725	40	16	10	0
5726	36	16	10	0
5727	16	18	12	0
5728	20	17	11	0
5729	27	18	12	0
5730	32	19	13	0
5731	32	19	13	0
5732	32	19	13	0
5733	27	18	12	0
5734	27	18	12	0
5735	27	19	13	0
5736	15	17	11	0
5739	8	13	8	0
5741	4	0	29	0
5744	44	11	6	0
5745	36	13	8	0
5746	40	12	7	0
5747	16	11	6	0
5748	4	12	7	0
5749	25	11	6	0
5750	10	12	7	0
5751	16	12	7	0
5752	54	11	6	0
5753	40	12	7	0
5754	40	13	8	0
5755	40	14	9	0
5756	40	12	7	0
5757	24	12	7	0
5758	28	13	8	0
5759	32	12	7	0
5760	36	13	8	0
5761	36	14	9	0
5762	36	16	10	0
5763	36	16	10	0
5764	36	16	10	0
5765	48	16	10	0
5766	44	18	12	0
5767	36	17	11	0
5768	36	17	11	0
5769	44	17	11	0
5770	44	17	11	0
5771	44	17	11	0
5772	44	17	11	0
5773	44	17	11	0
5774	44	17	11	0
5775	40	16	10	0
5776	44	17	11	0
5777	24	18	12	0
5778	50	18	12	0
5779	54	18	12	0
5780	48	18	12	0
5781	40	18	12	0
5782	50	18	12	0
5783	50	17	11	0
5784	48	17	11	0
5785	8	17	11	0
5786	6	16	10	0
5787	54	18	30	2
5788	30	14	9	0
5792	4	8	4	0
5793	40	12	7	0
5794	36	10	5	0
5795	4	10	5	0
5796	16	10	5	0
5797	16	12	7	0
5798	8	11	6	0
5799	45	13	8	0
5800	60	14	9	0
5801	54	16	10	0
5802	54	17	11	0
5803	50	17	11	0
5804	48	17	11	0
5805	40	17	11	0
5806	54	16	10	0
5807	45	17	11	0
5808	54	17	11	0
5809	60	16	10	0
5810	48	14	9	0
5811	48	14	9	0
5812	50	16	10	0
5813	50	14	9	0
5814	50	16	10	0
5815	45	17	30	2
5816	50	14	9	0
5817	60	16	30	2
5818	50	13	8	0
5819	36	14	9	0
5820	50	16	10	0
5821	54	16	10	0
5822	50	16	10	0
5823	50	16	10	0
5824	54	16	10	0
5825	8	16	10	0
5826	40	14	9	0
5827	27	16	10	0
5828	32	17	11	0
5829	32	17	11	0
5830	12	16	10	0
5831	54	17	11	0
5832	64	17	11	0
5833	64	17	11	0
5834	64	18	12	0
5835	64	18	12	0
5836	60	17	11	0
5837	45	16	10	0
5838	20	14	9	0
5839	64	16	10	0
5840	64	16	10	0
5841	64	16	10	0
5842	64	16	10	0
5843	64	16	10	0
5844	64	16	10	0
5845	64	16	10	0
5846	64	16	10	0
5847	60	17	11	0
5848	64	16	10	0
5849	64	16	10	0
5850	64	16	10	0
5851	64	16	10	0
5852	45	14	9	0
5853	64	14	9	0
5854	64	16	10	0
5855	64	14	9	0
5856	64	16	10	0
5857	50	16	10	0
5858	64	16	10	0
5859	64	16	10	0
5860	40	16	10	0
5861	50	17	11	0
5862	50	16	10	0
5863	50	16	10	0
5864	50	16	10	0
5865	48	16	10	0
5866	48	16	10	0
